Master_Incident_Number,Response_Date,WeekNo,DOW,Day,Hour,Shift,Day_Night,ShiftPart,Agency,Problem,Priority_Number,Call_Reception,Call_Taker,Dispatcher,Incident_Start_Time,TimeCallViewed,Incident_Queue_Time,Time_To_Queue,Elapsed_PS_Queue,Time_To_Queue_Diff,Incident_Dispatch_Time,Time_To_Dispatch,Elapsed_Queue_Disp,Time_To_Disp_Diff,Incident_Phone_Stop,Phone_Time,Elapsed_PS_CTD,Phone_Time_Diff,TimeFirstUnitDispatchAcknowledged,Processing_Time,Elapsed_Processing,Diff_Proc_Time,Incident_Enroute_Time,Rollout_Time,Elapsed_Rollout,Diff_Rollout_Time,Incident_Arrival_Time,Transit_Time,Elapsed_Transit,Diff_Transit_Time,TimeFirstCallCleared,Incident_First_Close_Time,Call_Reopened,First_Reopen_Time,Final_Closed_Time,Total_Call_Time,Elapsed_Call_Time,Diff_Total_Call_Time,Disposition
26-005756,2026-03-08 00:05:17.000,11,SUN,8,0,C,NIGHT,MIDS,EMS,UNKNOWN MEDICAL ALS 1,1,Phone,"ANDERSON, MARILYN",Automatic Dispatch,2026-03-08 00:05:17.000,2026-03-08 00:05:42.000,2026-03-08 00:05:17.000,0,NULL,0,2026-03-08 00:05:20.130,3,3,0,2026-03-08 00:05:17.000,0,0,0,2026-03-08 00:06:27.740,3,3,0,2026-03-08 00:06:27.740,67,67,0,2026-03-08 00:08:26.987,119,119,0,2026-03-08 00:14:55.690,2026-03-08 00:22:26.790,0,NULL,2026-03-08 00:22:27.087,1029,1029,0,UNDEFINED
26-017656,2026-03-08 00:14:21.000,11,SUN,8,0,C,NIGHT,MIDS,POLICE,DOMESTIC VIOL NO INJ,2,E-911,"MCLEOD, DOUGLAS","LEWIS, LESLIE",2026-03-08 00:14:20.000,2026-03-08 00:15:16.000,2026-03-08 00:15:11.000,51,50,1,2026-03-08 00:16:41.543,90,90,0,2026-03-08 00:16:29.000,129,128,1,2026-03-08 00:16:49.060,141,141,0,2026-03-08 00:16:49.060,8,7,1,2026-03-08 00:19:44.543,175,175,0,2026-03-08 00:31:12.677,2026-03-08 00:49:44.507,0,NULL,2026-03-08 00:49:44.570,2124,2124,0,NR-No Report
26-017657,2026-03-08 00:15:53.000,11,SUN,8,0,C,NIGHT,MIDS,POLICE,DISORDERLY CONDUCT,2,E-911,"WATSON, JOANNE","LEWIS, LESLIE",2026-03-08 00:15:52.000,2026-03-08 00:17:50.000,2026-03-08 00:17:35.000,103,102,1,2026-03-08 00:23:58.367,383,383,0,2026-03-08 00:17:44.000,112,111,1,2026-03-08 00:23:59.827,486,486,0,2026-03-08 00:23:59.827,1,1,0,2026-03-08 00:24:00.937,1,1,0,2026-03-08 00:24:03.000,2026-03-08 00:24:03.000,0,NULL,2026-03-08 00:24:03.017,491,490,1,NR-No Report
26-017658,2026-03-08 00:24:40.000,11,SUN,8,0,C,NIGHT,MIDS,POLICE,MENTAL HEALTH CASE,2,E-911,"WATSON, JOANNE","LEWIS, LESLIE",2026-03-08 00:24:40.000,2026-03-08 00:27:16.000,2026-03-08 00:27:11.000,151,151,0,2026-03-08 00:29:28.073,137,137,0,2026-03-08 00:29:20.000,280,280,0,2026-03-08 00:29:30.600,288,288,0,2026-03-08 00:29:30.600,2,2,0,2026-03-08 00:40:18.747,648,648,0,2026-03-08 00:31:10.943,2026-03-08 01:39:49.460,0,NULL,2026-03-08 01:39:49.520,4509,4509,0,NR-No Report
26-017659,2026-03-08 00:31:44.000,11,SUN,8,0,C,NIGHT,MIDS,POLICE,MVC HIT/RUN NO INJURY,2,E-911,"DOGAN, KYLAH",NULL,2026-03-08 00:31:43.000,2026-03-08 00:34:11.000,2026-03-08 00:33:10.000,87,86,1,2026-03-08 01:14:24.027,2474,2474,0,2026-03-08 00:36:55.000,312,311,1,2026-03-08 01:14:46.343,2561,2561,0,2026-03-08 01:14:46.343,22,22,0,2026-03-08 01:21:25.000,399,398,1,2026-03-08 07:01:04.770,2026-03-08 07:01:04.770,0,NULL,2026-03-08 07:01:04.807,23361,23361,0,RE-Report
26-005757,2026-03-08 00:40:56.000,11,SUN,8,0,C,NIGHT,MIDS,FIRE,FIRE ALARM,3,E-911,"WATSON, JOANNE",Automatic Dispatch,2026-03-08 00:40:56.000,2026-03-08 00:42:07.000,2026-03-08 00:41:31.000,35,35,0,2026-03-08 00:41:33.907,2,2,0,2026-03-08 00:42:07.000,71,71,0,2026-03-08 00:43:17.073,37,37,0,2026-03-08 00:43:17.073,104,103,1,2026-03-08 00:49:26.940,369,369,0,2026-03-08 01:03:30.817,2026-03-08 01:03:30.817,0,NULL,2026-03-08 01:03:31.387,1354,1354,0,UNDEFINED
26-017661,2026-03-08 00:43:32.000,11,SUN,8,0,C,NIGHT,MIDS,POLICE,DWI - DRUNK/INTOX DRIVER,2,OFFICER,"LEWIS, LESLIE",NULL,2026-03-08 00:43:32.000,2026-03-08 00:44:01.893,2026-03-08 00:43:32.000,0,0,0,2026-03-08 00:43:32.000,0,0,0,2026-03-08 00:43:32.000,0,0,0,2026-03-08 00:43:52.033,0,0,0,2026-03-08 00:43:32.000,0,0,0,2026-03-08 00:43:32.000,0,0,0,2026-03-08 01:43:26.897,2026-03-08 09:01:51.620,0,NULL,2026-03-08 09:01:51.620,29899,29899,0,RE-Report
26-017662,2026-03-08 00:51:07.000,11,SUN,8,0,C,NIGHT,MIDS,POLICE,POLICE INFORMATION,4,OFFICER,"LEWIS, LESLIE",NULL,2026-03-08 00:51:06.000,2026-03-08 01:07:27.000,2026-03-08 00:51:30.000,24,23,1,2026-03-08 05:25:48.847,16458,16458,0,2026-03-08 00:51:42.000,36,35,1,2026-03-08 05:25:48.847,16482,16482,0,2026-03-08 05:25:48.847,0,-9999,9999,NULL,NULL,-9999,NULL,2026-03-08 05:26:03.020,2026-03-08 05:26:03.020,0,NULL,2026-03-08 05:26:03.313,16497,16497,0,RE-Report
26-005758,2026-03-08 01:01:40.053,11,SUN,8,1,C,NIGHT,MIDS,EMS,BLS EMERGENCY,3,Phone,"LEWIS, LESLIE",Automatic Dispatch,2026-03-08 01:01:40.053,2026-03-08 01:01:57.000,2026-03-08 01:01:40.053,0,1,-1,2026-03-08 01:01:42.753,2,2,0,2026-03-08 01:01:40.053,0,NULL,0,2026-03-08 01:04:06.603,2,2,0,2026-03-08 01:04:06.603,144,143,1,2026-03-08 01:08:17.547,251,250,1,2026-03-08 03:16:41.793,2026-03-08 03:16:41.793,0,NULL,2026-03-08 03:16:41.890,8101,8101,0,UNDEFINED
26-005759,2026-03-08 01:11:45.000,11,SUN,8,1,C,NIGHT,MIDS,FIRE,FIRE ALARM,3,Phone,"WATSON, JOANNE",Automatic Dispatch,2026-03-08 01:11:44.000,2026-03-08 01:15:00.000,2026-03-08 01:13:00.000,76,75,1,2026-03-08 01:13:03.833,3,3,0,2026-03-08 01:13:02.000,78,77,1,2026-03-08 01:14:32.687,79,79,0,2026-03-08 01:14:32.687,89,88,1,2026-03-08 01:16:06.430,94,93,1,2026-03-08 01:25:59.810,2026-03-08 01:25:59.810,0,NULL,2026-03-08 01:25:59.937,855,855,0,UNDEFINED
26-005760,2026-03-08 01:15:14.867,11,SUN,8,1,C,NIGHT,MIDS,EMS,MUTUAL ALS,1,C2C,CAD to CAD Service 1,CAD to CAD Service 1,2026-03-08 01:14:23.000,NULL,2026-03-08 01:15:16.023,53,0,53,2026-03-08 01:15:16.587,0,0,0,NULL,NULL,NULL,NULL,2026-03-08 01:17:05.263,53,-9999,10052,2026-03-08 01:17:05.263,109,108,1,2026-03-08 01:21:52.623,287,287,0,2026-03-08 01:34:45.630,2026-03-08 01:34:45.630,0,NULL,2026-03-08 01:34:45.633,1222,1222,0,UNDEFINED
26-017664,2026-03-08 01:32:16.000,11,SUN,8,1,C,NIGHT,MIDS,POLICE,PUBLIC SERVICE MULTI OFFICER,2,E-911,"WATSON, JOANNE","WATSON, JOANNE",2026-03-08 01:32:16.000,2026-03-08 01:34:29.000,2026-03-08 01:33:36.000,80,80,0,2026-03-08 03:08:18.460,5682,5682,0,2026-03-08 01:34:08.000,112,112,0,2026-03-08 03:08:18.563,5762,5762,0,2026-03-08 03:08:18.563,0,0,0,2026-03-08 03:08:18.633,0,0,0,2026-03-08 08:08:57.613,2026-03-08 08:08:57.613,0,NULL,2026-03-08 08:08:57.657,23801,23801,0,NR-No Report
26-005761,2026-03-08 01:37:03.000,11,SUN,8,1,C,NIGHT,MIDS,FIRE,ODOR OF SMOKE RESIDENTIAL,1,Phone,"MCLEOD, DOUGLAS",Automatic Dispatch,2026-03-08 01:37:00.000,2026-03-08 01:38:22.000,2026-03-08 01:37:45.000,45,42,3,2026-03-08 01:37:48.117,3,3,0,2026-03-08 01:39:07.000,127,124,3,2026-03-08 01:39:08.313,48,48,0,2026-03-08 01:39:08.313,80,80,0,2026-03-08 01:43:00.237,232,231,1,2026-03-08 01:38:28.880,2026-03-08 03:16:15.640,0,NULL,2026-03-08 03:16:15.750,5955,5955,0,UNDEFINED
26-017667,2026-03-08 01:41:43.000,11,SUN,8,1,C,NIGHT,MIDS,POLICE,DISORDERLY CONDUCT,2,E-911,"WATSON, JOANNE",NULL,2026-03-08 01:41:43.000,2026-03-08 01:45:57.000,2026-03-08 01:42:51.000,68,68,0,2026-03-08 01:48:18.010,327,327,0,2026-03-08 01:42:51.000,68,NULL,68,2026-03-08 01:48:21.030,395,395,0,2026-03-08 01:48:21.030,3,3,0,2026-03-08 01:58:30.770,609,609,0,2026-03-08 03:31:00.280,2026-03-08 03:32:36.110,0,NULL,2026-03-08 03:32:36.193,6653,6653,0,NR-No Report
26-017668,2026-03-08 01:44:19.000,11,SUN,8,1,C,NIGHT,MIDS,POLICE,TRAFFIC STOP,2,OFFICER,"DOGAN, KYLAH","DOGAN, KYLAH",2026-03-08 01:44:19.000,NULL,2026-03-08 01:44:19.000,0,0,0,2026-03-08 01:44:19.000,0,0,0,2026-03-08 01:44:19.000,0,0,0,2026-03-08 01:44:27.483,0,0,0,2026-03-08 01:44:19.000,0,0,0,2026-03-08 01:44:19.000,0,0,0,2026-03-08 01:51:14.240,2026-03-08 03:03:12.490,0,NULL,2026-03-08 03:03:12.610,4733,4733,0,NR-No Report
26-017669,2026-03-08 01:48:43.000,11,SUN,8,1,C,NIGHT,MIDS,POLICE,NOISE COMPLAINT DELAY,4,Phone,"ANDERSON, MARILYN","LEWIS, LESLIE",2026-03-08 01:48:41.000,2026-03-08 01:58:25.000,2026-03-08 01:49:13.000,32,30,2,2026-03-08 03:33:52.733,6279,6279,0,2026-03-08 01:49:47.000,66,64,2,2026-03-08 03:33:57.193,6311,6311,0,2026-03-08 03:33:57.193,5,4,1,2026-03-08 03:40:18.970,381,381,0,2026-03-08 03:48:57.420,2026-03-08 03:49:18.517,0,NULL,2026-03-08 03:49:18.567,7237,7237,0,NR-No Report
26-017670,2026-03-08 01:51:16.000,11,SUN,8,1,C,NIGHT,MIDS,POLICE,DIP - DRUNK/INTOX PERSON,2,E-911,"MCLEOD, DOUGLAS",NULL,2026-03-08 01:51:15.000,2026-03-08 01:52:45.000,2026-03-08 01:52:22.000,67,66,1,2026-03-08 01:59:33.073,431,431,0,2026-03-08 01:53:37.000,142,141,1,2026-03-08 01:59:33.183,498,498,0,2026-03-08 01:59:33.183,0,0,0,2026-03-08 03:05:43.093,3970,3969,1,2026-03-08 03:19:13.257,2026-03-08 04:14:09.100,0,NULL,2026-03-08 04:14:09.147,8574,8574,0,NR-No Report
26-005762,2026-03-08 01:52:36.883,11,SUN,8,1,C,NIGHT,MIDS,EMS,TRAUMATIC INJURIES ALS 1,1,Phone,"MCLEOD, DOUGLAS",Automatic Dispatch,2026-03-08 01:52:36.883,2026-03-08 01:52:46.000,2026-03-08 01:52:36.883,0,0,0,2026-03-08 01:52:39.120,3,2,1,2026-03-08 01:52:36.883,0,NULL,0,2026-03-08 01:53:53.387,3,2,1,2026-03-08 01:53:53.387,74,74,0,NULL,NULL,-9999,NULL,2026-03-08 01:58:12.220,2026-03-08 03:10:26.320,0,NULL,2026-03-08 03:10:26.627,4670,4669,1,UNDEFINED
26-017671,2026-03-08 01:55:42.000,11,SUN,8,1,C,NIGHT,MIDS,POLICE,DOMESTIC VIOL NO INJ,2,E-911,"WATSON, JOANNE","LEWIS, LESLIE",2026-03-08 01:55:42.000,2026-03-08 01:58:08.000,2026-03-08 01:56:35.000,53,53,0,2026-03-08 04:15:33.120,8338,8338,0,2026-03-08 01:58:26.000,164,164,0,2026-03-08 04:15:38.083,8391,8391,0,2026-03-08 04:15:38.083,5,4,1,2026-03-08 04:28:05.973,747,747,0,2026-03-08 04:36:03.263,2026-03-08 04:36:20.083,0,NULL,2026-03-08 04:36:20.133,9638,9638,0,NR-No Report
26-005763,2026-03-08 01:59:02.000,11,SUN,8,1,C,NIGHT,MIDS,EMS,TROUBLE BREATHING ALS 1,1,E-911,"ANDERSON, MARILYN",Automatic Dispatch,2026-03-08 01:59:02.000,2026-03-08 03:00:48.000,2026-03-08 03:00:08.000,3666,3666,0,2026-03-08 03:00:11.207,3,3,0,2026-03-08 03:02:49.000,3827,3827,0,2026-03-08 03:00:26.570,3669,3669,0,2026-03-08 03:00:26.570,15,15,0,2026-03-08 03:02:22.600,116,116,0,2026-03-08 03:19:15.993,2026-03-08 03:20:19.243,0,NULL,2026-03-08 03:20:19.373,4877,4877,0,UNDEFINED
26-017674,2026-03-08 03:17:04.000,11,SUN,8,3,C,NIGHT,LATE,POLICE,SUICIDE IN PROG NO INJ,1,E-911,"MCLEOD, DOUGLAS",NULL,2026-03-08 03:17:03.000,2026-03-08 03:18:12.000,2026-03-08 03:18:08.000,65,64,1,2026-03-08 03:19:06.150,58,58,0,2026-03-08 03:23:06.000,363,362,1,2026-03-08 03:19:11.707,123,123,0,2026-03-08 03:19:11.707,5,5,0,2026-03-08 03:20:40.340,89,88,1,2026-03-08 03:19:55.010,2026-03-08 07:02:07.423,0,NULL,2026-03-08 07:02:07.440,13504,13504,0,NR-No Report
26-005764,2026-03-08 03:21:39.897,11,SUN,8,3,C,NIGHT,LATE,EMS,PSYCHIATRIC EMERGENCY ALS 1,2,Phone,"LEWIS, LESLIE",Automatic Dispatch,2026-03-08 03:21:39.897,2026-03-08 03:22:47.000,2026-03-08 03:21:39.897,0,0,0,2026-03-08 03:21:42.327,3,2,1,2026-03-08 03:21:39.897,0,NULL,0,2026-03-08 03:23:18.440,3,2,1,2026-03-08 03:23:18.440,96,96,0,NULL,NULL,-9999,NULL,2026-03-08 03:28:19.130,2026-03-08 03:29:56.833,0,NULL,2026-03-08 03:29:56.923,497,496,1,UNDEFINED
26-005765,2026-03-08 03:23:38.000,11,SUN,8,3,C,NIGHT,LATE,EMS,CARDIAC ARREST ALS 2- SUPV,1,E-911,"MCLEOD, DOUGLAS","MESARIS, MATTHEW",2026-03-08 03:23:38.000,2026-03-08 03:25:22.000,2026-03-08 03:24:27.000,49,49,0,2026-03-08 03:24:31.203,4,4,0,2026-03-08 03:28:21.000,283,283,0,2026-03-08 03:25:54.853,53,53,0,2026-03-08 03:25:54.853,83,83,0,2026-03-08 03:28:57.893,183,183,0,2026-03-08 03:30:02.310,2026-03-08 05:29:59.000,0,NULL,2026-03-08 05:29:59.140,7581,7580,1,UNDEFINED
26-017675,2026-03-08 03:24:59.000,11,SUN,8,3,C,NIGHT,LATE,POLICE,GLA IN PROG,2,E-911,"SMITH, TERESA","LEWIS, LESLIE",2026-03-08 03:24:58.000,2026-03-08 03:25:57.000,2026-03-08 03:25:28.000,30,29,1,2026-03-08 03:29:16.520,228,228,0,2026-03-08 03:32:36.000,458,457,1,2026-03-08 03:30:27.307,258,258,0,2026-03-08 03:30:27.307,71,70,1,2026-03-08 03:36:24.250,357,356,1,2026-03-08 05:41:49.840,2026-03-08 05:41:49.840,0,NULL,2026-03-08 05:41:49.900,8211,8211,0,RE-Report
26-017676,2026-03-08 03:29:25.000,11,SUN,8,3,C,NIGHT,LATE,POLICE,ASSIST FIRE - EMERGENCY,1,Phone,"MCLEOD, DOUGLAS",NULL,2026-03-08 03:29:25.000,2026-03-08 03:29:41.000,2026-03-08 03:29:25.000,0,NULL,0,2026-03-08 03:29:29.857,4,4,0,2026-03-08 03:29:25.000,0,0,0,2026-03-08 03:29:35.433,4,4,0,2026-03-08 03:29:35.433,6,5,1,2026-03-08 03:32:41.287,186,185,1,2026-03-08 03:33:33.433,2026-03-08 07:54:10.367,0,NULL,2026-03-08 07:54:10.610,15885,15885,0,RE-Report
26-005766,2026-03-08 03:31:06.763,11,SUN,8,3,C,NIGHT,LATE,FIRE,FIRE ALARM,3,Phone,"SMITH, TERESA",Automatic Dispatch,2026-03-08 03:31:06.763,2026-03-08 03:31:19.000,2026-03-08 03:31:06.763,0,0,0,2026-03-08 03:31:09.220,3,2,1,2026-03-08 03:31:06.763,0,NULL,0,2026-03-08 03:31:31.223,3,2,1,2026-03-08 03:31:31.223,22,22,0,2026-03-08 03:34:06.177,155,154,1,2026-03-08 03:54:59.677,2026-03-08 03:54:59.677,0,NULL,2026-03-08 03:54:59.843,1433,1432,1,UNDEFINED
26-017679,2026-03-08 03:43:38.000,11,SUN,8,3,C,NIGHT,LATE,POLICE,TROUBLE UNKNOWN NO EMS,2,E-911,"SMITH, TERESA","LEWIS, LESLIE",2026-03-08 03:43:37.000,2026-03-08 03:46:06.000,2026-03-08 03:45:58.000,141,140,1,2026-03-08 03:49:23.537,205,205,0,2026-03-08 03:51:03.000,446,445,1,2026-03-08 03:49:29.383,346,346,0,2026-03-08 03:49:29.383,6,5,1,2026-03-08 03:51:11.660,102,102,0,2026-03-08 04:12:25.703,2026-03-08 04:13:54.453,0,NULL,2026-03-08 04:13:54.553,1817,1817,0,NR-No Report
26-005767,2026-03-08 03:50:06.000,11,SUN,8,3,C,NIGHT,LATE,EMS,ALTERED LOC ALS 1,1,E-911,"MCLEOD, DOUGLAS",Automatic Dispatch,2026-03-08 03:50:06.000,2026-03-08 03:51:14.000,2026-03-08 03:51:00.000,54,54,0,2026-03-08 03:51:03.117,3,3,0,2026-03-08 03:52:26.000,140,140,0,2026-03-08 03:52:28.590,57,57,0,2026-03-08 03:52:28.590,85,85,0,2026-03-08 03:56:26.873,238,238,0,2026-03-08 04:08:17.670,2026-03-08 04:09:53.137,0,NULL,2026-03-08 04:09:53.250,1187,1187,0,UNDEFINED
26-017680,2026-03-08 04:23:27.000,11,SUN,8,4,C,NIGHT,LATE,POLICE,POLICE INFORMATION,4,E-911,"WATSON, JOANNE",NULL,2026-03-08 04:23:27.000,2026-03-08 04:24:47.000,2026-03-08 04:24:35.000,68,68,0,2026-03-08 04:36:27.883,712,712,0,2026-03-08 04:25:20.000,113,113,0,2026-03-08 04:36:30.177,780,780,0,2026-03-08 04:36:30.177,3,2,1,2026-03-08 04:42:51.397,381,381,0,2026-03-08 05:53:13.073,2026-03-08 08:11:47.703,0,NULL,2026-03-08 08:11:47.710,13700,13700,0,NR-No Report
26-017684,2026-03-08 04:39:43.000,11,SUN,8,4,C,NIGHT,LATE,POLICE,SUICIDE IN PROG NO INJ,1,E-911,"MCLEOD, DOUGLAS","LEWIS, LESLIE",2026-03-08 04:39:43.000,2026-03-08 04:40:47.000,2026-03-08 04:40:40.000,57,57,0,2026-03-08 04:46:13.533,333,333,0,2026-03-08 04:42:21.000,158,158,0,2026-03-08 04:46:15.530,390,390,0,2026-03-08 04:46:15.530,2,1,1,2026-03-08 04:49:49.230,214,213,1,2026-03-08 05:25:16.420,2026-03-08 06:23:53.827,0,NULL,2026-03-08 06:23:53.873,6250,6250,0,NR-No Report
26-005768,2026-03-08 04:57:40.623,11,SUN,8,4,C,NIGHT,LATE,FIRE,PUBLIC SERVICE FIRE,4,Phone,"LEWIS, LESLIE",Automatic Dispatch,2026-03-08 04:57:40.623,2026-03-08 04:58:32.000,2026-03-08 04:57:40.623,0,0,0,2026-03-08 04:57:44.037,4,3,1,2026-03-08 04:57:40.623,0,NULL,0,2026-03-08 04:59:03.873,4,3,1,2026-03-08 04:59:03.873,79,79,0,2026-03-08 05:04:52.257,349,348,1,2026-03-08 05:13:31.260,2026-03-08 05:13:31.260,0,NULL,2026-03-08 05:13:31.487,951,950,1,UNDEFINED
26-005769,2026-03-08 05:02:23.000,11,SUN,8,5,C,NIGHT,LATE,EMS,TROUBLE BREATHING ALS 1,1,E-911,"MCLEOD, DOUGLAS",Automatic Dispatch,2026-03-08 05:02:22.000,2026-03-08 05:03:32.000,2026-03-08 05:02:59.000,37,36,1,2026-03-08 05:03:02.660,3,3,0,2026-03-08 05:04:14.000,112,111,1,2026-03-08 05:04:41.037,40,40,0,2026-03-08 05:04:41.037,99,98,1,2026-03-08 05:07:42.937,181,181,0,2026-03-08 05:17:19.530,2026-03-08 06:00:43.447,0,NULL,2026-03-08 06:00:43.523,3501,3501,0,UNDEFINED
26-017685,2026-03-08 05:26:08.000,11,SUN,8,5,C,NIGHT,LATE,POLICE,MVC HIT/RUN NO INJ DELAY,4,E-911,"MESARIS, MATTHEW",NULL,2026-03-08 05:26:07.000,2026-03-08 05:48:19.000,2026-03-08 05:28:51.000,164,163,1,2026-03-08 05:53:23.350,1472,1472,0,2026-03-08 05:41:03.000,896,895,1,2026-03-08 05:53:23.350,1636,1636,0,2026-03-08 05:53:23.350,0,-9999,9999,NULL,NULL,-9999,NULL,2026-03-08 05:53:37.367,2026-03-08 05:53:37.367,0,NULL,2026-03-08 05:53:37.427,1650,1650,0,NR-No Report
26-017688,2026-03-08 05:37:03.000,11,SUN,8,5,C,NIGHT,LATE,POLICE,MISSING PERSON IMMEDIATE,2,E-911,"MESARIS, MATTHEW","BONSU, VALERIE",2026-03-08 05:37:03.000,2026-03-08 05:46:20.000,2026-03-08 05:46:06.000,543,543,0,2026-03-08 06:31:08.833,2702,2702,0,2026-03-08 05:46:27.000,564,564,0,2026-03-08 06:31:12.410,3245,3245,0,2026-03-08 06:31:12.410,4,3,1,NULL,NULL,-9999,NULL,2026-03-08 06:42:57.747,2026-03-08 06:43:41.473,0,NULL,2026-03-08 06:43:41.487,3998,3998,0,NR-No Report
26-017686,2026-03-08 05:40:13.000,11,SUN,8,5,C,NIGHT,LATE,POLICE,NOISE COMPLAINT IN PROG,4,Phone,"WATSON, JOANNE","BONSU, VALERIE",2026-03-08 05:40:11.000,NULL,2026-03-08 05:41:43.000,92,90,2,2026-03-08 06:38:06.200,3383,3383,0,2026-03-08 05:41:44.000,93,91,2,NULL,3475,3475,0,NULL,NULL,-9999,NULL,NULL,NULL,-9999,NULL,2026-03-08 06:38:10.747,2026-03-08 06:38:10.747,0,NULL,2026-03-08 06:38:10.823,3479,3479,0,NR-No Report
26-017687,2026-03-08 05:43:30.000,11,SUN,8,5,C,NIGHT,LATE,POLICE,MVC CONDITIONS UNKNOWN,1,E-911,"MCLEOD, DOUGLAS",NULL,2026-03-08 05:43:30.000,2026-03-08 05:44:06.000,2026-03-08 05:44:01.000,31,31,0,2026-03-08 05:44:11.040,10,10,0,2026-03-08 05:46:18.000,168,168,0,2026-03-08 05:44:12.773,41,41,0,2026-03-08 05:44:12.773,1,1,0,2026-03-08 05:47:41.153,209,208,1,2026-03-08 05:45:05.330,2026-03-08 07:50:22.090,0,NULL,2026-03-08 07:50:22.190,7612,7612,0,NR-No Report
26-005770,2026-03-08 05:44:01.000,11,SUN,8,5,C,NIGHT,LATE,FIRE,MVC AUTO,2,E-911,"MCLEOD, DOUGLAS",Automatic Dispatch,2026-03-08 05:44:01.000,2026-03-08 05:44:09.000,2026-03-08 05:44:01.000,0,NULL,0,2026-03-08 05:44:04.333,3,3,0,2026-03-08 05:44:01.000,0,0,0,2026-03-08 05:45:06.523,3,3,0,2026-03-08 05:45:06.523,62,62,0,2026-03-08 05:51:02.537,356,356,0,2026-03-08 06:02:19.350,2026-03-08 06:39:26.000,0,NULL,NULL,3325,3325,0,CC-Call Completed
26-017689,2026-03-08 05:46:29.000,11,SUN,8,5,C,NIGHT,LATE,POLICE,TRESPASSING IN PROG,2,Phone,"MCLEOD, DOUGLAS","BONSU, VALERIE",2026-03-08 05:46:27.000,2026-03-08 05:48:19.000,2026-03-08 05:47:56.000,89,87,2,2026-03-08 06:42:26.663,3270,3270,0,2026-03-08 05:48:29.000,122,120,2,2026-03-08 06:42:30.770,3359,3359,0,2026-03-08 06:42:30.770,4,4,0,2026-03-08 06:43:54.200,84,83,1,2026-03-08 06:57:50.710,2026-03-08 07:00:57.550,0,NULL,2026-03-08 07:00:57.570,4470,4470,0,NR-No Report
26-017691,2026-03-08 06:15:56.000,11,SUN,8,6,A,DAY,EARLY,POLICE,ALARM COMMERCIAL,2,Text,"CRUZ, STEPHANIE","BONSU, VALERIE",2026-03-08 06:15:53.000,2026-03-08 06:17:37.000,2026-03-08 06:16:48.000,55,52,3,2026-03-08 06:17:44.513,56,56,0,2026-03-08 06:17:59.000,126,123,3,2026-03-08 06:17:48.370,111,111,0,2026-03-08 06:17:48.370,4,3,1,2026-03-08 06:22:26.610,278,278,0,2026-03-08 06:29:54.743,2026-03-08 06:30:18.387,0,NULL,2026-03-08 06:30:18.447,865,865,0,FALSE-False Alarm
26-017693,2026-03-08 06:29:19.000,11,SUN,8,6,A,DAY,EARLY,POLICE,DOMESTIC VIOL NO INJ,2,E-911,"SMITH, TERESA","BONSU, VALERIE",2026-03-08 06:29:19.000,2026-03-08 06:31:30.000,2026-03-08 06:31:02.000,103,103,0,2026-03-08 06:34:21.787,199,199,0,2026-03-08 06:32:26.000,187,187,0,2026-03-08 06:34:24.823,302,302,0,2026-03-08 06:34:24.823,3,3,0,2026-03-08 06:36:59.363,155,154,1,2026-03-08 07:04:06.350,2026-03-08 07:05:06.667,0,NULL,2026-03-08 07:05:06.720,2147,2147,0,NR-No Report
26-005771,2026-03-08 06:38:48.000,11,SUN,8,6,A,DAY,EARLY,FIRE,FIRE ALARM,3,Phone,"JONES, DAESHA",Automatic Dispatch,2026-03-08 06:38:46.000,2026-03-08 06:39:42.000,2026-03-08 06:39:24.000,38,36,2,2026-03-08 06:39:27.070,3,3,0,2026-03-08 06:41:02.000,136,134,2,2026-03-08 06:40:49.083,41,41,0,2026-03-08 06:40:49.083,82,82,0,2026-03-08 06:43:23.997,154,154,0,2026-03-08 06:51:09.490,2026-03-08 06:51:09.490,0,NULL,2026-03-08 06:51:09.743,743,743,0,UNDEFINED
26-005772,2026-03-08 07:12:09.000,11,SUN,8,7,A,DAY,EARLY,EMS,FACILITY BLS,3,E-911,"DEWBERRY, RE'KEYA","FOSTER, KANESHA",2026-03-08 07:12:09.000,2026-03-08 07:13:27.000,2026-03-08 07:13:16.000,67,67,0,2026-03-08 07:13:18.790,2,2,0,2026-03-08 07:14:56.000,167,167,0,2026-03-08 07:15:11.383,69,69,0,2026-03-08 07:15:11.383,113,112,1,2026-03-08 07:18:17.093,186,185,1,2026-03-08 07:14:43.883,2026-03-08 08:02:47.240,0,NULL,2026-03-08 08:02:47.333,3038,3038,0,CAD2CAD
26-005773,2026-03-08 07:24:49.000,11,SUN,8,7,A,DAY,EARLY,EMS,PUBLIC SERVICE EMS,4,Phone,"SMITH, TERESA","FOSTER, KANESHA",2026-03-08 07:24:47.000,NULL,2026-03-08 07:25:46.000,59,57,2,2026-03-08 07:25:48.440,2,2,0,2026-03-08 07:25:46.000,59,NULL,59,2026-03-08 07:27:01.860,61,61,0,2026-03-08 07:27:01.860,73,73,0,NULL,NULL,-9999,NULL,2026-03-08 07:27:06.887,2026-03-08 07:34:03.183,1,2026-03-08 07:34:47.677,2026-03-08 07:38:58.553,556,851,-295,UNDEFINED
26-017700,2026-03-08 07:27:42.000,11,SUN,8,7,A,DAY,EARLY,POLICE,ASSIST CITIZEN PROMPT,3,E-911,"CRUZ, STEPHANIE","BONSU, VALERIE",2026-03-08 07:27:42.000,2026-03-08 07:41:40.000,2026-03-08 07:41:26.000,824,824,0,2026-03-08 07:46:05.567,279,279,0,2026-03-08 07:50:30.000,1368,1368,0,2026-03-08 07:46:16.237,1103,1103,0,2026-03-08 07:46:16.237,11,10,1,2026-03-08 07:59:24.747,788,788,0,2026-03-08 08:10:59.140,2026-03-08 08:15:03.333,0,NULL,2026-03-08 08:15:03.400,2841,2841,0,NR-No Report
26-017698,2026-03-08 07:31:08.000,11,SUN,8,7,A,DAY,EARLY,POLICE,OFF DUTY DETAIL,8,OFFICER,"SUAREZ, ANGGELO J",NULL,2026-03-08 07:31:08.000,2026-03-08 07:31:18.000,2026-03-08 07:31:08.000,0,2,-2,2026-03-08 07:31:08.000,0,0,0,2026-03-08 07:31:08.000,0,NULL,0,2026-03-08 07:31:08.000,0,0,0,2026-03-08 07:31:08.000,0,0,0,2026-03-08 07:31:08.000,0,0,0,2026-03-08 13:47:52.027,2026-03-08 13:47:52.027,0,NULL,2026-03-08 13:47:52.153,22604,22604,0,NR-No Report
26-005774,2026-03-08 07:37:06.380,11,SUN,8,7,A,DAY,EARLY,FIRE,MUTUAL AID,1,C2C,CAD to CAD Service 1,CAD to CAD Service 1,2026-03-08 07:36:28.000,2026-03-08 07:39:03.000,2026-03-08 07:37:07.270,39,0,39,2026-03-08 07:37:07.350,0,0,0,NULL,NULL,NULL,NULL,2026-03-08 07:37:27.030,39,48,-9,2026-03-08 07:37:27.030,20,10,10,2026-03-08 07:38:48.823,81,81,0,2026-03-08 07:42:12.207,2026-03-08 07:52:41.180,0,NULL,2026-03-08 07:52:41.227,973,973,0,CAD2CAD
26-017702,2026-03-08 07:41:55.000,11,SUN,8,7,A,DAY,EARLY,POLICE,ALARM RESIDENTIAL,2,Phone,"JONES, DAESHA",NULL,2026-03-08 07:41:53.000,2026-03-08 07:44:22.000,2026-03-08 07:42:20.000,27,25,2,2026-03-08 07:44:57.520,157,157,0,2026-03-08 07:44:15.000,142,140,2,2026-03-08 07:45:02.473,184,184,0,2026-03-08 07:45:02.473,5,4,1,2026-03-08 07:48:20.997,198,198,0,2026-03-08 07:54:42.037,2026-03-08 07:58:41.737,0,NULL,2026-03-08 07:58:41.820,1008,1008,0,NR-No Report
26-017704,2026-03-08 07:46:48.000,11,SUN,8,7,A,DAY,EARLY,POLICE,OFF DUTY DETAIL,8,OFFICER,"ROBBINS, SADAIAH S",NULL,2026-03-08 07:46:48.000,2026-03-08 07:47:30.000,2026-03-08 07:46:48.000,0,2,-2,2026-03-08 07:46:48.000,0,0,0,2026-03-08 07:46:48.000,0,NULL,0,2026-03-08 07:46:48.000,0,0,0,2026-03-08 07:46:48.000,0,0,0,2026-03-08 07:46:48.000,0,0,0,2026-03-08 12:58:34.727,2026-03-08 13:02:20.790,0,NULL,2026-03-08 13:02:20.890,18932,18932,0,NR-No Report
26-005775,2026-03-08 07:55:41.000,11,SUN,8,7,A,DAY,EARLY,FIRE,FIRE ALARM,3,Phone,"SMITH, TERESA",Automatic Dispatch,2026-03-08 07:55:41.000,2026-03-08 07:56:48.000,2026-03-08 07:56:26.000,45,45,0,2026-03-08 07:56:29.047,3,3,0,2026-03-08 07:58:20.000,159,159,0,2026-03-08 07:57:25.740,48,48,0,2026-03-08 07:57:25.740,56,56,0,2026-03-08 07:59:04.450,99,98,1,2026-03-08 08:08:53.887,2026-03-08 08:08:53.887,0,NULL,2026-03-08 08:08:54.203,792,792,0,UNDEFINED
26-005777,2026-03-08 08:13:57.000,11,SUN,8,8,A,DAY,EARLY,EMS,ALTERED LOC ALS 1,1,E-911,"WALKER, LATITIA",Automatic Dispatch,2026-03-08 08:13:57.000,2026-03-08 08:15:05.000,2026-03-08 08:14:55.000,58,58,0,2026-03-08 08:14:58.100,3,3,0,2026-03-08 08:17:24.000,207,207,0,2026-03-08 08:15:52.513,61,61,0,2026-03-08 08:15:52.513,54,54,0,2026-03-08 08:21:31.420,339,338,1,2026-03-08 08:33:10.747,2026-03-08 09:58:46.307,0,NULL,2026-03-08 09:58:46.423,6289,6289,0,UNDEFINED
26-017705,2026-03-08 08:15:05.000,11,SUN,8,8,A,DAY,EARLY,POLICE,ASSIST CITIZEN PROMPT,3,Radio,"DEWBERRY, RE'KEYA",NULL,2026-03-08 08:15:04.000,2026-03-08 08:34:38.000,2026-03-08 08:15:19.000,15,14,1,2026-03-08 08:15:30.463,11,11,0,2026-03-08 08:15:52.000,48,47,1,2026-03-08 08:15:30.550,26,26,0,2026-03-08 08:15:30.550,0,0,0,2026-03-08 08:15:37.933,7,7,0,2026-03-08 08:46:39.907,2026-03-08 10:00:04.053,0,NULL,2026-03-08 10:00:04.053,6300,6300,0,NR-No Report
26-005778,2026-03-08 08:21:42.000,11,SUN,8,8,A,DAY,EARLY,EMS,BLS EMERGENCY,3,E-911,"SMITH, TERESA",Automatic Dispatch,2026-03-08 08:21:41.000,2026-03-08 08:23:21.000,2026-03-08 08:23:14.000,93,92,1,2026-03-08 08:23:17.217,3,3,0,2026-03-08 08:31:33.000,592,591,1,2026-03-08 08:24:07.053,96,96,0,2026-03-08 08:24:07.053,50,49,1,2026-03-08 08:30:46.053,399,399,0,2026-03-08 09:20:01.640,2026-03-08 09:20:01.640,0,NULL,2026-03-08 09:20:01.733,3500,3500,0,UNDEFINED
26-017706,2026-03-08 08:24:29.000,11,SUN,8,8,A,DAY,EARLY,POLICE,GLA DELAY,4,Radio,"DEWBERRY, RE'KEYA",NULL,2026-03-08 08:24:29.000,2026-03-08 08:24:33.000,2026-03-08 08:24:29.000,0,0,0,2026-03-08 08:24:29.000,0,0,0,2026-03-08 08:24:29.000,0,0,0,2026-03-08 08:24:51.260,0,0,0,2026-03-08 08:24:29.000,0,0,0,2026-03-08 08:24:29.000,0,0,0,2026-03-08 09:19:34.167,2026-03-08 11:33:59.860,0,NULL,2026-03-08 11:33:59.953,11370,11370,0,SUP-Supplement
26-017709,2026-03-08 08:45:28.000,11,SUN,8,8,A,DAY,EARLY,POLICE,OFF DUTY DETAIL,8,OFFICER,"CLINCH, RYAN K",NULL,2026-03-08 08:45:28.000,2026-03-08 08:45:33.000,2026-03-08 08:45:28.000,0,1,-1,2026-03-08 08:45:28.000,0,0,0,2026-03-08 08:45:28.000,0,NULL,0,2026-03-08 08:45:28.000,0,0,0,2026-03-08 08:45:28.000,0,0,0,2026-03-08 08:45:28.000,0,0,0,2026-03-08 13:23:59.230,2026-03-08 13:23:59.230,0,NULL,2026-03-08 13:23:59.357,16711,16711,0,NR-No Report
26-005779,2026-03-08 08:48:45.000,11,SUN,8,8,A,DAY,EARLY,EMS,UNKNOWN MEDICAL ALS 1,1,Phone,"CRUZ, STEPHANIE",Automatic Dispatch,2026-03-08 08:48:44.000,2026-03-08 08:50:14.000,2026-03-08 08:50:04.000,80,79,1,2026-03-08 08:50:07.253,3,3,0,2026-03-08 08:55:47.000,423,422,1,2026-03-08 08:51:06.363,83,83,0,2026-03-08 08:51:06.363,59,59,0,2026-03-08 08:53:35.327,149,148,1,2026-03-08 09:00:46.563,2026-03-08 09:53:08.483,0,NULL,2026-03-08 09:53:08.547,3864,3864,0,UNDEFINED
26-017710,2026-03-08 08:55:37.000,11,SUN,8,8,A,DAY,EARLY,POLICE,ALARM COMMERCIAL,2,Phone,"JONES, DAESHA","DEWBERRY, RE'KEYA",2026-03-08 08:55:35.000,2026-03-08 08:56:46.000,2026-03-08 08:55:57.000,22,20,2,2026-03-08 08:56:53.290,56,56,0,2026-03-08 09:04:03.000,508,506,2,2026-03-08 08:56:57.133,78,78,0,2026-03-08 08:56:57.133,4,3,1,2026-03-08 09:02:34.873,337,337,0,2026-03-08 09:18:59.350,2026-03-08 09:29:25.210,0,NULL,2026-03-08 09:29:25.247,2030,2030,0,NR-No Report
26-017713,2026-03-08 09:18:45.000,11,SUN,8,9,A,DAY,EARLY,POLICE,MVC HIT/RUN NO INJURY,2,E-911,"CRUZ, STEPHANIE",NULL,2026-03-08 09:18:45.000,2026-03-11 10:10:02.000,2026-03-08 09:19:41.000,56,56,0,2026-03-08 09:21:22.963,101,101,0,2026-03-08 09:22:55.000,250,250,0,2026-03-08 09:21:36.427,157,157,0,2026-03-08 09:21:36.427,14,13,1,2026-03-08 09:29:42.123,486,485,1,2026-03-08 11:06:00.263,2026-03-08 17:19:02.420,1,2026-03-11 09:01:08.503,2026-03-11 17:42:27.003,28817,30221,-1404,RE-Report
26-017714,2026-03-08 09:20:41.000,11,SUN,8,9,A,DAY,EARLY,POLICE,FLAG DOWN,2,OFFICER,"WIEGAND, KURT J",NULL,2026-03-08 09:20:41.000,2026-03-08 09:20:45.000,2026-03-08 09:20:41.000,0,1,-1,2026-03-08 09:20:41.000,0,0,0,2026-03-08 09:20:41.000,0,NULL,0,2026-03-08 09:20:41.000,0,0,0,2026-03-08 09:20:41.000,0,0,0,2026-03-08 09:20:41.000,0,0,0,2026-03-08 09:22:09.487,2026-03-08 09:22:09.487,0,NULL,2026-03-08 09:22:09.610,88,88,0,NR-No Report
26-017717,2026-03-08 09:28:22.000,11,SUN,8,9,A,DAY,EARLY,POLICE,OFF DUTY DETAIL,8,OFFICER,"ASONGLEFAC, ALEXIS V",NULL,2026-03-08 09:28:22.000,2026-03-08 09:30:14.000,2026-03-08 09:28:22.000,0,1,-1,2026-03-08 09:28:22.000,0,0,0,2026-03-08 09:28:22.000,0,NULL,0,2026-03-08 09:28:22.000,0,0,0,2026-03-08 09:28:22.000,0,0,0,2026-03-08 09:28:22.000,0,0,0,2026-03-08 12:29:05.567,2026-03-08 12:29:05.567,0,NULL,2026-03-08 12:29:05.777,10843,10843,0,NR-No Report
26-017718,2026-03-08 09:33:28.000,11,SUN,8,9,A,DAY,EARLY,POLICE,TRAFFIC STOP,2,OFFICER,"STERLING, DAVON",NULL,2026-03-08 09:33:28.000,2026-03-08 09:33:34.000,2026-03-08 09:33:28.000,0,1,-1,2026-03-08 09:33:28.000,0,0,0,2026-03-08 09:33:28.000,0,NULL,0,2026-03-08 09:33:28.000,0,0,0,2026-03-08 09:33:28.000,0,0,0,2026-03-08 09:33:28.000,0,0,0,2026-03-08 09:40:51.830,2026-03-08 09:40:51.830,0,NULL,2026-03-08 09:40:51.857,443,443,0,NR-No Report
26-017719,2026-03-08 09:34:01.000,11,SUN,8,9,A,DAY,EARLY,POLICE,MVC PROPERTY DAMAGE,2,E-911,"CRUZ, STEPHANIE","DEWBERRY, RE'KEYA",2026-03-08 09:34:01.000,2026-03-08 09:36:01.000,2026-03-08 09:35:26.000,85,85,0,2026-03-08 09:36:09.790,43,43,0,2026-03-08 09:37:24.000,203,203,0,2026-03-08 09:36:13.070,128,128,0,2026-03-08 09:36:13.070,4,3,1,2026-03-08 09:39:40.287,207,207,0,2026-03-08 10:15:40.550,2026-03-08 10:15:40.550,0,NULL,2026-03-08 10:15:40.593,2499,2499,0,NR-No Report
26-005780,2026-03-08 09:34:24.000,11,SUN,8,9,A,DAY,EARLY,EMS,BLS EMERGENCY,3,E-911,"GOODWIN, SHEENA",Automatic Dispatch,2026-03-08 09:34:23.000,2026-03-08 09:35:34.000,2026-03-08 09:35:23.000,60,59,1,2026-03-08 09:35:25.900,2,2,0,2026-03-08 09:41:59.000,456,455,1,2026-03-08 09:36:18.767,62,62,0,2026-03-08 09:36:18.767,53,52,1,2026-03-08 09:42:42.870,384,384,0,2026-03-08 10:16:35.437,2026-03-08 10:16:35.437,0,NULL,2026-03-08 10:16:35.530,2532,2532,0,UNDEFINED
26-017720,2026-03-08 09:41:13.000,11,SUN,8,9,A,DAY,EARLY,POLICE,TRAFFIC STOP,2,OFFICER,"STERLING, DAVON",NULL,2026-03-08 09:41:13.000,2026-03-08 09:41:22.000,2026-03-08 09:41:13.000,0,1,-1,2026-03-08 09:41:13.000,0,0,0,2026-03-08 09:41:13.000,0,NULL,0,2026-03-08 09:41:13.000,0,0,0,2026-03-08 09:41:13.000,0,0,0,2026-03-08 09:41:13.000,0,0,0,2026-03-08 10:13:01.960,2026-03-08 10:16:08.363,0,NULL,2026-03-08 10:16:08.470,2095,2095,0,NR-No Report
26-005781,2026-03-08 09:50:25.000,11,SUN,8,9,A,DAY,EARLY,EMS,BACK PAIN BLS,3,E-911,"WALKER, LATITIA",Automatic Dispatch,2026-03-08 09:50:24.000,2026-03-08 09:51:16.000,2026-03-08 09:50:57.000,33,32,1,2026-03-08 09:50:59.890,2,2,0,2026-03-08 09:52:30.000,126,125,1,2026-03-08 09:52:02.717,35,35,0,2026-03-08 09:52:02.717,63,62,1,2026-03-08 09:56:29.407,267,266,1,2026-03-08 11:04:34.687,2026-03-08 11:04:34.687,0,NULL,2026-03-08 11:04:34.797,4450,4450,0,UNDEFINED
26-017724,2026-03-08 09:53:59.000,11,SUN,8,9,A,DAY,EARLY,POLICE,PROTECTIVE ORDER ISSUED,4,Phone,"WALKER, LATITIA","DEWBERRY, RE'KEYA",2026-03-08 09:53:57.000,2026-03-08 09:55:35.000,2026-03-08 09:55:24.000,87,85,2,2026-03-08 10:20:32.053,1508,1508,0,2026-03-08 09:55:25.000,88,86,2,2026-03-08 10:20:41.263,1595,1595,0,2026-03-08 10:20:41.263,9,9,0,2026-03-08 11:01:41.813,2460,2460,0,2026-03-08 11:26:39.340,2026-03-08 11:51:32.083,0,NULL,2026-03-08 11:51:32.107,7055,7055,0,NR-No Report
26-017725,2026-03-08 09:55:26.000,11,SUN,8,9,A,DAY,EARLY,POLICE,SUSPICIOUS EVENT,2,Phone,"JONES, DAESHA","DEWBERRY, RE'KEYA",2026-03-08 09:55:25.000,2026-03-08 09:57:03.000,2026-03-08 09:55:53.000,28,27,1,2026-03-08 09:57:29.733,96,96,0,2026-03-08 09:57:39.000,134,133,1,2026-03-08 09:57:52.697,124,124,0,2026-03-08 09:57:52.697,23,22,1,2026-03-08 10:04:16.960,384,384,0,2026-03-08 10:13:16.240,2026-03-08 10:13:53.557,0,NULL,2026-03-08 10:13:53.607,1108,1108,0,NR-No Report
26-017727,2026-03-08 10:01:10.000,11,SUN,8,10,A,DAY,MIDS,POLICE,DISORDERLY CONDUCT,2,E-911,"BONSU, VALERIE",NULL,2026-03-08 10:01:10.000,2026-03-08 10:03:42.000,2026-03-08 10:03:32.000,142,142,0,2026-03-08 10:12:43.210,551,551,0,2026-03-08 10:03:48.000,158,158,0,2026-03-08 10:12:46.653,693,693,0,2026-03-08 10:12:46.653,3,3,0,2026-03-08 10:24:05.063,679,678,1,2026-03-08 11:07:26.620,2026-03-08 11:10:26.340,0,NULL,2026-03-08 11:10:26.593,4156,4156,0,NR-No Report
26-005782,2026-03-08 10:04:24.000,11,SUN,8,10,A,DAY,MIDS,EMS,FACILITY BLS,3,E-911,"GOODWIN, SHEENA",Automatic Dispatch,2026-03-08 10:04:24.000,2026-03-08 10:05:35.000,2026-03-08 10:05:11.000,47,47,0,2026-03-08 10:05:14.057,3,3,0,2026-03-08 10:09:03.000,279,279,0,2026-03-08 10:07:01.440,50,50,0,2026-03-08 10:07:01.440,107,107,0,2026-03-08 10:09:36.280,155,154,1,2026-03-08 10:22:02.840,2026-03-08 11:46:38.440,0,NULL,2026-03-08 11:46:38.487,6134,6134,0,CAD2CAD
26-017730,2026-03-08 10:25:48.000,11,SUN,8,10,A,DAY,MIDS,POLICE,MVC HIT/RUN NO INJURY,2,E-911,"WALKER, LATITIA",NULL,2026-03-08 10:25:48.000,NULL,2026-03-08 10:28:23.000,155,155,0,2026-03-08 10:30:04.853,101,101,0,2026-03-08 10:29:24.000,216,216,0,2026-03-08 10:30:08.827,256,256,0,2026-03-08 10:30:08.827,4,3,1,2026-03-08 10:36:12.760,364,363,1,2026-03-08 10:54:34.640,2026-03-08 11:57:13.207,0,NULL,2026-03-08 11:57:13.563,5485,5485,0,RE-Report
26-017732,2026-03-08 10:29:43.000,11,SUN,8,10,A,DAY,MIDS,POLICE,PARKING COMPLAINT,4,E-911,"BONSU, VALERIE",NULL,2026-03-08 10:29:42.000,NULL,2026-03-08 10:31:31.000,109,108,1,2026-03-08 10:32:02.293,31,31,0,2026-03-08 10:31:39.000,117,116,1,2026-03-08 10:32:02.293,140,140,0,2026-03-08 10:32:02.293,0,0,0,2026-03-08 10:41:42.770,580,580,0,2026-03-08 10:52:45.943,2026-03-08 10:52:45.943,0,NULL,2026-03-08 10:52:46.423,1383,1383,0,CI-Citation
26-017733,2026-03-08 10:33:17.000,11,SUN,8,10,A,DAY,MIDS,POLICE,ASSIST CITIZEN PROMPT,3,Phone,"CRUZ, STEPHANIE","DEWBERRY, RE'KEYA",2026-03-08 10:33:15.000,2026-03-08 10:34:31.000,2026-03-08 10:34:21.000,66,64,2,2026-03-08 10:34:50.543,29,29,0,2026-03-08 10:37:00.000,225,223,2,2026-03-08 10:34:55.387,95,95,0,2026-03-08 10:34:55.387,5,4,1,2026-03-08 10:44:46.093,591,590,1,2026-03-08 11:04:24.547,2026-03-08 11:18:19.010,0,NULL,2026-03-08 11:18:19.033,2704,2704,0,NR-No Report
26-017735,2026-03-08 10:45:36.000,11,SUN,8,10,A,DAY,MIDS,POLICE,PARKING COMPLAINT,4,Phone,"JONES, DAESHA",NULL,2026-03-08 10:45:34.000,NULL,2026-03-08 10:45:56.000,22,20,2,2026-03-08 10:52:49.790,413,413,0,2026-03-08 10:46:13.000,39,37,2,2026-03-08 10:52:49.790,435,435,0,2026-03-08 10:52:49.790,0,-9999,9999,2026-03-08 11:01:28.157,519,518,1,2026-03-08 11:08:28.487,2026-03-08 11:08:28.487,0,NULL,2026-03-08 11:08:29.033,1374,1374,0,CI-Citation
26-017737,2026-03-08 10:54:15.000,11,SUN,8,10,A,DAY,MIDS,POLICE,IDENTITY FRAUD DELAY,4,Phone,"JONES, DAESHA","WALKER, LATITIA",2026-03-08 10:54:13.000,2026-03-08 10:54:59.000,2026-03-08 10:54:43.000,30,28,2,2026-03-08 11:05:42.177,659,659,0,2026-03-08 10:57:21.000,188,186,2,2026-03-08 11:05:48.577,689,689,0,2026-03-08 11:05:48.577,6,6,0,NULL,NULL,-9999,NULL,2026-03-08 11:07:40.683,2026-03-08 12:07:17.657,0,NULL,2026-03-08 12:07:17.763,4384,4384,0,RE-Report
26-017738,2026-03-08 11:01:33.000,11,SUN,8,11,A,DAY,MIDS,POLICE,TRAFFIC STOP,2,OFFICER,"FELIX, BRUCE",NULL,2026-03-08 11:01:33.000,2026-03-08 11:03:20.000,2026-03-08 11:01:33.000,0,1,-1,2026-03-08 11:01:33.000,0,0,0,2026-03-08 11:01:33.000,0,NULL,0,2026-03-08 11:01:33.000,0,0,0,2026-03-08 11:01:33.000,0,0,0,2026-03-08 11:01:33.000,0,0,0,2026-03-08 11:15:13.873,2026-03-08 11:15:13.873,0,NULL,2026-03-08 11:15:13.933,820,820,0,NR-No Report
26-017739,2026-03-08 11:06:09.000,11,SUN,8,11,A,DAY,MIDS,POLICE,PARKING COMPLAINT,4,Phone,"JONES, DAESHA",NULL,2026-03-08 11:06:08.000,2026-03-08 11:08:11.000,2026-03-08 11:06:24.000,16,15,1,2026-03-08 11:12:01.117,337,337,0,2026-03-08 11:07:43.000,95,94,1,2026-03-08 11:12:01.117,353,353,0,2026-03-08 11:12:01.117,0,-9999,9999,NULL,NULL,-9999,NULL,2026-03-08 11:12:20.647,2026-03-08 11:12:20.647,0,NULL,2026-03-08 11:12:21.373,372,372,0,NR-No Report
26-005783,2026-03-08 11:06:51.000,11,SUN,8,11,A,DAY,MIDS,FIRE,ELEVATOR,3,E-911,"DEWBERRY, RE'KEYA",Automatic Dispatch,2026-03-08 11:06:50.000,2026-03-08 11:07:48.000,2026-03-08 11:07:20.000,30,29,1,2026-03-08 11:07:21.670,1,1,0,2026-03-08 11:08:06.000,76,75,1,2026-03-08 11:08:23.947,31,31,0,2026-03-08 11:08:23.947,62,62,0,2026-03-08 11:16:32.747,489,488,1,2026-03-08 11:18:55.393,2026-03-08 11:18:55.393,0,NULL,2026-03-08 11:18:55.487,725,725,0,UNDEFINED
26-017741,2026-03-08 11:07:25.000,11,SUN,8,11,A,DAY,MIDS,POLICE,ASSIST CITIZEN PROMPT,3,Phone,"FOSTER, KANESHA","FOSTER, KANESHA",2026-03-08 11:07:23.000,2026-03-08 11:08:52.000,2026-03-08 11:07:48.000,25,23,2,2026-03-08 11:07:54.053,6,6,0,2026-03-08 11:08:06.000,43,41,2,2026-03-08 11:07:54.120,31,31,0,2026-03-08 11:07:54.120,0,0,0,2026-03-08 11:14:26.843,392,392,0,2026-03-08 11:24:06.700,2026-03-08 11:24:06.700,0,NULL,2026-03-08 11:24:06.790,1003,1003,0,NR-No Report
26-017742,2026-03-08 11:08:14.000,11,SUN,8,11,A,DAY,MIDS,POLICE,TRAFFIC STOP,2,OFFICER,"STERLING, DAVON",NULL,2026-03-08 11:08:14.000,2026-03-08 11:08:33.000,2026-03-08 11:08:14.000,0,2,-2,2026-03-08 11:08:14.000,0,0,0,2026-03-08 11:08:14.000,0,NULL,0,2026-03-08 11:08:14.000,0,0,0,2026-03-08 11:08:14.000,0,0,0,2026-03-08 11:08:14.000,0,0,0,2026-03-08 11:13:28.263,2026-03-08 11:13:28.263,0,NULL,2026-03-08 11:13:28.320,314,314,0,NR-No Report
26-005784,2026-03-08 11:15:33.000,11,SUN,8,11,A,DAY,MIDS,EMS,FALL BLS,3,E-911,"CRUZ, STEPHANIE",Automatic Dispatch,2026-03-08 11:15:33.000,2026-03-08 11:16:52.000,2026-03-08 11:16:31.000,58,58,0,2026-03-08 11:16:33.887,2,2,0,2026-03-08 11:20:29.000,296,296,0,2026-03-08 11:17:13.557,60,60,0,2026-03-08 11:17:13.557,40,39,1,2026-03-08 11:21:59.757,286,286,0,2026-03-08 11:59:36.397,2026-03-08 12:55:56.627,0,NULL,2026-03-08 12:55:56.763,6023,6023,0,UNDEFINED
26-017744,2026-03-08 11:16:01.000,11,SUN,8,11,A,DAY,MIDS,POLICE,TRAFFIC STOP,2,OFFICER,"STERLING, DAVON",NULL,2026-03-08 11:16:01.000,2026-03-08 11:16:20.000,2026-03-08 11:16:01.000,0,1,-1,2026-03-08 11:16:01.000,0,0,0,2026-03-08 11:16:01.000,0,NULL,0,2026-03-08 11:16:01.000,0,0,0,2026-03-08 11:16:01.000,0,0,0,2026-03-08 11:16:01.000,0,0,0,2026-03-08 12:08:54.080,2026-03-08 12:08:54.080,0,NULL,2026-03-08 12:08:54.163,3173,3173,0,NR-No Report
26-017745,2026-03-08 11:19:37.000,11,SUN,8,11,A,DAY,MIDS,POLICE,PARKING COMPLAINT,4,Phone,"JONES, DAESHA",NULL,2026-03-08 11:19:35.000,NULL,2026-03-08 11:20:03.000,28,26,2,2026-03-08 12:28:40.113,4117,4117,0,2026-03-08 11:22:01.000,146,144,2,2026-03-08 12:28:40.113,4145,4145,0,2026-03-08 12:28:40.113,0,0,0,2026-03-08 12:41:57.070,797,796,1,2026-03-08 12:44:44.837,2026-03-08 12:44:44.837,0,NULL,2026-03-08 12:44:45.673,5109,5109,0,CI-Citation
26-017747,2026-03-08 11:20:25.000,11,SUN,8,11,A,DAY,MIDS,POLICE,PARKING COMPLAINT,2,Phone,"DEWBERRY, RE'KEYA",NULL,2026-03-08 11:20:23.000,2026-03-08 11:22:14.000,2026-03-08 11:20:51.000,28,26,2,2026-03-08 11:22:01.017,70,70,0,2026-03-08 11:22:31.000,128,126,2,2026-03-08 11:22:01.017,98,98,0,2026-03-08 11:22:01.017,0,-9999,9999,2026-03-08 11:26:13.983,252,252,0,2026-03-08 11:55:33.257,2026-03-08 11:55:33.257,0,NULL,2026-03-08 11:55:33.600,2110,2110,0,CI-Citation
26-017746,2026-03-08 11:20:33.000,11,SUN,8,11,A,DAY,MIDS,POLICE,TRAFFIC STOP,2,OFFICER,"FELIX, BRUCE",NULL,2026-03-08 11:20:33.000,2026-03-08 11:20:38.000,2026-03-08 11:20:33.000,0,1,-1,2026-03-08 11:20:33.000,0,0,0,2026-03-08 11:20:33.000,0,NULL,0,2026-03-08 11:20:33.000,0,0,0,2026-03-08 11:20:33.000,0,0,0,2026-03-08 11:20:33.000,0,0,0,2026-03-08 11:29:19.120,2026-03-08 11:29:19.120,0,NULL,2026-03-08 11:29:19.507,526,526,0,NR-No Report
26-005785,2026-03-08 11:24:30.533,11,SUN,8,11,A,DAY,MIDS,EMS,MUTUAL BLS,1,C2C,CAD to CAD Service 1,CAD to CAD Service 1,2026-03-08 11:22:24.000,NULL,2026-03-08 11:24:31.563,127,0,127,2026-03-08 11:24:31.660,0,0,0,NULL,NULL,NULL,NULL,2026-03-08 11:25:43.307,127,143,-16,2026-03-08 11:25:43.307,72,55,17,2026-03-08 11:31:00.367,317,317,0,2026-03-08 11:26:30.437,2026-03-08 11:47:14.967,0,NULL,2026-03-08 11:47:15.017,1490,1490,0,CAD2CAD
26-017748,2026-03-08 11:28:37.000,11,SUN,8,11,A,DAY,MIDS,POLICE,PARKING COMPLAINT,3,Phone,"CRUZ, STEPHANIE",NULL,2026-03-08 11:28:35.000,2026-03-08 11:30:19.000,2026-03-08 11:29:02.000,27,25,2,2026-03-08 11:55:37.430,1595,1595,0,2026-03-08 11:30:27.000,112,110,2,2026-03-08 11:55:37.430,1622,1622,0,2026-03-08 11:55:37.430,0,0,0,2026-03-08 11:58:13.797,156,156,0,2026-03-08 12:10:33.180,2026-03-08 12:10:33.180,0,NULL,2026-03-08 12:10:33.350,2518,2518,0,CI-Citation
26-005786,2026-03-08 11:35:22.000,11,SUN,8,11,A,DAY,MIDS,EMS,HEADACHE BLS,3,E-911,"DEWBERRY, RE'KEYA",Automatic Dispatch,2026-03-08 11:35:21.000,2026-03-08 11:37:28.000,2026-03-08 11:36:21.000,60,59,1,2026-03-08 11:36:24.263,3,3,0,2026-03-08 11:37:47.000,146,145,1,2026-03-08 11:37:32.327,63,63,0,2026-03-08 11:37:32.327,68,68,0,2026-03-08 11:47:49.067,617,616,1,2026-03-08 13:12:25.673,2026-03-08 13:12:25.673,0,NULL,2026-03-08 13:12:25.803,5824,5824,0,UNDEFINED
26-017749,2026-03-08 11:36:51.000,11,SUN,8,11,A,DAY,MIDS,POLICE,TRAFFIC STOP,2,OFFICER,"FELIX, BRUCE",NULL,2026-03-08 11:36:51.000,NULL,2026-03-08 11:36:51.000,0,1,-1,2026-03-08 11:36:51.000,0,0,0,2026-03-08 11:36:51.000,0,NULL,0,2026-03-08 11:36:51.000,0,0,0,2026-03-08 11:36:51.000,0,0,0,2026-03-08 11:36:51.000,0,0,0,2026-03-08 12:28:14.367,2026-03-08 12:28:14.367,0,NULL,2026-03-08 12:28:14.520,3083,3083,0,NR-No Report
26-017750,2026-03-08 11:37:06.000,11,SUN,8,11,A,DAY,MIDS,POLICE,NOISE COMPLAINT IN PROG,4,Phone,"JONES, DAESHA","WALKER, LATITIA",2026-03-08 11:37:04.000,2026-03-08 11:38:29.000,2026-03-08 11:37:32.000,28,26,2,2026-03-08 11:40:05.717,153,153,0,2026-03-08 11:39:00.000,116,114,2,2026-03-08 11:40:05.787,181,181,0,2026-03-08 11:40:05.787,0,0,0,2026-03-08 11:43:44.430,219,218,1,2026-03-08 11:44:36.027,2026-03-08 11:44:36.027,0,NULL,2026-03-08 11:44:36.170,452,452,0,NR-No Report
26-017751,2026-03-08 11:37:25.000,11,SUN,8,11,A,DAY,MIDS,POLICE,MVC PROPERTY DAMAGE,2,E-911,"CRUZ, STEPHANIE","WALKER, LATITIA",2026-03-08 11:37:24.000,2026-03-08 11:38:50.000,2026-03-08 11:38:41.000,77,76,1,2026-03-08 11:39:28.747,47,47,0,2026-03-08 11:51:38.000,854,853,1,2026-03-08 11:39:40.927,124,124,0,2026-03-08 11:39:40.927,12,12,0,2026-03-08 11:44:08.620,268,267,1,2026-03-08 12:10:09.727,2026-03-08 12:10:09.727,0,NULL,2026-03-08 12:10:09.923,1965,1965,0,NR-No Report
26-017752,2026-03-08 11:47:17.000,11,SUN,8,11,A,DAY,MIDS,POLICE,DRUG COMPLAINT IN PROG,2,Phone,"JONES, DAESHA","WALKER, LATITIA",2026-03-08 11:47:16.000,2026-03-08 11:49:19.000,2026-03-08 11:48:10.000,54,53,1,2026-03-08 11:49:47.623,97,97,0,2026-03-08 11:49:29.000,133,132,1,2026-03-08 11:49:52.727,151,151,0,2026-03-08 11:49:52.727,5,5,0,2026-03-08 11:52:38.413,166,165,1,2026-03-08 11:50:58.410,2026-03-08 12:14:50.687,0,NULL,2026-03-08 12:14:50.777,1654,1654,0,NR-No Report
26-017753,2026-03-08 11:51:44.000,11,SUN,8,11,A,DAY,MIDS,POLICE,MVC CITY PROPERTY DAMAGE,2,Phone,"CRUZ, STEPHANIE","WALKER, LATITIA",2026-03-08 11:51:42.000,2026-03-08 11:52:56.000,2026-03-08 11:52:45.000,63,61,2,2026-03-08 11:53:41.410,56,56,0,2026-03-08 11:53:49.000,127,125,2,2026-03-08 11:53:49.730,119,119,0,2026-03-08 11:53:49.730,8,8,0,2026-03-08 11:59:25.040,336,335,1,2026-03-08 12:05:07.660,2026-03-08 13:38:28.813,0,NULL,2026-03-08 13:38:28.897,6406,6406,0,RE-Report
26-017756,2026-03-08 12:03:45.000,11,SUN,8,12,A,DAY,MIDS,POLICE,WALK IN HQ LOBBY,4,Phone,"BONSU, VALERIE","DEWBERRY, RE'KEYA",2026-03-08 12:03:44.000,2026-03-08 12:05:25.000,2026-03-08 12:04:35.000,51,50,1,2026-03-08 12:16:50.380,735,735,0,2026-03-08 12:05:26.000,102,101,1,2026-03-08 12:17:14.153,786,786,0,2026-03-08 12:17:14.153,24,23,1,NULL,NULL,-9999,NULL,2026-03-08 12:56:41.420,2026-03-08 12:56:41.420,0,NULL,2026-03-08 12:56:41.493,3177,3177,0,RE-Report
26-017757,2026-03-08 12:03:51.000,11,SUN,8,12,A,DAY,MIDS,POLICE,PARKING COMPLAINT,4,Phone,"CRUZ, STEPHANIE",NULL,2026-03-08 12:03:49.000,NULL,2026-03-08 12:05:11.000,82,80,2,2026-03-08 12:12:25.153,434,434,0,2026-03-08 12:06:27.000,158,156,2,2026-03-08 12:12:25.153,516,516,0,2026-03-08 12:12:25.153,0,0,0,2026-03-08 12:24:05.360,700,700,0,2026-03-08 12:28:37.610,2026-03-08 12:28:37.610,0,NULL,2026-03-08 12:28:37.833,1488,1488,0,NR-No Report
26-017755,2026-03-08 12:04:29.000,11,SUN,8,12,A,DAY,MIDS,POLICE,TRAFFIC STOP,2,OFFICER,"CRUMP, CLAUDE H",NULL,2026-03-08 12:04:29.000,2026-03-08 12:04:37.000,2026-03-08 12:04:29.000,0,1,-1,2026-03-08 12:04:29.000,0,0,0,2026-03-08 12:04:29.000,0,NULL,0,2026-03-08 12:04:29.000,0,0,0,2026-03-08 12:04:29.000,0,0,0,2026-03-08 12:04:29.000,0,0,0,2026-03-08 12:12:02.843,2026-03-08 12:12:02.843,0,NULL,2026-03-08 12:12:02.940,453,453,0,NR-No Report
26-005787,2026-03-08 12:08:10.000,11,SUN,8,12,A,DAY,MIDS,FIRE,ELEVATOR,3,Phone,"BONSU, VALERIE",Automatic Dispatch,2026-03-08 12:08:08.000,2026-03-08 12:10:02.000,2026-03-08 12:09:27.000,79,77,2,2026-03-08 12:09:28.977,1,1,0,2026-03-08 12:10:51.000,163,161,2,2026-03-08 12:11:09.777,80,80,0,2026-03-08 12:11:09.777,101,100,1,NULL,NULL,-9999,NULL,2026-03-08 12:14:04.597,2026-03-08 12:14:04.597,0,NULL,2026-03-08 12:14:04.783,356,356,0,UNDEFINED
26-017758,2026-03-08 12:08:18.000,11,SUN,8,12,A,DAY,MIDS,POLICE,TRAFFIC STOP,2,Radio,"DEWBERRY, RE'KEYA","DEWBERRY, RE'KEYA",2026-03-08 12:08:18.000,2026-03-08 12:08:26.000,2026-03-08 12:08:18.000,0,0,0,2026-03-08 12:08:18.000,0,0,0,2026-03-08 12:08:18.000,0,0,0,2026-03-08 12:08:35.030,0,0,0,2026-03-08 12:08:18.000,0,0,0,2026-03-08 12:08:18.000,0,0,0,2026-03-08 12:08:47.127,2026-03-08 12:11:22.640,0,NULL,2026-03-08 12:11:22.807,184,184,0,NR-No Report
26-017759,2026-03-08 12:10:02.000,11,SUN,8,12,A,DAY,MIDS,POLICE,MVC HIT/RUN NO INJ DELAY,4,Phone,"CRUZ, STEPHANIE","DEWBERRY, RE'KEYA",2026-03-08 12:10:00.000,2026-03-08 12:12:42.000,2026-03-08 12:11:19.000,79,77,2,2026-03-08 12:18:16.607,417,417,0,2026-03-08 12:16:24.000,384,382,2,2026-03-08 12:18:52.370,496,496,0,2026-03-08 12:18:52.370,36,35,1,2026-03-08 12:47:04.097,1692,1691,1,2026-03-08 13:52:56.687,2026-03-08 13:52:55.710,0,NULL,2026-03-08 13:52:55.710,6175,6176,-1,RE-Report
26-005788,2026-03-08 12:17:22.000,11,SUN,8,12,A,DAY,MIDS,EMS,BLS EMERGENCY,3,E-911,"WALKER, LATITIA",Automatic Dispatch,2026-03-08 12:17:22.000,2026-03-08 12:19:29.000,2026-03-08 12:19:05.000,103,103,0,2026-03-08 12:19:07.777,2,2,0,2026-03-08 12:20:46.000,204,204,0,2026-03-08 12:20:18.593,105,105,0,2026-03-08 12:20:18.593,71,70,1,2026-03-08 12:27:49.307,451,450,1,2026-03-08 13:29:34.043,2026-03-08 13:29:34.043,0,NULL,2026-03-08 13:29:34.297,4332,4332,0,UNDEFINED
26-017760,2026-03-08 12:18:57.000,11,SUN,8,12,A,DAY,MIDS,POLICE,PROTECTIVE ORDER ISSUED,4,Radio,"DEWBERRY, RE'KEYA","DEWBERRY, RE'KEYA",2026-03-08 12:18:56.000,NULL,2026-03-08 12:19:10.000,14,13,1,2026-03-08 12:19:20.713,10,10,0,2026-03-08 12:19:27.000,31,30,1,2026-03-08 12:19:20.780,24,24,0,2026-03-08 12:19:20.780,0,0,0,2026-03-08 12:19:22.303,2,1,1,2026-03-08 12:42:10.243,2026-03-08 12:42:10.243,0,NULL,2026-03-08 12:42:10.260,1394,1394,0,NR-No Report
26-017763,2026-03-08 12:24:15.000,11,SUN,8,12,A,DAY,MIDS,POLICE,RUNAWAY IN PROG,2,E-911,"WALKER, LATITIA","DEWBERRY, RE'KEYA",2026-03-08 12:24:14.000,2026-03-08 12:31:01.000,2026-03-08 12:29:47.000,333,332,1,2026-03-08 12:33:53.470,246,246,0,2026-03-08 12:38:28.000,854,853,1,2026-03-08 12:34:01.760,579,579,0,2026-03-08 12:34:01.760,8,8,0,2026-03-08 12:38:21.560,260,259,1,2026-03-08 15:56:50.187,2026-03-08 15:56:50.187,0,NULL,2026-03-08 15:56:50.323,12756,12756,0,RE-Report
26-005789,2026-03-08 12:34:57.000,11,SUN,8,12,A,DAY,MIDS,FIRE,FIRE ALARM,3,E-911,"BONSU, VALERIE",Automatic Dispatch,2026-03-08 12:34:55.000,2026-03-08 12:40:04.000,2026-03-08 12:39:34.000,279,277,2,2026-03-08 12:39:36.520,2,2,0,2026-03-08 12:39:43.000,288,286,2,2026-03-08 12:40:34.287,281,281,0,2026-03-08 12:40:34.287,58,57,1,2026-03-08 12:43:34.927,180,180,0,2026-03-08 12:51:16.437,2026-03-08 12:51:16.437,0,NULL,2026-03-08 12:51:16.583,981,981,0,UNDEFINED
26-005790,2026-03-08 12:41:35.000,11,SUN,8,12,A,DAY,MIDS,EMS,PUBLIC SERVICE EMS,4,E-911,"BONSU, VALERIE",Automatic Dispatch,2026-03-08 12:41:34.000,2026-03-08 12:44:05.000,2026-03-08 12:43:47.000,133,132,1,2026-03-08 12:43:49.530,2,2,0,2026-03-08 12:43:47.000,133,NULL,133,2026-03-08 12:45:07.080,135,135,0,2026-03-08 12:45:07.080,78,77,1,2026-03-08 12:47:26.083,139,139,0,2026-03-08 12:57:21.160,2026-03-08 12:57:21.160,0,NULL,2026-03-08 12:57:21.453,947,947,0,UNDEFINED
26-017765,2026-03-08 12:44:25.000,11,SUN,8,12,A,DAY,MIDS,POLICE,TRAFFIC STOP,2,OFFICER,"STERLING, DAVON",NULL,2026-03-08 12:44:25.000,2026-03-08 12:44:34.000,2026-03-08 12:44:25.000,0,3,-3,2026-03-08 12:44:25.000,0,0,0,2026-03-08 12:44:25.000,0,NULL,0,2026-03-08 12:44:25.000,0,0,0,2026-03-08 12:44:25.000,0,0,0,2026-03-08 12:44:25.000,0,0,0,2026-03-08 12:47:28.017,2026-03-08 12:47:28.017,0,NULL,2026-03-08 12:47:28.117,183,183,0,NR-No Report
26-017766,2026-03-08 12:49:59.000,11,SUN,8,12,A,DAY,MIDS,POLICE,SUSPICIOUS EVENT,3,E-911,"CRUZ, STEPHANIE","DEWBERRY, RE'KEYA",2026-03-08 12:49:58.000,2026-03-08 12:55:08.000,2026-03-08 12:54:19.000,261,260,1,2026-03-08 12:56:59.960,160,160,0,2026-03-08 12:56:24.000,386,385,1,2026-03-08 12:57:09.063,421,421,0,2026-03-08 12:57:09.063,10,9,1,2026-03-08 13:05:46.613,517,517,0,2026-03-08 13:15:54.147,2026-03-08 14:06:22.677,0,NULL,2026-03-08 14:06:22.770,4584,4584,0,NR-No Report
26-017770,2026-03-08 13:04:34.000,11,SUN,8,13,A,DAY,MIDS,POLICE,MISSING PERSON CRITICAL,1,E-911,"BONSU, VALERIE",NULL,2026-03-08 13:04:32.000,2026-03-08 13:07:18.000,2026-03-08 13:07:13.000,161,159,2,2026-03-08 13:08:13.937,60,60,0,2026-03-08 13:21:17.000,1005,1003,2,2026-03-08 13:08:14.043,221,221,0,2026-03-08 13:08:14.043,1,0,1,2026-03-08 13:09:17.873,63,63,0,2026-03-08 13:48:55.387,2026-03-08 17:11:05.167,0,NULL,2026-03-08 17:11:05.227,14793,14793,0,RE-Report
26-017769,2026-03-08 13:05:35.000,11,SUN,8,13,A,DAY,MIDS,POLICE,DISORDERLY CONDUCT,2,Phone,"CRUZ, STEPHANIE","DEWBERRY, RE'KEYA",2026-03-08 13:05:33.000,2026-03-08 13:06:44.000,2026-03-08 13:06:40.000,67,65,2,2026-03-08 13:10:12.360,212,212,0,2026-03-08 13:10:28.000,295,293,2,2026-03-08 13:10:12.437,279,279,0,2026-03-08 13:10:12.437,0,0,0,2026-03-08 13:10:13.943,1,1,0,2026-03-08 13:20:28.887,2026-03-08 13:20:28.887,0,NULL,2026-03-08 13:20:28.970,895,895,0,NR-No Report
26-017768,2026-03-08 13:06:38.000,11,SUN,8,13,A,DAY,MIDS,POLICE,OFF DUTY DETAIL,8,NOT CAPTURED,"DEWBERRY, RE'KEYA","DEWBERRY, RE'KEYA",2026-03-08 13:06:38.000,NULL,2026-03-08 13:06:38.000,0,0,0,2026-03-08 13:06:38.000,0,0,0,2026-03-08 13:06:38.000,0,0,0,2026-03-08 13:26:38.453,0,0,0,2026-03-08 13:06:38.000,0,0,0,2026-03-08 13:06:38.000,0,0,0,2026-03-08 15:37:50.693,2026-03-08 15:37:50.693,0,NULL,2026-03-08 15:37:50.790,9072,9072,0,NR-No Report
26-017772,2026-03-08 13:21:20.000,11,SUN,8,13,A,DAY,MIDS,POLICE,ASSIST OUTSIDE AGENCY,1,E-911,"BONSU, VALERIE","DEWBERRY, RE'KEYA",2026-03-08 13:21:19.000,2026-03-08 13:22:48.000,2026-03-08 13:22:46.000,87,86,1,2026-03-08 13:23:18.487,32,32,0,2026-03-08 13:23:29.000,130,129,1,2026-03-08 13:23:19.017,119,119,0,2026-03-08 13:23:19.017,1,0,1,2026-03-08 13:24:30.173,71,71,0,2026-03-08 13:26:20.683,2026-03-08 13:26:23.520,0,NULL,2026-03-08 13:26:23.760,304,304,0,NR-No Report
26-005791,2026-03-08 13:29:19.010,11,SUN,8,13,A,DAY,MIDS,EMS,MUTUAL BLS,1,C2C,CAD to CAD Service 1,CAD to CAD Service 1,2026-03-08 13:25:52.000,NULL,2026-03-08 13:29:19.653,207,0,207,2026-03-08 13:29:19.713,0,0,0,NULL,NULL,NULL,NULL,2026-03-08 13:30:30.290,207,-9999,10206,2026-03-08 13:30:30.290,71,70,1,2026-03-08 13:34:33.287,243,242,1,2026-03-08 13:37:37.630,2026-03-08 14:41:10.100,0,NULL,2026-03-08 14:41:10.210,4518,4518,0,UNDEFINED
26-005792,2026-03-08 13:29:53.673,11,SUN,8,13,A,DAY,MIDS,FIRE,MUTUAL AID,1,CAD2CAD,CAD to CAD Service 1,CAD to CAD Service 1,2026-03-08 13:29:08.000,2026-03-08 13:37:52.000,2026-03-08 13:29:54.377,46,0,46,2026-03-08 13:29:54.437,0,0,0,NULL,NULL,NULL,NULL,2026-03-08 13:30:59.777,46,-9999,10045,2026-03-08 13:30:59.777,65,65,0,2026-03-08 13:35:33.137,274,273,1,2026-03-08 13:52:29.907,2026-03-08 14:16:26.017,0,NULL,2026-03-08 14:16:26.030,2838,2838,0,UNDEFINED
26-017774,2026-03-08 13:31:35.000,11,SUN,8,13,A,DAY,MIDS,POLICE,GLA DELAY,4,Phone,"CRUZ, STEPHANIE","WALKER, LATITIA",2026-03-08 13:31:33.000,2026-03-08 13:58:34.000,2026-03-08 13:37:04.000,331,329,2,2026-03-08 14:36:11.147,3547,3547,0,2026-03-08 13:40:56.000,563,561,2,2026-03-08 14:36:11.217,3878,3878,0,2026-03-08 14:36:11.217,0,0,0,2026-03-08 14:36:11.277,0,0,0,2026-03-08 15:48:52.363,2026-03-08 15:48:52.493,0,NULL,2026-03-08 15:48:52.597,8239,8239,0,DUPPD-Duplicate Police
26-017775,2026-03-08 13:40:08.000,11,SUN,8,13,A,DAY,MIDS,POLICE,DRUG COMPLAINT IN PROG,2,Phone,"SMITH, TERESA","DEWBERRY, RE'KEYA",2026-03-08 13:40:08.000,2026-03-08 13:41:22.000,2026-03-08 13:40:56.000,48,48,0,2026-03-08 13:41:52.567,56,56,0,2026-03-08 13:41:17.000,69,69,0,2026-03-08 13:41:55.300,104,104,0,2026-03-08 13:41:55.300,3,2,1,2026-03-08 13:54:08.347,733,733,0,2026-03-08 13:57:49.797,2026-03-08 14:03:30.437,0,NULL,2026-03-08 14:03:30.610,1402,1402,0,NR-No Report
26-005793,2026-03-08 13:43:57.240,11,SUN,8,13,A,DAY,MIDS,EMS,MUTUAL ALS,1,C2C,CAD to CAD Service 1,CAD to CAD Service 1,2026-03-08 13:42:22.000,NULL,2026-03-08 13:43:58.083,96,0,96,2026-03-08 13:43:58.193,0,0,0,NULL,NULL,NULL,NULL,2026-03-08 13:44:53.280,96,107,-11,2026-03-08 13:44:53.280,55,55,0,2026-03-08 13:50:24.583,331,331,0,2026-03-08 13:47:08.790,2026-03-08 14:35:27.787,0,NULL,2026-03-08 14:35:27.837,3185,3185,0,CAD2CAD
26-017777,2026-03-08 13:48:26.000,11,SUN,8,13,A,DAY,MIDS,POLICE,SUSPICIOUS EVENT,2,Phone,"SMITH, TERESA","DEWBERRY, RE'KEYA",2026-03-08 13:48:26.000,2026-03-08 13:50:13.000,2026-03-08 13:48:49.000,23,23,0,2026-03-08 13:50:27.293,98,98,0,2026-03-08 14:00:59.000,753,753,0,2026-03-08 13:50:32.400,121,121,0,2026-03-08 13:50:32.400,5,5,0,2026-03-08 13:55:50.963,318,318,0,2026-03-08 14:04:22.613,2026-03-08 14:40:27.330,0,NULL,2026-03-08 14:40:27.530,3121,3121,0,NR-No Report
26-017778,2026-03-08 13:49:45.000,11,SUN,8,13,A,DAY,MIDS,POLICE,ON VIEW,2,Radio,"DEWBERRY, RE'KEYA","DEWBERRY, RE'KEYA",2026-03-08 13:49:45.000,2026-03-08 13:51:12.000,2026-03-08 13:49:45.000,0,0,0,2026-03-08 13:49:45.000,0,0,0,2026-03-08 13:49:45.000,0,0,0,2026-03-08 13:49:52.117,0,0,0,2026-03-08 13:49:45.000,0,0,0,2026-03-08 13:49:45.000,0,0,0,2026-03-08 15:04:29.133,2026-03-08 16:24:35.193,0,NULL,2026-03-08 16:24:35.267,9290,9290,0,RE-Report
26-017782,2026-03-08 13:58:05.000,11,SUN,8,13,A,DAY,MIDS,POLICE,DOMESTIC VIOL NO INJ,2,Phone,"JONES, DAESHA","WALKER, LATITIA",2026-03-08 13:58:03.000,2026-03-08 14:07:15.000,2026-03-08 14:07:05.000,542,540,2,2026-03-08 14:15:21.650,496,496,0,2026-03-08 14:17:02.000,1139,1137,2,2026-03-08 14:15:21.813,1038,1038,0,2026-03-08 14:15:21.813,0,0,0,2026-03-08 14:55:24.863,2403,2403,0,2026-03-08 15:19:18.210,2026-03-08 15:56:00.643,0,NULL,2026-03-08 15:56:00.727,7077,7077,0,NR-No Report
26-005794,2026-03-08 14:18:59.000,11,SUN,8,14,A,DAY,LATE,EMS,TROUBLE BREATHING ALS 1,1,E-911,"BONSU, VALERIE",Automatic Dispatch,2026-03-08 14:18:59.000,2026-03-08 14:20:10.000,2026-03-08 14:20:01.000,62,62,0,2026-03-08 14:20:03.790,2,2,0,2026-03-08 14:21:44.000,165,165,0,2026-03-08 14:20:53.960,64,64,0,2026-03-08 14:20:53.960,50,50,0,2026-03-08 14:23:23.910,150,149,1,2026-03-08 14:27:47.090,2026-03-08 16:07:34.870,0,NULL,2026-03-08 16:07:34.950,6515,6515,0,UNDEFINED
26-017786,2026-03-08 14:22:38.000,11,SUN,8,14,A,DAY,LATE,POLICE,DISORDERLY CONDUCT,2,E-911,"BONSU, VALERIE",NULL,2026-03-08 14:22:38.000,2026-03-08 14:25:35.000,2026-03-08 14:25:08.000,150,150,0,2026-03-08 14:25:45.703,37,37,0,2026-03-08 14:39:18.000,1000,1000,0,2026-03-08 14:25:49.443,187,187,0,2026-03-08 14:25:49.443,4,3,1,2026-03-08 14:33:16.350,447,446,1,2026-03-08 15:22:17.613,2026-03-08 16:39:42.047,0,NULL,2026-03-08 16:39:42.077,8224,8224,0,NR-No Report
26-005795,2026-03-08 14:24:03.047,11,SUN,8,14,A,DAY,LATE,EMS,MUTUAL ALS,1,C2C,CAD to CAD Service 1,CAD to CAD Service 1,2026-03-08 14:23:26.000,NULL,2026-03-08 14:24:04.143,38,0,38,2026-03-08 14:24:04.207,0,0,0,NULL,NULL,NULL,NULL,2026-03-08 14:24:59.973,38,-9999,10037,2026-03-08 14:24:59.973,55,55,0,2026-03-08 14:26:42.083,103,102,1,2026-03-08 15:11:47.917,2026-03-08 15:38:30.750,0,NULL,2026-03-08 15:38:30.797,4504,4504,0,CAD2CAD
26-017787,2026-03-08 14:26:24.000,11,SUN,8,14,A,DAY,LATE,POLICE,PARKING COMPLAINT,3,Phone,"JONES, DAESHA",NULL,2026-03-08 14:26:24.000,NULL,2026-03-08 14:26:42.000,18,18,0,2026-03-08 14:33:54.317,432,432,0,2026-03-08 14:29:25.000,181,181,0,2026-03-08 14:33:54.317,450,450,0,2026-03-08 14:33:54.317,0,0,0,2026-03-08 14:36:51.560,177,177,0,2026-03-08 14:45:41.427,2026-03-08 14:45:41.427,0,NULL,2026-03-08 14:45:42.090,1157,1157,0,NR-No Report
26-017788,2026-03-08 14:34:28.000,11,SUN,8,14,A,DAY,LATE,POLICE,ON VIEW,2,NOT CAPTURED,"WALKER, LATITIA","WALKER, LATITIA",2026-03-08 14:34:28.000,2026-03-08 14:35:03.000,2026-03-08 14:34:28.000,0,0,0,2026-03-08 14:34:28.000,0,0,0,2026-03-08 14:34:28.000,0,0,0,2026-03-08 14:35:04.140,0,0,0,2026-03-08 14:34:28.000,0,0,0,2026-03-08 14:34:28.000,0,0,0,2026-03-08 14:35:41.900,2026-03-08 14:35:49.157,0,NULL,2026-03-08 14:35:49.247,81,81,0,RE-Report
26-017789,2026-03-08 14:36:31.000,11,SUN,8,14,A,DAY,LATE,POLICE,TRESPASSING IN PROG,2,Phone,"BONSU, VALERIE","WALKER, LATITIA",2026-03-08 14:36:31.000,2026-03-08 14:40:15.000,2026-03-08 14:39:11.000,160,160,0,2026-03-08 14:40:09.567,58,58,0,2026-03-08 14:39:17.000,166,166,0,2026-03-08 14:40:09.633,218,218,0,2026-03-08 14:40:09.633,0,0,0,2026-03-08 14:44:42.533,273,272,1,2026-03-08 15:01:33.493,2026-03-08 15:10:00.617,0,NULL,2026-03-08 15:10:00.887,2009,2009,0,NR-No Report
26-017790,2026-03-08 14:39:59.000,11,SUN,8,14,A,DAY,LATE,POLICE,MVC HIT/RUN NO INJURY,2,E-911,"BONSU, VALERIE",NULL,2026-03-08 14:39:59.000,2026-03-08 14:41:34.000,2026-03-08 14:41:07.000,68,68,0,2026-03-08 14:42:30.893,83,83,0,2026-03-08 14:50:01.000,602,602,0,2026-03-08 14:42:54.183,151,151,0,2026-03-08 14:42:54.183,24,23,1,2026-03-08 14:45:56.030,182,181,1,2026-03-08 15:23:13.817,2026-03-08 15:37:47.663,0,NULL,2026-03-08 15:37:47.930,3468,3468,0,NR-No Report
26-017792,2026-03-08 14:46:42.000,11,SUN,8,14,A,DAY,LATE,POLICE,WARRANT SERVICE,2,Radio,"WALKER, LATITIA",NULL,2026-03-08 14:46:40.000,NULL,2026-03-08 14:47:08.000,28,26,2,2026-03-08 15:51:12.713,3844,3844,0,2026-03-08 14:47:09.000,29,27,2,2026-03-08 15:51:12.713,3872,3872,0,2026-03-08 15:51:12.713,0,-9999,9999,NULL,NULL,-9999,NULL,2026-03-08 15:51:23.137,2026-03-08 15:51:23.137,0,NULL,2026-03-08 15:51:23.227,3883,3883,0,RE-Report
26-005796,2026-03-08 14:48:23.717,11,SUN,8,14,A,DAY,LATE,EMS,MUTUAL BLS,1,C2C,CAD to CAD Service 1,CAD to CAD Service 1,2026-03-08 14:43:16.000,NULL,2026-03-08 14:48:24.437,308,0,308,2026-03-08 14:48:24.517,0,0,0,NULL,NULL,NULL,NULL,2026-03-08 14:48:37.660,308,473,-165,2026-03-08 14:48:37.660,13,0,13,2026-03-08 14:51:39.243,182,181,1,2026-03-08 14:51:39.870,2026-03-08 16:14:08.173,0,NULL,2026-03-08 16:14:08.233,5452,5452,0,UNDEFINED
26-017793,2026-03-08 14:49:54.000,11,SUN,8,14,A,DAY,LATE,POLICE,MENTAL HEALTH CASE,2,VCIN,"CRUZ, STEPHANIE","BONSU, VALERIE",2026-03-08 14:49:52.000,2026-03-08 14:51:27.000,2026-03-08 14:51:27.000,95,93,2,2026-03-08 14:59:01.207,454,454,0,2026-03-08 14:55:14.000,322,320,2,2026-03-08 14:59:35.950,549,549,0,2026-03-08 14:59:35.950,34,0,34,2026-03-08 15:16:52.220,1037,1036,1,2026-03-08 17:37:37.527,2026-03-08 21:23:21.220,0,NULL,2026-03-08 21:23:21.337,23609,23609,0,RE-Report
26-005797,2026-03-08 14:57:05.743,11,SUN,8,14,A,DAY,LATE,EMS,MUTUAL ALS,1,C2C,CAD to CAD Service 1,CAD to CAD Service 1,2026-03-08 14:55:24.000,NULL,2026-03-08 14:57:07.587,103,0,103,2026-03-08 14:57:07.663,0,0,0,NULL,NULL,NULL,NULL,2026-03-08 14:58:06.300,103,-9999,10102,2026-03-08 14:58:06.300,59,58,1,2026-03-08 15:04:02.750,356,356,0,2026-03-08 15:22:03.530,2026-03-08 16:05:09.397,0,NULL,2026-03-08 16:05:09.613,4185,4185,0,UNDEFINED
26-005798,2026-03-08 15:04:18.903,11,SUN,8,15,A,DAY,LATE,EMS,MUTUAL BLS,1,C2C,CAD to CAD Service 1,CAD to CAD Service 1,2026-03-08 15:02:52.000,2026-03-08 16:33:39.000,2026-03-08 15:04:19.653,87,0,87,2026-03-08 15:04:19.760,0,0,0,NULL,NULL,NULL,NULL,2026-03-08 15:04:37.350,87,-9999,10086,2026-03-08 15:04:37.350,18,17,1,2026-03-08 15:11:11.990,394,394,0,2026-03-08 15:20:24.413,2026-03-08 16:46:14.437,0,NULL,2026-03-08 16:46:14.560,6202,6202,0,UNDEFINED
26-017798,2026-03-08 15:17:32.000,11,SUN,8,15,A,DAY,LATE,POLICE,ALARM RESIDENTIAL,2,Text,"SWINTON, LATOYA","WALKER, LATITIA",2026-03-08 15:17:30.000,2026-03-08 15:19:58.000,2026-03-08 15:18:11.000,41,39,2,2026-03-08 15:21:04.847,173,173,0,2026-03-08 15:19:36.000,126,124,2,2026-03-08 15:21:11.503,214,214,0,2026-03-08 15:21:11.503,7,6,1,NULL,NULL,-9999,NULL,2026-03-08 15:23:47.417,2026-03-08 15:23:51.980,0,NULL,2026-03-08 15:23:52.073,381,381,0,NR-No Report
26-005800,2026-03-08 15:20:57.000,11,SUN,8,15,A,DAY,LATE,FIRE,PUBLIC SERVICE FIRE,4,Phone,"JONES, DAESHA",Automatic Dispatch,2026-03-08 15:20:55.000,2026-03-08 15:22:47.000,2026-03-08 15:22:38.000,103,101,2,2026-03-08 15:22:40.920,2,2,0,2026-03-08 15:24:22.000,207,205,2,2026-03-08 15:24:30.597,105,105,0,2026-03-08 15:24:30.597,110,109,1,2026-03-08 15:30:04.577,334,333,1,2026-03-08 15:44:49.800,2026-03-08 15:44:49.800,0,NULL,2026-03-08 15:44:50.013,1434,1434,0,UNDEFINED
26-017800,2026-03-08 15:22:39.000,11,SUN,8,15,A,DAY,LATE,POLICE,DISORDERLY CONDUCT,2,Phone,"SMITH, TERESA",NULL,2026-03-08 15:22:37.000,2026-03-08 15:23:55.000,2026-03-08 15:23:27.000,50,48,2,2026-03-08 15:26:28.997,181,181,0,2026-03-08 15:26:22.000,225,223,2,2026-03-08 15:26:36.943,231,231,0,2026-03-08 15:26:36.943,8,7,1,2026-03-08 15:36:16.530,580,579,1,2026-03-08 15:27:15.037,2026-03-08 16:12:12.963,0,NULL,2026-03-08 16:12:13.253,2975,2975,0,NR-No Report
26-017802,2026-03-08 15:27:27.000,11,SUN,8,15,A,DAY,LATE,POLICE,BOLO,2,Phone,"JONES, DAESHA","WALKER, LATITIA",2026-03-08 15:27:25.000,2026-03-08 15:29:16.000,2026-03-08 15:29:12.000,107,105,2,2026-03-08 15:32:06.473,174,174,0,2026-03-08 15:31:41.000,256,254,2,2026-03-08 15:32:06.563,281,281,0,2026-03-08 15:32:06.563,0,0,0,NULL,NULL,-9999,NULL,NULL,2026-03-08 15:52:40.000,0,NULL,NULL,1515,1515,0,NR-No Report
26-017803,2026-03-08 15:30:05.000,11,SUN,8,15,A,DAY,LATE,POLICE,ASSIST CITIZEN PROMPT,3,Radio,"DEWBERRY, RE'KEYA","BONSU, VALERIE",2026-03-08 15:30:03.000,2026-03-08 15:31:21.000,2026-03-08 15:30:27.000,24,22,2,2026-03-08 15:32:42.057,135,135,0,2026-03-08 15:31:17.000,74,72,2,2026-03-08 15:32:42.117,159,159,0,2026-03-08 15:32:42.117,0,0,0,2026-03-08 17:02:04.943,5362,5362,0,2026-03-08 16:54:37.067,2026-03-08 17:37:44.523,0,NULL,2026-03-08 17:37:44.540,7661,7661,0,NR-No Report
26-017805,2026-03-08 15:33:23.000,11,SUN,8,15,A,DAY,LATE,POLICE,MVC INJURY,1,E-911,"BONSU, VALERIE",NULL,2026-03-08 15:33:23.000,2026-03-08 15:33:57.000,2026-03-08 15:33:54.000,31,31,0,2026-03-08 15:34:45.593,51,51,0,2026-03-08 15:36:08.000,165,165,0,2026-03-08 15:34:45.660,82,82,0,2026-03-08 15:34:45.660,0,0,0,2026-03-08 15:35:21.053,36,35,1,2026-03-08 15:37:39.783,2026-03-08 18:23:11.723,0,NULL,2026-03-08 18:23:11.873,10188,10188,0,CI-Citation
26-005801,2026-03-08 15:33:54.000,11,SUN,8,15,A,DAY,LATE,FIRE,MVC AUTO,2,E-911,"BONSU, VALERIE",Automatic Dispatch,2026-03-08 15:33:54.000,2026-03-08 15:34:11.000,2026-03-08 15:33:54.000,0,NULL,0,2026-03-08 15:33:57.437,3,3,0,2026-03-08 15:33:54.000,0,0,0,2026-03-08 15:35:08.923,3,2,1,2026-03-08 15:35:08.923,71,71,0,2026-03-08 15:37:32.527,144,143,1,2026-03-08 15:43:11.507,2026-03-08 15:46:22.207,0,NULL,2026-03-08 15:46:22.420,748,747,1,UNDEFINED
26-005802,2026-03-08 15:37:38.127,11,SUN,8,15,A,DAY,LATE,EMS,MUTUAL BLS,1,CAD2CAD,CAD to CAD Service 1,CAD to CAD Service 1,2026-03-08 15:36:33.000,2026-03-08 16:05:20.000,2026-03-08 15:37:39.113,66,0,66,2026-03-08 15:37:39.220,0,0,0,NULL,NULL,NULL,NULL,2026-03-08 15:37:48.397,66,71,-5,2026-03-08 15:37:48.397,9,9,0,2026-03-08 15:42:05.753,257,257,0,2026-03-08 15:40:24.827,2026-03-08 16:09:19.497,0,NULL,2026-03-08 16:09:19.547,1966,1966,0,CAD2CAD
26-017810,2026-03-08 15:51:21.000,11,SUN,8,15,A,DAY,LATE,POLICE,OFF DUTY DETAIL,8,OFFICER,"WALL, RACHEL L",NULL,2026-03-08 15:51:21.000,2026-03-08 15:51:45.000,2026-03-08 15:51:21.000,0,1,-1,2026-03-08 15:51:21.000,0,0,0,2026-03-08 15:51:21.000,0,NULL,0,2026-03-08 15:51:21.000,0,0,0,2026-03-08 15:51:21.000,0,0,0,2026-03-08 15:51:21.000,0,0,0,2026-03-08 22:52:25.297,2026-03-08 22:52:25.297,0,NULL,2026-03-08 22:52:25.323,25264,25264,0,NR-No Report
26-005803,2026-03-08 15:57:31.263,11,SUN,8,15,A,DAY,LATE,EMS,MUTUAL ALS,1,C2C,CAD to CAD Service 1,CAD to CAD Service 1,2026-03-08 15:56:05.000,2026-03-08 16:33:31.000,2026-03-08 15:57:31.933,86,0,86,2026-03-08 15:57:31.997,0,0,0,NULL,NULL,NULL,NULL,2026-03-08 15:57:44.697,86,-9999,10085,2026-03-08 15:57:44.697,13,12,1,2026-03-08 16:03:59.270,375,374,1,2026-03-08 17:10:32.117,2026-03-08 17:14:14.317,0,NULL,2026-03-08 17:14:14.413,4689,4689,0,UNDEFINED
26-017811,2026-03-08 16:02:10.000,11,SUN,8,16,A,DAY,LATE,POLICE,OFF DUTY DETAIL,8,OFFICER,"WEIDMAN, STEPHEN A",NULL,2026-03-08 16:02:10.000,2026-03-08 16:02:17.000,2026-03-08 16:02:10.000,0,1,-1,2026-03-08 16:02:10.000,0,0,0,2026-03-08 16:02:10.000,0,NULL,0,2026-03-08 16:02:10.000,0,0,0,2026-03-08 16:02:10.000,0,0,0,2026-03-08 16:02:10.000,0,0,0,2026-03-08 19:57:42.043,2026-03-08 19:57:42.043,0,NULL,2026-03-08 19:57:42.123,14132,14132,0,NR-No Report
26-017812,2026-03-08 16:06:37.000,11,SUN,8,16,A,DAY,LATE,POLICE,MVC HIT/RUN NO INJURY,2,E-911,"WALKER, LATITIA",NULL,2026-03-08 16:06:36.000,2026-03-08 16:10:23.000,2026-03-08 16:07:24.000,48,47,1,2026-03-08 16:11:27.400,243,243,0,2026-03-08 16:10:18.000,222,221,1,2026-03-08 16:11:32.633,291,291,0,2026-03-08 16:11:32.633,5,5,0,2026-03-08 16:16:14.040,282,281,1,2026-03-08 17:36:39.477,2026-03-08 18:56:55.157,0,NULL,2026-03-08 18:56:55.250,10219,10219,0,NR-No Report
26-005804,2026-03-08 16:14:17.067,11,SUN,8,16,A,DAY,LATE,EMS,MUTUAL ALS,1,CAD2CAD,CAD to CAD Service 1,CAD to CAD Service 1,2026-03-08 16:12:43.000,2026-03-08 16:20:07.000,2026-03-08 16:14:18.033,95,0,95,2026-03-08 16:14:18.173,0,0,0,NULL,NULL,NULL,NULL,2026-03-08 16:15:14.577,95,-9999,10094,2026-03-08 16:15:14.577,56,56,0,2026-03-08 16:19:54.340,280,279,1,2026-03-08 16:31:46.327,2026-03-08 17:56:02.727,0,NULL,2026-03-08 17:56:02.810,6199,6199,0,UNDEFINED
26-005805,2026-03-08 16:23:29.000,11,SUN,8,16,A,DAY,LATE,FIRE,FIRE ALARM,3,Phone,"JONES, DAESHA",Automatic Dispatch,2026-03-08 16:23:27.000,2026-03-08 16:24:17.000,2026-03-08 16:23:51.000,24,22,2,2026-03-08 16:23:53.613,2,2,0,2026-03-08 16:25:52.000,145,143,2,2026-03-08 16:25:15.447,26,26,0,2026-03-08 16:25:15.447,82,81,1,2026-03-08 16:27:03.653,108,108,0,2026-03-08 16:34:43.797,2026-03-08 16:34:43.797,0,NULL,2026-03-08 16:34:43.927,676,676,0,UNDEFINED
26-005806,2026-03-08 16:25:16.630,11,SUN,8,16,A,DAY,LATE,FIRE,MUTUAL MVC,1,C2C,CAD to CAD Service 1,CAD to CAD Service 1,2026-03-08 16:24:50.000,2026-03-08 16:33:19.000,2026-03-08 16:25:17.473,27,0,27,2026-03-08 16:25:17.550,0,0,0,NULL,NULL,NULL,NULL,2026-03-08 16:26:17.717,27,-9999,10026,2026-03-08 16:26:17.717,60,56,4,2026-03-08 16:30:17.547,240,239,1,2026-03-08 16:32:59.163,2026-03-08 16:35:58.970,0,NULL,2026-03-08 16:35:59.187,668,668,0,UNDEFINED
26-017816,2026-03-08 16:26:13.000,11,SUN,8,16,A,DAY,LATE,POLICE,SUSPICIOUS PACKAGE,3,Phone,"FOSTER, KANESHA","BONSU, VALERIE",2026-03-08 16:26:11.000,2026-03-08 16:41:34.000,2026-03-08 16:28:21.000,130,128,2,2026-03-08 16:41:46.367,805,805,0,2026-03-08 16:28:42.000,151,149,2,2026-03-08 16:41:46.437,935,935,0,2026-03-08 16:41:46.437,0,0,0,2026-03-08 16:41:47.827,1,1,0,2026-03-08 16:53:35.190,2026-03-08 16:53:35.190,0,NULL,2026-03-08 16:53:35.307,1644,1644,0,NR-No Report
26-017817,2026-03-08 16:46:47.000,11,SUN,8,16,A,DAY,LATE,POLICE,PARKING COMPLAINT,4,Phone,"DEWBERRY, RE'KEYA",NULL,2026-03-08 16:46:45.000,2026-03-08 16:50:07.000,2026-03-08 16:48:16.000,91,89,2,2026-03-08 16:49:16.827,60,60,0,2026-03-08 16:48:16.000,91,NULL,91,2026-03-08 16:49:16.827,151,151,0,2026-03-08 16:49:16.827,0,0,0,NULL,NULL,-9999,NULL,NULL,2026-03-08 16:50:14.000,0,NULL,NULL,209,209,0,CN-Cancellation
26-005807,2026-03-08 16:53:33.000,11,SUN,8,16,A,DAY,LATE,FIRE,FIRE ALARM,3,Phone,"WALKER, LATITIA",Automatic Dispatch,2026-03-08 16:53:31.000,2026-03-08 16:53:56.000,2026-03-08 16:53:46.000,15,13,2,2026-03-08 16:53:48.350,2,2,0,2026-03-08 16:55:00.000,89,87,2,2026-03-08 16:55:28.040,17,17,0,2026-03-08 16:55:28.040,100,99,1,2026-03-08 16:56:43.270,75,75,0,2026-03-08 17:06:15.133,2026-03-08 17:06:15.133,0,NULL,2026-03-08 17:06:15.280,764,764,0,UNDEFINED
26-005808,2026-03-08 16:55:12.000,11,SUN,8,16,A,DAY,LATE,EMS,BLS EMERGENCY,3,E-911,"CRUZ, STEPHANIE",Automatic Dispatch,2026-03-08 16:55:12.000,2026-03-08 16:56:30.000,2026-03-08 16:56:24.000,72,72,0,2026-03-08 16:56:27.253,3,3,0,2026-03-08 16:58:41.000,209,209,0,2026-03-08 16:57:33.217,75,75,0,2026-03-08 16:57:33.217,66,65,1,2026-03-08 17:08:02.020,629,628,1,2026-03-08 18:12:36.950,2026-03-08 18:12:36.950,0,NULL,2026-03-08 18:12:37.040,4644,4644,0,UNDEFINED
26-005809,2026-03-08 16:57:47.000,11,SUN,8,16,A,DAY,LATE,FIRE,CO ALARM,2,Phone,"DEWBERRY, RE'KEYA",Automatic Dispatch,2026-03-08 16:57:47.000,2026-03-08 16:58:21.000,2026-03-08 16:58:12.000,25,25,0,2026-03-08 16:58:14.260,2,2,0,2026-03-08 17:02:09.000,262,262,0,2026-03-08 16:59:51.493,27,27,0,2026-03-08 16:59:51.493,97,97,0,2026-03-08 17:02:56.630,185,185,0,2026-03-08 17:17:26.570,2026-03-08 17:17:26.570,0,NULL,2026-03-08 17:17:26.840,1179,1179,0,UNDEFINED
26-017819,2026-03-08 17:00:15.000,11,SUN,8,17,A,DAY,LATE,POLICE,LARCENY COMM IN PROG,2,E-911,"WALKER, LATITIA","BONSU, VALERIE",2026-03-08 17:00:14.000,2026-03-08 17:02:01.000,2026-03-08 17:00:40.000,26,25,1,2026-03-08 17:11:16.597,636,636,0,2026-03-08 17:02:22.000,128,127,1,2026-03-08 17:11:20.290,662,662,0,2026-03-08 17:11:20.290,4,3,1,2026-03-08 17:17:09.833,349,349,0,2026-03-08 18:20:53.337,2026-03-08 18:20:53.337,0,NULL,2026-03-08 18:20:53.467,4839,4839,0,RE-Report
26-005810,2026-03-08 17:03:53.000,11,SUN,8,17,A,DAY,LATE,FIRE,GAS LEAK - INSIDE,1,E-911,"FOSTER, KANESHA",Automatic Dispatch,2026-03-08 17:03:53.000,2026-03-08 17:05:37.000,2026-03-08 17:05:08.000,75,75,0,2026-03-08 17:05:11.067,3,3,0,2026-03-08 17:08:53.000,300,300,0,2026-03-08 17:05:51.977,78,78,0,2026-03-08 17:05:51.977,40,40,0,2026-03-08 17:10:21.087,270,269,1,2026-03-08 17:15:12.177,2026-03-08 17:21:57.813,0,NULL,2026-03-08 17:21:58.023,1084,1084,0,UNDEFINED
26-005811,2026-03-08 17:08:52.000,11,SUN,8,17,A,DAY,LATE,EMS,CHEST PAIN ALS 1,1,E-911,"DEWBERRY, RE'KEYA","SMITH, TERESA",2026-03-08 17:08:52.000,2026-03-08 17:10:00.000,2026-03-08 17:09:35.000,43,43,0,2026-03-08 17:09:37.633,2,2,0,2026-03-08 17:11:04.000,132,132,0,2026-03-08 17:11:12.533,45,45,0,2026-03-08 17:11:12.533,95,94,1,2026-03-08 17:16:39.817,327,327,0,2026-03-08 17:15:45.153,2026-03-08 18:07:25.007,0,NULL,2026-03-08 18:07:25.070,3513,3513,0,CAD2CAD
26-005812,2026-03-08 17:12:08.000,11,SUN,8,17,A,DAY,LATE,EMS,FALL BLS,3,E-911,"WALKER, LATITIA",Automatic Dispatch,2026-03-08 17:12:07.000,2026-03-08 17:16:30.000,2026-03-08 17:12:42.000,35,34,1,2026-03-08 17:12:44.840,2,2,0,2026-03-08 17:14:38.000,151,150,1,2026-03-08 17:12:53.547,37,37,0,2026-03-08 17:12:53.547,9,8,1,2026-03-08 17:17:23.307,270,269,1,2026-03-08 17:34:39.843,2026-03-08 18:18:57.810,0,NULL,2026-03-08 18:18:57.870,4010,4010,0,CAD2CAD
26-005813,2026-03-08 17:13:43.000,11,SUN,8,17,A,DAY,LATE,FIRE,ELEVATOR,3,E-911,"CRUZ, STEPHANIE",Automatic Dispatch,2026-03-08 17:13:42.000,2026-03-08 17:17:00.000,2026-03-08 17:14:34.000,52,51,1,2026-03-08 17:14:36.273,2,2,0,2026-03-08 17:17:51.000,249,248,1,2026-03-08 17:15:38.607,54,54,0,2026-03-08 17:15:38.607,62,62,0,2026-03-08 17:29:43.143,845,844,1,2026-03-08 17:54:22.663,2026-03-08 17:54:22.663,0,NULL,2026-03-08 17:54:22.943,2440,2440,0,UNDEFINED
26-005814,2026-03-08 17:18:09.000,11,SUN,8,17,A,DAY,LATE,FIRE,FIRE ALARM,3,Phone,"WALKER, LATITIA",Automatic Dispatch,2026-03-08 17:18:07.000,2026-03-08 17:18:34.000,2026-03-08 17:18:28.000,21,19,2,2026-03-08 17:18:31.020,3,3,0,2026-03-08 17:19:08.000,61,59,2,2026-03-08 17:18:46.803,24,24,0,2026-03-08 17:18:46.803,15,15,0,2026-03-08 17:21:05.593,139,138,1,2026-03-08 17:41:18.083,2026-03-08 17:41:18.083,0,NULL,2026-03-08 17:41:18.397,1391,1391,0,UNDEFINED
26-017824,2026-03-08 17:21:53.000,11,SUN,8,17,A,DAY,LATE,POLICE,PARKING COMPLAINT,4,Phone,"DEWBERRY, RE'KEYA",NULL,2026-03-08 17:21:50.000,2026-03-08 17:55:44.000,2026-03-08 17:22:05.000,15,12,3,2026-03-08 17:58:20.240,2175,2175,0,2026-03-08 17:23:22.000,92,89,3,2026-03-08 17:58:20.240,2190,2190,0,2026-03-08 17:58:20.240,0,-9999,9999,2026-03-08 18:58:24.333,3604,3604,0,2026-03-08 19:07:39.427,2026-03-08 19:07:39.427,0,NULL,2026-03-08 19:07:40.817,6349,6349,0,NR-No Report
26-017825,2026-03-08 17:27:13.000,11,SUN,8,17,A,DAY,LATE,POLICE,MISSING PERSON RETURNED,3,Phone,"JONES, DAESHA","MCLEOD, DOUGLAS",2026-03-08 17:27:11.000,2026-03-08 17:29:53.000,2026-03-08 17:28:01.000,50,48,2,2026-03-08 18:02:20.127,2059,2059,0,2026-03-08 17:29:34.000,143,141,2,2026-03-08 18:02:34.283,2109,2109,0,2026-03-08 18:02:34.283,14,14,0,2026-03-08 18:21:24.610,1130,1130,0,2026-03-08 19:30:31.147,2026-03-08 19:30:31.147,0,NULL,2026-03-08 19:30:31.193,7400,7400,0,SUP-Supplement
26-005815,2026-03-08 17:28:23.000,11,SUN,8,17,A,DAY,LATE,FIRE,FIRE ALARM,3,Text,"WALKER, LATITIA","SMITH, TERESA",2026-03-08 17:28:21.000,2026-03-08 17:29:28.000,2026-03-08 17:28:47.000,26,24,2,2026-03-08 17:28:50.087,3,3,0,2026-03-08 17:29:49.000,88,86,2,2026-03-08 17:30:24.927,29,29,0,2026-03-08 17:30:24.927,94,94,0,2026-03-08 17:34:05.217,221,220,1,2026-03-08 17:35:53.337,2026-03-08 17:53:48.000,0,NULL,NULL,1527,1527,0,CC-Call Completed
26-017826,2026-03-08 17:30:23.000,11,SUN,8,17,A,DAY,LATE,POLICE,MVC PROPERTY DAMAGE,2,E-911,"FOSTER, KANESHA","BONSU, VALERIE",2026-03-08 17:30:21.000,2026-03-08 17:32:29.000,2026-03-08 17:32:14.000,113,111,2,2026-03-08 17:42:36.940,622,622,0,2026-03-08 17:33:08.000,167,165,2,2026-03-08 17:44:37.283,735,735,0,2026-03-08 17:44:37.283,121,120,1,2026-03-08 18:02:53.290,1096,1096,0,2026-03-08 18:22:18.100,2026-03-08 18:22:18.100,0,NULL,2026-03-08 18:22:18.210,3117,3117,0,NR-No Report
26-005816,2026-03-08 17:32:07.460,11,SUN,8,17,A,DAY,LATE,EMS,MUTUAL ALS,1,C2C,CAD to CAD Service 1,CAD to CAD Service 1,2026-03-08 17:30:34.000,2026-03-08 17:32:42.000,2026-03-08 17:32:08.180,94,0,94,2026-03-08 17:32:08.273,0,0,0,NULL,NULL,NULL,NULL,NULL,94,-9999,10093,NULL,NULL,-9999,NULL,NULL,NULL,-9999,NULL,2026-03-08 17:32:54.510,2026-03-08 17:33:16.560,0,NULL,2026-03-08 17:33:16.647,162,162,0,UNDEFINED
26-017827,2026-03-08 17:40:10.000,11,SUN,8,17,A,DAY,LATE,POLICE,DOMESTIC VIOL NO INJ,1,E-911,"WALKER, LATITIA",NULL,2026-03-08 17:40:10.000,2026-03-08 17:42:25.000,2026-03-08 17:40:59.000,49,49,0,2026-03-08 17:43:19.920,140,140,0,2026-03-08 17:42:58.000,168,168,0,2026-03-08 17:43:26.763,189,189,0,2026-03-08 17:43:26.763,7,6,1,2026-03-08 17:45:46.923,140,140,0,2026-03-08 19:02:43.513,2026-03-08 23:31:02.633,0,NULL,2026-03-08 23:31:02.670,21052,21052,0,RE-Report
26-017828,2026-03-08 17:46:10.000,11,SUN,8,17,A,DAY,LATE,POLICE,MVC CITY PROPERTY DAMAGE,2,E-911,"DEWBERRY, RE'KEYA",NULL,2026-03-08 17:46:10.000,2026-03-08 17:46:43.000,2026-03-08 17:46:34.000,24,24,0,2026-03-08 17:46:50.050,16,16,0,2026-03-08 17:49:14.000,184,184,0,2026-03-08 17:47:02.513,40,40,0,2026-03-08 17:47:02.513,12,12,0,2026-03-08 17:50:56.990,234,234,0,2026-03-08 18:58:18.843,2026-03-08 20:33:07.620,0,NULL,2026-03-08 20:33:07.673,10017,10017,0,RE-Report
26-005817,2026-03-08 17:46:34.000,11,SUN,8,17,A,DAY,LATE,FIRE,MVC AUTO,2,E-911,"DEWBERRY, RE'KEYA",Automatic Dispatch,2026-03-08 17:46:34.000,2026-03-08 17:47:39.000,2026-03-08 17:46:34.000,0,NULL,0,2026-03-08 17:46:37.157,3,3,0,2026-03-08 17:46:34.000,0,0,0,2026-03-08 17:47:33.407,3,3,0,2026-03-08 17:47:33.407,56,56,0,2026-03-08 17:49:32.273,119,118,1,2026-03-08 17:57:34.777,2026-03-08 17:57:55.987,0,NULL,2026-03-08 17:57:56.263,681,681,0,UNDEFINED
26-017832,2026-03-08 17:59:22.000,11,SUN,8,17,A,DAY,LATE,POLICE,ANIMAL SICK-INJURED,2,Phone,"LEWIS, LESLIE","LEWIS, LESLIE",2026-03-08 17:59:22.000,NULL,2026-03-08 18:02:45.000,203,203,0,2026-03-08 18:05:52.923,187,187,0,2026-03-08 18:05:28.000,366,366,0,2026-03-08 18:05:53.063,390,390,0,2026-03-08 18:05:53.063,1,0,1,2026-03-08 18:06:01.783,8,8,0,2026-03-08 18:06:10.597,2026-03-08 18:06:10.597,0,NULL,2026-03-08 18:06:10.737,408,408,0,ACOR-Animal Control Report
26-005818,2026-03-08 18:01:45.133,11,SUN,8,18,A,DAY,EARLY,EMS,MUTUAL ALS,1,CAD2CAD,CAD to CAD Service 1,CAD to CAD Service 1,2026-03-08 18:00:30.000,2026-03-08 18:10:33.000,2026-03-08 18:01:45.917,75,0,75,2026-03-08 18:01:46.103,1,0,1,NULL,NULL,NULL,NULL,2026-03-08 18:02:34.877,76,1662,-1586,2026-03-08 18:02:34.877,48,38,10,2026-03-08 18:07:42.990,308,308,0,2026-03-08 18:25:44.980,2026-03-08 19:37:23.700,0,NULL,2026-03-08 19:37:24.043,5813,5813,0,UNDEFINED
26-017831,2026-03-08 18:02:19.000,11,SUN,8,18,A,DAY,EARLY,POLICE,OFF DUTY DETAIL,8,OFFICER,"WARREN, SHAKITA L",NULL,2026-03-08 18:02:19.000,2026-03-08 18:02:37.000,2026-03-08 18:02:19.000,0,1,-1,2026-03-08 18:02:19.000,0,0,0,2026-03-08 18:02:19.000,0,NULL,0,2026-03-08 18:02:19.000,0,0,0,2026-03-08 18:02:19.000,0,0,0,2026-03-08 18:02:19.000,0,0,0,2026-03-08 21:36:26.447,2026-03-08 21:36:26.447,0,NULL,2026-03-08 21:36:26.467,12847,12847,0,NR-No Report
26-005819,2026-03-08 18:14:19.000,11,SUN,8,18,A,DAY,EARLY,FIRE,OUTSIDE FIRE,3,E-911,"LEWIS, LESLIE",Automatic Dispatch,2026-03-08 18:14:19.000,2026-03-08 18:15:24.000,2026-03-08 18:15:13.000,54,54,0,2026-03-08 18:15:15.353,2,2,0,2026-03-08 18:16:30.000,131,131,0,2026-03-08 18:16:19.787,56,56,0,2026-03-08 18:16:19.787,64,64,0,2026-03-08 18:18:47.447,148,147,1,2026-03-08 18:19:15.780,2026-03-08 18:19:15.780,0,NULL,2026-03-08 18:19:16.500,296,296,0,UNDEFINED
26-017833,2026-03-08 18:15:01.000,11,SUN,8,18,A,DAY,EARLY,POLICE,ALARM COMMERCIAL,2,Phone,"MESARIS, MATTHEW","MCLEOD, DOUGLAS",2026-03-08 18:14:59.000,2026-03-08 18:16:05.000,2026-03-08 18:15:57.000,58,56,2,2026-03-08 18:21:52.997,355,355,0,2026-03-08 18:16:01.000,62,60,2,2026-03-08 18:21:53.107,413,413,0,2026-03-08 18:21:53.107,1,0,1,2026-03-08 18:37:47.450,954,954,0,NULL,2026-03-08 18:42:08.000,0,NULL,NULL,1629,1629,0,NR-No Report
26-017834,2026-03-08 18:15:35.000,11,SUN,8,18,A,DAY,EARLY,POLICE,DISORDERLY CONDUCT,2,Phone,"MARTINEZ, ESTHER","MCLEOD, DOUGLAS",2026-03-08 18:15:33.000,2026-03-08 18:17:19.000,2026-03-08 18:16:41.000,68,66,2,2026-03-08 18:23:47.137,426,426,0,2026-03-08 18:18:06.000,153,151,2,2026-03-08 18:23:47.203,494,494,0,2026-03-08 18:23:47.203,0,0,0,2026-03-08 18:30:18.740,391,391,0,2026-03-08 18:33:16.377,2026-03-08 18:35:51.003,0,NULL,2026-03-08 18:35:51.107,1218,1218,0,NR-No Report
26-017836,2026-03-08 18:21:43.000,11,SUN,8,18,A,DAY,EARLY,POLICE,ALARM RESIDENTIAL,2,Phone,"FOSTER, KANESHA","MCLEOD, DOUGLAS",2026-03-08 18:21:42.000,2026-03-08 18:22:26.000,2026-03-08 18:22:09.000,27,26,1,2026-03-08 18:33:26.373,677,677,0,2026-03-08 18:23:20.000,98,97,1,2026-03-08 18:33:33.357,704,704,0,2026-03-08 18:33:33.357,7,6,1,2026-03-08 18:33:44.563,11,11,0,2026-03-08 19:16:34.913,2026-03-08 19:19:43.720,0,NULL,2026-03-08 19:19:43.777,3481,3481,0,FALSE-False Alarm
26-005820,2026-03-08 18:22:15.980,11,SUN,8,18,A,DAY,EARLY,FIRE,MUTUAL ELEVATOR INCIDENT,1,C2C,CAD to CAD Service 1,CAD to CAD Service 1,2026-03-08 18:21:04.000,2026-03-08 18:28:31.000,2026-03-08 18:22:16.843,72,0,72,2026-03-08 18:22:16.937,0,0,0,NULL,NULL,NULL,NULL,2026-03-08 18:23:06.470,72,215,-143,2026-03-08 18:23:06.470,50,49,1,2026-03-08 18:33:09.040,603,602,1,2026-03-08 18:26:05.797,2026-03-08 18:52:26.680,0,NULL,2026-03-08 18:52:26.713,1882,1882,0,CAD2CAD
26-017837,2026-03-08 18:26:27.000,11,SUN,8,18,A,DAY,EARLY,POLICE,OFF DUTY DETAIL,8,OFFICER,"FELIX, BRUCE",NULL,2026-03-08 18:26:27.000,2026-03-08 18:26:38.000,2026-03-08 18:26:27.000,0,1,-1,2026-03-08 18:26:27.000,0,0,0,2026-03-08 18:26:27.000,0,NULL,0,2026-03-08 18:26:27.000,0,0,0,2026-03-08 18:26:27.000,0,0,0,2026-03-08 18:26:27.000,0,0,0,2026-03-08 20:50:44.177,2026-03-08 20:50:44.177,0,NULL,2026-03-08 20:50:44.260,8657,8657,0,NR-No Report
26-017838,2026-03-08 18:35:08.000,11,SUN,8,18,A,DAY,EARLY,POLICE,MVC HIT/RUN NO INJURY,2,E-911,"MESARIS, MATTHEW","MCLEOD, DOUGLAS",2026-03-08 18:35:08.000,2026-03-08 18:38:40.000,2026-03-08 18:37:52.000,164,164,0,2026-03-08 18:39:01.413,69,69,0,2026-03-08 18:39:51.000,283,283,0,2026-03-08 18:39:03.613,233,233,0,2026-03-08 18:39:03.613,2,2,0,2026-03-08 18:44:45.800,342,342,0,2026-03-08 18:58:03.260,2026-03-08 19:35:40.177,0,NULL,2026-03-08 19:35:40.307,3632,3632,0,RE-Report
26-005822,2026-03-08 18:36:17.000,11,SUN,8,18,A,DAY,EARLY,FIRE,FIRE ALARM,3,Text,"SWINTON, LATOYA",Automatic Dispatch,2026-03-08 18:36:15.000,2026-03-08 18:36:48.000,2026-03-08 18:36:38.000,23,21,2,2026-03-08 18:36:40.610,2,2,0,2026-03-08 18:37:43.000,88,86,2,2026-03-08 18:38:05.433,25,25,0,2026-03-08 18:38:05.433,85,84,1,2026-03-08 18:41:02.377,177,176,1,2026-03-08 18:42:20.307,2026-03-08 18:42:20.307,0,NULL,2026-03-08 18:42:20.477,365,365,0,UNDEFINED
26-005823,2026-03-08 18:42:03.000,11,SUN,8,18,A,DAY,EARLY,FIRE,FIRE ALARM,3,Phone,"MESARIS, MATTHEW",Automatic Dispatch,2026-03-08 18:42:03.000,2026-03-08 18:46:08.000,2026-03-08 18:45:52.000,229,229,0,2026-03-08 18:45:54.727,2,2,0,2026-03-08 18:45:55.000,232,232,0,2026-03-08 18:46:52.877,231,231,0,2026-03-08 18:46:52.877,58,58,0,2026-03-08 18:51:19.053,267,266,1,2026-03-08 18:56:41.133,2026-03-08 18:56:41.133,0,NULL,2026-03-08 18:56:41.327,878,878,0,UNDEFINED
26-017839,2026-03-08 18:44:07.000,11,SUN,8,18,A,DAY,EARLY,POLICE,ROBBERY FROM PERSON IN PROG,1,Phone,"MARTINEZ, ESTHER","BONSU, VALERIE",2026-03-08 18:44:07.000,2026-03-25 16:05:36.000,2026-03-08 18:45:20.000,73,73,0,2026-03-08 18:46:03.127,43,43,0,2026-03-08 18:48:44.000,277,277,0,2026-03-08 18:46:09.577,116,116,0,2026-03-08 18:46:09.577,6,6,0,2026-03-08 18:48:09.877,120,120,0,2026-03-08 18:49:41.447,2026-03-09 02:01:58.413,1,2026-03-25 16:05:17.417,2026-03-25 17:05:00.230,26271,80452,-54181,RE-Report
26-005825,2026-03-08 18:50:10.000,11,SUN,8,18,A,DAY,EARLY,EMS,BACK PAIN BLS,3,E-911,"FOSTER, KANESHA",Automatic Dispatch,2026-03-08 18:50:09.000,2026-03-08 18:51:04.000,2026-03-08 18:50:49.000,40,39,1,2026-03-08 18:50:51.847,2,2,0,2026-03-08 18:52:44.000,155,154,1,2026-03-08 18:51:59.520,42,42,0,2026-03-08 18:51:59.520,68,67,1,2026-03-08 19:01:12.140,553,552,1,2026-03-08 20:07:41.810,2026-03-08 20:07:41.810,0,NULL,2026-03-08 20:07:41.937,4652,4652,0,UNDEFINED
26-017842,2026-03-08 18:58:21.000,11,SUN,8,18,A,DAY,EARLY,POLICE,TRAFFIC STOP,2,OFFICER,"YOUNG, JAMES K",NULL,2026-03-08 18:58:21.000,2026-03-08 18:58:34.000,2026-03-08 18:58:21.000,0,0,0,2026-03-08 18:58:21.000,0,0,0,2026-03-08 18:58:21.000,0,NULL,0,2026-03-08 18:58:21.000,0,0,0,2026-03-08 18:58:21.000,0,0,0,2026-03-08 18:58:21.000,0,0,0,2026-03-08 19:02:46.103,2026-03-08 19:02:46.103,0,NULL,2026-03-08 19:02:46.230,265,265,0,CI-Citation
26-017844,2026-03-08 19:08:25.000,11,SUN,8,19,C,NIGHT,EARLY,POLICE,LARCENY COMMERCIAL DELAY,4,Phone,"LEWIS, LESLIE",NULL,2026-03-08 19:08:23.000,2026-03-08 19:22:22.000,2026-03-08 19:12:58.000,275,273,2,2026-03-08 19:22:44.647,586,586,0,2026-03-08 19:13:05.000,282,280,2,2026-03-08 19:23:50.023,861,861,0,2026-03-08 19:23:50.023,66,0,66,2026-03-08 19:31:12.200,442,442,0,2026-03-08 19:23:54.393,2026-03-09 00:42:03.617,0,NULL,2026-03-09 00:42:03.657,20020,20020,0,RE-Report
26-005826,2026-03-08 19:17:46.000,11,SUN,8,19,C,NIGHT,EARLY,EMS,FALL BLS,3,E-911,"FOSTER, KANESHA",Automatic Dispatch,2026-03-08 19:17:45.000,2026-03-08 19:19:17.000,2026-03-08 19:19:08.000,83,82,1,2026-03-08 19:19:10.830,2,2,0,2026-03-08 19:19:08.000,83,NULL,83,2026-03-08 19:20:25.277,85,85,0,2026-03-08 19:20:25.277,75,74,1,NULL,NULL,-9999,NULL,2026-03-08 19:30:53.990,2026-03-08 19:44:07.337,0,NULL,2026-03-08 19:44:07.483,1582,1582,0,UNDEFINED
26-017845,2026-03-08 19:32:21.000,11,SUN,8,19,C,NIGHT,EARLY,POLICE,DISORDERLY CONDUCT,2,Phone,"MARTINEZ, ESTHER","MCLEOD, DOUGLAS",2026-03-08 19:32:21.000,2026-03-08 19:33:33.000,2026-03-08 19:33:24.000,63,63,0,2026-03-08 19:35:06.020,102,102,0,2026-03-08 19:34:08.000,107,107,0,2026-03-08 19:35:12.830,165,165,0,2026-03-08 19:35:12.830,6,6,0,2026-03-08 19:37:18.747,126,125,1,2026-03-08 19:39:53.727,2026-03-08 19:42:00.797,0,NULL,2026-03-08 19:42:00.897,579,579,0,NR-No Report
26-005827,2026-03-08 19:44:03.000,11,SUN,8,19,C,NIGHT,EARLY,EMS,HEART PROBLEMS ALS 1,1,E-911,"MARTINEZ, ESTHER","GOODWIN, SHEENA",2026-03-08 19:44:03.000,2026-03-08 19:45:20.000,2026-03-08 19:45:10.000,67,67,0,2026-03-08 19:45:13.270,3,3,0,2026-03-08 19:48:54.000,291,291,0,2026-03-08 19:46:55.003,70,70,0,2026-03-08 19:46:55.003,102,48,54,2026-03-08 19:50:17.390,202,202,0,2026-03-08 19:47:24.683,2026-03-08 20:56:44.667,0,NULL,2026-03-08 20:56:44.780,4361,4361,0,UNDEFINED
26-017847,2026-03-08 19:45:03.000,11,SUN,8,19,C,NIGHT,EARLY,POLICE,OFF DUTY DETAIL,8,OFFICER,"ESCOBAR, STEVEN R",NULL,2026-03-08 19:45:03.000,2026-03-08 19:45:17.000,2026-03-08 19:45:03.000,0,2,-2,2026-03-08 19:45:03.000,0,0,0,2026-03-08 19:45:03.000,0,NULL,0,2026-03-08 19:45:03.000,0,0,0,2026-03-08 19:45:03.000,0,0,0,2026-03-08 19:45:03.000,0,0,0,2026-03-09 00:12:48.753,2026-03-09 00:12:48.753,0,NULL,2026-03-09 00:12:48.880,16065,16065,0,NR-No Report
26-017854,2026-03-08 19:52:27.000,11,SUN,8,19,C,NIGHT,EARLY,POLICE,SUSPICIOUS EVENT,2,Phone,"LEWIS, LESLIE","MCLEOD, DOUGLAS",2026-03-08 19:52:25.000,2026-03-08 20:19:01.000,2026-03-08 20:18:55.000,1590,1588,2,2026-03-08 20:19:38.843,43,43,0,2026-03-08 20:18:57.000,1592,1590,2,2026-03-08 20:19:51.480,1633,1633,0,2026-03-08 20:19:51.480,13,12,1,2026-03-08 20:33:03.157,792,791,1,2026-03-08 20:21:05.347,2026-03-08 20:35:07.690,0,NULL,2026-03-08 20:35:07.793,2562,2562,0,NR-No Report
26-017850,2026-03-08 19:58:36.000,11,SUN,8,19,C,NIGHT,EARLY,POLICE,TRAFFIC STOP,2,Radio,"MCLEOD, DOUGLAS","MCLEOD, DOUGLAS",2026-03-08 19:58:36.000,2026-03-08 19:59:50.000,2026-03-08 19:58:36.000,0,0,0,2026-03-08 19:58:36.000,0,0,0,2026-03-08 19:58:36.000,0,0,0,2026-03-08 19:58:47.177,0,0,0,2026-03-08 19:58:36.000,0,0,0,2026-03-08 19:58:36.000,0,0,0,2026-03-08 20:10:07.260,2026-03-08 20:11:05.700,0,NULL,2026-03-08 20:11:05.857,749,749,0,CI-Citation
26-017851,2026-03-08 20:02:04.000,11,SUN,8,20,C,NIGHT,EARLY,POLICE,PARKING COMPLAINT,4,Phone,"FOSTER, KANESHA",NULL,2026-03-08 20:02:02.000,2026-03-08 20:03:42.000,2026-03-08 20:03:24.000,82,80,2,2026-03-08 20:08:13.913,289,289,0,2026-03-08 20:03:25.000,83,81,2,2026-03-08 20:08:13.913,371,371,0,2026-03-08 20:08:13.913,0,-9999,9999,NULL,NULL,-9999,NULL,2026-03-08 20:50:44.677,2026-03-08 20:50:44.677,0,NULL,2026-03-08 20:50:45.040,2922,2922,0,NR-No Report
26-005829,2026-03-08 20:04:19.000,11,SUN,8,20,C,NIGHT,EARLY,EMS,CARDIAC ARREST ALS 2- SUPV,1,Phone,"MESARIS, MATTHEW","GOODWIN, SHEENA",2026-03-08 20:04:19.000,2026-03-08 20:04:53.000,2026-03-08 20:04:47.000,28,28,0,2026-03-08 20:04:49.993,2,2,0,2026-03-08 20:53:12.000,2933,2933,0,2026-03-08 20:06:10.173,30,30,0,2026-03-08 20:06:10.173,81,80,1,2026-03-08 20:10:42.997,272,272,0,2026-03-08 20:06:20.203,2026-03-08 21:44:37.820,0,NULL,2026-03-08 21:44:37.997,6018,6018,0,UNDEFINED
26-017852,2026-03-08 20:05:47.000,11,SUN,8,20,C,NIGHT,EARLY,POLICE,POLICE INFORMATION,4,E-911,"MESARIS, MATTHEW",NULL,2026-03-08 20:05:47.000,2026-03-08 20:05:51.000,2026-03-08 20:05:47.000,0,NULL,0,2026-03-08 20:05:58.613,11,11,0,2026-03-08 20:05:47.000,0,0,0,2026-03-08 20:06:03.493,11,11,0,2026-03-08 20:06:03.493,5,4,1,2026-03-08 20:08:35.157,152,151,1,2026-03-08 20:28:28.430,2026-03-09 02:49:16.893,0,NULL,2026-03-09 02:49:17.223,24209,24209,0,RE-Report
26-005830,2026-03-08 20:06:16.000,11,SUN,8,20,C,NIGHT,EARLY,EMS,HEART PROBLEMS ALS 1,1,E-911,"FOSTER, KANESHA",Automatic Dispatch,2026-03-08 20:06:16.000,2026-03-08 20:08:00.000,2026-03-08 20:07:15.000,59,59,0,2026-03-08 20:07:17.250,2,2,0,2026-03-08 20:09:07.000,171,171,0,2026-03-08 20:08:23.637,61,61,0,2026-03-08 20:08:23.637,66,66,0,2026-03-08 20:11:11.737,168,168,0,2026-03-08 20:39:00.307,2026-03-08 21:20:58.970,0,NULL,2026-03-08 21:20:58.973,4482,4482,0,UNDEFINED
26-017853,2026-03-08 20:07:44.000,11,SUN,8,20,C,NIGHT,EARLY,POLICE,MENTAL HEALTH CASE,2,E-911,"MARTINEZ, ESTHER",NULL,2026-03-08 20:07:44.000,2026-03-08 20:09:07.000,2026-03-08 20:08:35.000,51,51,0,2026-03-08 20:09:41.197,66,66,0,2026-03-08 20:10:41.000,177,177,0,2026-03-08 20:09:50.383,117,117,0,2026-03-08 20:09:50.383,9,9,0,2026-03-08 20:22:41.627,771,771,0,2026-03-08 20:10:57.373,2026-03-08 21:40:53.000,0,NULL,NULL,5589,5589,0,NR-No Report
26-017855,2026-03-08 20:29:01.000,11,SUN,8,20,C,NIGHT,EARLY,POLICE,DISORDERLY CONDUCT,2,E-911,"FOSTER, KANESHA","MCLEOD, DOUGLAS",2026-03-08 20:29:01.000,2026-03-08 20:30:25.000,2026-03-08 20:29:47.000,46,46,0,2026-03-08 20:33:50.007,243,243,0,2026-03-08 20:35:38.000,397,397,0,2026-03-08 20:34:05.350,289,289,0,2026-03-08 20:34:05.350,15,15,0,2026-03-08 20:42:17.667,492,492,0,2026-03-08 20:35:38.120,2026-03-08 21:01:26.343,0,NULL,2026-03-08 21:01:26.367,1945,1945,0,NR-No Report
26-005831,2026-03-08 20:29:48.000,11,SUN,8,20,C,NIGHT,EARLY,FIRE,FIRE ALARM,3,Text,"SWINTON, LATOYA",Automatic Dispatch,2026-03-08 20:29:46.000,2026-03-08 20:30:06.000,2026-03-08 20:30:00.000,14,12,2,2026-03-08 20:30:02.783,2,2,0,2026-03-08 20:31:00.000,74,72,2,2026-03-08 20:31:40.673,16,16,0,2026-03-08 20:31:40.673,98,97,1,NULL,NULL,-9999,NULL,2026-03-08 20:34:59.650,2026-03-08 20:34:59.650,0,NULL,2026-03-08 20:34:59.737,313,313,0,UNDEFINED
26-017857,2026-03-08 20:36:13.000,11,SUN,8,20,C,NIGHT,EARLY,POLICE,ABANDONED AUTO,4,Phone,"FOSTER, KANESHA",NULL,2026-03-08 20:36:11.000,2026-03-08 20:37:13.000,2026-03-08 20:36:30.000,19,17,2,2026-03-08 20:51:03.630,873,873,0,2026-03-08 20:37:11.000,60,58,2,2026-03-08 20:51:03.630,892,892,0,2026-03-08 20:51:03.630,0,-9999,9999,2026-03-08 21:17:23.787,1580,1580,0,2026-03-08 21:35:53.947,2026-03-08 21:35:53.947,0,NULL,2026-03-08 21:35:54.307,3582,3582,0,NR-No Report
26-017861,2026-03-08 20:49:41.000,11,SUN,8,20,C,NIGHT,EARLY,POLICE,SUSPICIOUS EVENT,2,Phone,"LEWIS, LESLIE","WATSON, JOANNE",2026-03-08 20:49:38.000,2026-03-08 20:56:20.000,2026-03-08 20:54:27.000,289,286,3,2026-03-08 20:56:51.723,144,144,0,2026-03-08 20:56:42.000,424,421,3,2026-03-08 20:56:54.190,433,433,0,2026-03-08 20:56:54.190,3,2,1,2026-03-08 20:59:11.863,137,137,0,2026-03-08 21:09:18.460,2026-03-08 21:09:22.583,0,NULL,2026-03-08 21:09:22.740,1184,1184,0,NR-No Report
26-017862,2026-03-08 20:57:33.000,11,SUN,8,20,C,NIGHT,EARLY,POLICE,DIP - DRUNK/INTOX PERSON,2,E-911,"LEWIS, LESLIE",NULL,2026-03-08 20:57:32.000,2026-03-08 20:59:24.000,2026-03-08 20:59:21.000,109,108,1,2026-03-08 21:00:20.767,59,59,0,2026-03-08 20:59:23.000,111,110,1,2026-03-08 21:00:25.713,168,168,0,2026-03-08 21:00:25.713,5,4,1,2026-03-08 21:07:23.817,418,418,0,2026-03-08 21:01:17.350,2026-03-09 01:59:30.277,0,NULL,2026-03-09 01:59:30.363,18118,18118,0,SUP-Supplement
26-005833,2026-03-08 21:01:18.000,11,SUN,8,21,C,NIGHT,EARLY,EMS,SEIZURE ALS 1,1,E-911,"LEWIS, LESLIE",Automatic Dispatch,2026-03-08 21:01:18.000,2026-03-08 21:01:43.000,2026-03-08 21:01:36.000,18,18,0,2026-03-08 21:01:38.557,2,2,0,2026-03-08 21:03:32.000,134,134,0,2026-03-08 21:02:40.920,20,20,0,2026-03-08 21:02:40.920,62,62,0,2026-03-08 21:04:24.710,104,103,1,2026-03-08 21:18:16.377,2026-03-08 21:46:54.960,0,NULL,2026-03-08 21:46:55.220,2736,2736,0,UNDEFINED
26-005834,2026-03-08 21:03:37.000,11,SUN,8,21,C,NIGHT,EARLY,EMS,TROUBLE BREATHING ALS 1,1,E-911,"MARTINEZ, ESTHER",Automatic Dispatch,2026-03-08 21:03:36.000,2026-03-08 21:04:30.000,2026-03-08 21:04:19.000,43,42,1,2026-03-08 21:04:21.703,2,2,0,2026-03-08 21:07:03.000,207,206,1,2026-03-08 21:06:21.373,45,45,0,2026-03-08 21:06:21.373,120,119,1,2026-03-08 21:09:29.907,188,188,0,2026-03-08 21:22:30.350,2026-03-08 22:00:29.840,0,NULL,2026-03-08 22:00:30.110,3413,3413,0,UNDEFINED
26-017863,2026-03-08 21:04:25.440,11,SUN,8,21,C,NIGHT,EARLY,POLICE,ASSIST FIRE - IMMEDIATE,2,NOT CAPTURED,"LEWIS, LESLIE",NULL,2026-03-08 21:04:25.440,2026-03-08 21:04:36.000,2026-03-08 21:04:25.440,0,0,0,2026-03-08 21:05:00.667,35,35,0,2026-03-08 21:04:25.440,0,NULL,0,2026-03-08 21:05:07.830,35,35,0,2026-03-08 21:05:07.830,7,7,0,2026-03-08 21:10:48.987,341,341,0,2026-03-08 21:05:58.760,2026-03-09 00:43:41.217,0,NULL,2026-03-09 00:43:41.263,13156,13155,1,NR-No Report
26-017864,2026-03-08 21:08:17.000,11,SUN,8,21,C,NIGHT,EARLY,POLICE,DISORDERLY CONDUCT,2,E-911,"MESARIS, MATTHEW",NULL,2026-03-08 21:08:17.000,2026-03-08 21:11:33.000,2026-03-08 21:11:16.000,179,179,0,2026-03-08 21:13:53.303,157,157,0,2026-03-08 21:24:52.000,995,995,0,2026-03-08 21:14:01.957,336,336,0,2026-03-08 21:14:01.957,8,8,0,2026-03-08 21:26:16.840,735,734,1,2026-03-08 21:15:48.377,2026-03-08 21:41:40.633,0,NULL,2026-03-08 21:41:40.670,2003,2003,0,NR-No Report
26-017865,2026-03-08 21:10:35.000,11,SUN,8,21,C,NIGHT,EARLY,POLICE,ALARM COMMERCIAL,2,Phone,"MARTINEZ, ESTHER","MCLEOD, DOUGLAS",2026-03-08 21:10:34.000,2026-03-08 21:14:23.227,2026-03-08 21:11:21.000,47,46,1,2026-03-08 21:14:23.160,182,182,0,2026-03-08 21:12:09.000,95,94,1,2026-03-08 21:14:47.487,229,229,0,2026-03-08 21:14:47.487,24,24,0,2026-03-08 21:23:21.070,514,513,1,NULL,2026-03-08 21:27:41.000,0,NULL,NULL,1027,1027,0,CN-Cancellation
26-017867,2026-03-08 21:18:54.000,11,SUN,8,21,C,NIGHT,EARLY,POLICE,MVC HIT/RUN NO INJ DELAY,4,Phone,"LEWIS, LESLIE",NULL,2026-03-08 21:18:52.000,2026-03-09 07:18:20.000,2026-03-08 21:21:41.000,169,167,2,2026-03-08 22:10:15.313,2914,2914,0,2026-03-08 21:36:19.000,1047,1045,2,2026-03-08 22:10:21.150,3083,3083,0,2026-03-08 22:10:21.150,6,5,1,NULL,NULL,-9999,NULL,2026-03-09 00:31:56.657,2026-03-09 01:01:32.023,1,2026-03-09 07:17:51.857,2026-03-09 07:51:41.027,13360,37968,-24608,RE-Report
26-017869,2026-03-08 21:24:47.000,11,SUN,8,21,C,NIGHT,EARLY,POLICE,DISORDERLY CONDUCT,2,Phone,"MESARIS, MATTHEW","LEWIS, LESLIE",2026-03-08 21:24:46.000,2026-03-08 21:27:53.000,2026-03-08 21:26:37.000,111,110,1,2026-03-08 21:38:13.030,696,696,0,2026-03-08 21:27:48.000,182,181,1,2026-03-08 21:38:13.487,807,807,0,2026-03-08 21:38:13.487,0,0,0,2026-03-08 21:48:06.790,593,593,0,2026-03-08 23:14:25.160,2026-03-08 23:56:12.690,0,NULL,2026-03-08 23:56:12.907,9086,9086,0,NR-No Report
26-005835,2026-03-08 21:27:30.000,11,SUN,8,21,C,NIGHT,EARLY,EMS,SEIZURE ALS 1,1,E-911,"MARTINEZ, ESTHER",Automatic Dispatch,2026-03-08 21:27:30.000,2026-03-08 21:29:16.000,2026-03-08 21:28:34.000,64,64,0,2026-03-08 21:28:37.020,3,3,0,2026-03-08 21:31:24.000,234,234,0,2026-03-08 21:29:40.217,67,67,0,2026-03-08 21:29:40.217,63,63,0,2026-03-08 21:34:46.073,306,305,1,2026-03-08 21:53:16.207,2026-03-08 22:58:51.243,0,NULL,2026-03-08 22:58:51.373,5481,5481,0,UNDEFINED
26-005836,2026-03-08 21:33:50.000,11,SUN,8,21,C,NIGHT,EARLY,EMS,DIABETIC EMERGENCY ALS 1,1,Phone,"MESARIS, MATTHEW",Automatic Dispatch,2026-03-08 21:33:50.000,2026-03-08 21:34:36.000,2026-03-08 21:34:28.000,38,38,0,2026-03-08 21:34:30.683,2,2,0,2026-03-08 21:35:52.000,122,122,0,2026-03-08 21:34:33.710,40,40,0,2026-03-08 21:34:33.710,3,3,0,2026-03-08 21:40:33.610,360,359,1,2026-03-08 22:05:22.273,2026-03-08 23:06:33.710,0,NULL,2026-03-08 23:06:33.777,5563,5563,0,UNDEFINED
26-017870,2026-03-08 21:34:44.000,11,SUN,8,21,C,NIGHT,EARLY,POLICE,DEST OF PROP VEH DELAY,4,E-911,"MCLEOD, DOUGLAS","LEWIS, LESLIE",2026-03-08 21:34:44.000,2026-03-08 21:43:31.000,2026-03-08 21:36:43.000,119,119,0,2026-03-08 22:02:20.413,1537,1537,0,2026-03-08 21:36:48.000,124,124,0,2026-03-08 22:02:24.667,1656,1656,0,2026-03-08 22:02:24.667,4,4,0,2026-03-08 22:20:59.197,1115,1114,1,2026-03-08 22:36:28.123,2026-03-08 22:36:28.123,0,NULL,2026-03-08 22:36:28.213,3704,3704,0,NR-No Report
26-017871,2026-03-08 21:47:44.000,11,SUN,8,21,C,NIGHT,EARLY,POLICE,OFF DUTY DETAIL,8,OFFICER,"DANNENFELSER, CHRISTOPHER J",NULL,2026-03-08 21:47:44.000,2026-03-08 21:47:58.000,2026-03-08 21:47:44.000,0,2,-2,2026-03-08 21:47:44.000,0,0,0,2026-03-08 21:47:44.000,0,NULL,0,2026-03-08 21:47:44.000,0,0,0,2026-03-08 21:47:44.000,0,0,0,2026-03-08 21:47:44.000,0,0,0,2026-03-09 04:47:03.183,2026-03-09 04:47:03.183,0,NULL,2026-03-09 04:47:03.253,25159,25159,0,NR-No Report
26-017872,2026-03-08 21:56:52.000,11,SUN,8,21,C,NIGHT,EARLY,POLICE,DOMESTIC VIOL NO INJ,2,Phone,"MARTINEZ, ESTHER",NULL,2026-03-08 21:56:52.000,2026-03-09 06:13:07.000,2026-03-08 21:58:29.000,97,97,0,2026-03-08 22:00:15.547,106,106,0,2026-03-08 22:00:13.000,201,201,0,2026-03-08 22:00:46.640,203,203,0,2026-03-08 22:00:46.640,31,31,0,2026-03-08 22:06:03.407,317,316,1,2026-03-08 22:01:37.173,2026-03-08 23:21:37.247,1,2026-03-09 06:12:24.863,2026-03-09 07:20:42.617,5085,33830,-28745,RE-Report
26-017873,2026-03-08 21:58:28.000,11,SUN,8,21,C,NIGHT,EARLY,POLICE,TELEPHONE COMPLAINT,4,Phone,"MCLEOD, DOUGLAS",NULL,2026-03-08 21:58:26.000,2026-03-08 22:01:12.000,2026-03-08 22:01:07.000,161,159,2,2026-03-08 23:23:59.970,4972,4972,0,2026-03-08 22:01:23.000,177,175,2,2026-03-08 23:24:03.667,5133,5133,0,2026-03-08 23:24:03.667,4,3,1,2026-03-08 23:25:46.887,103,103,0,2026-03-09 01:59:52.523,2026-03-09 04:21:47.860,0,NULL,2026-03-09 04:21:47.967,23001,23001,0,RE-Report
26-017874,2026-03-08 22:04:43.000,11,SUN,8,22,C,NIGHT,MIDS,POLICE,NOISE COMPLAINT DELAY,4,Phone,"MACK, BRIANA","LEWIS, LESLIE",2026-03-08 22:04:41.000,2026-03-08 22:10:29.000,2026-03-08 22:07:58.000,197,195,2,2026-03-08 22:10:47.550,169,169,0,2026-03-08 22:08:19.000,218,216,2,2026-03-08 22:10:55.477,366,366,0,2026-03-08 22:10:55.477,8,7,1,NULL,NULL,-9999,NULL,2026-03-08 22:12:08.027,2026-03-08 22:12:08.027,0,NULL,2026-03-08 22:12:08.080,447,447,0,NR-No Report
26-017875,2026-03-08 22:12:53.000,11,SUN,8,22,C,NIGHT,MIDS,POLICE,ASSAULT NO INJURY IN PROG,2,E-911,"WATSON, JOANNE",NULL,2026-03-08 22:12:53.000,2026-03-08 22:15:28.000,2026-03-08 22:15:11.000,138,138,0,2026-03-08 22:15:44.567,33,33,0,2026-03-08 22:17:27.000,274,274,0,2026-03-08 22:15:52.770,171,171,0,2026-03-08 22:15:52.770,8,8,0,2026-03-08 22:23:30.793,458,458,0,2026-03-08 22:47:55.170,2026-03-09 03:54:50.040,0,NULL,2026-03-09 03:54:50.207,20517,20517,0,RE-Report
26-017878,2026-03-08 22:20:27.000,11,SUN,8,22,C,NIGHT,MIDS,POLICE,MENTAL HEALTH CASE,2,Phone,"MARTINEZ, ESTHER",NULL,2026-03-08 22:20:24.000,2026-03-08 22:21:17.000,2026-03-08 22:21:14.000,50,47,3,2026-03-08 22:21:47.790,33,33,0,2026-03-08 22:21:29.000,65,62,3,2026-03-08 22:22:03.630,83,83,0,2026-03-08 22:22:03.630,16,11,5,2026-03-08 22:32:14.607,611,610,1,2026-03-08 23:20:17.807,2026-03-12 02:51:58.777,0,NULL,2026-03-12 02:51:59.117,275494,16294,259200,RE-Report
26-005837,2026-03-08 22:27:24.000,11,SUN,8,22,C,NIGHT,MIDS,EMS,TROUBLE BREATHING ALS 1,1,E-911,"MARTINEZ, ESTHER",Automatic Dispatch,2026-03-08 22:27:24.000,2026-03-08 22:29:51.000,2026-03-08 22:28:31.000,67,67,0,2026-03-08 22:28:34.157,3,3,0,2026-03-08 22:32:07.000,283,283,0,2026-03-08 22:29:19.777,70,70,0,2026-03-08 22:29:19.777,45,45,0,2026-03-08 22:32:56.667,217,216,1,2026-03-08 22:40:20.397,2026-03-08 23:24:37.777,0,NULL,2026-03-08 23:24:37.863,3433,3433,0,UNDEFINED
26-005838,2026-03-08 22:39:42.000,11,SUN,8,22,C,NIGHT,MIDS,EMS,DIABETIC EMERGENCY ALS 1,1,E-911,"MCLEOD, DOUGLAS",Automatic Dispatch,2026-03-08 22:39:42.000,2026-03-08 22:40:43.000,2026-03-08 22:40:13.000,31,31,0,2026-03-08 22:40:16.107,3,3,0,2026-03-08 22:41:33.000,111,111,0,2026-03-08 22:42:13.280,34,34,0,2026-03-08 22:42:13.280,117,117,0,2026-03-08 22:45:22.850,189,189,0,2026-03-08 23:01:50.940,2026-03-09 00:17:15.950,0,NULL,2026-03-09 00:17:16.073,5853,5853,0,CAD2CAD
26-017880,2026-03-08 22:42:09.000,11,SUN,8,22,C,NIGHT,MIDS,POLICE,SUSPICIOUS EVENT,2,E-911,"WATSON, JOANNE",NULL,2026-03-08 22:42:09.000,2026-03-08 22:43:29.000,2026-03-08 22:43:22.000,73,73,0,2026-03-08 22:48:58.160,336,336,0,2026-03-08 22:50:09.000,480,480,0,2026-03-08 22:49:06.410,409,409,0,2026-03-08 22:49:06.410,8,8,0,2026-03-08 22:53:40.380,274,273,1,2026-03-08 22:50:56.117,2026-03-09 00:56:16.043,0,NULL,2026-03-09 00:56:16.240,8047,8047,0,NR-No Report
26-017879,2026-03-08 22:43:00.000,11,SUN,8,22,C,NIGHT,MIDS,POLICE,SUBJECT STOP,2,OFFICER,"LEWIS, LESLIE","LEWIS, LESLIE",2026-03-08 22:43:00.000,2026-03-08 22:43:03.000,2026-03-08 22:43:00.000,0,0,0,2026-03-08 22:43:00.000,0,0,0,2026-03-08 22:43:00.000,0,0,0,2026-03-08 22:43:14.977,0,0,0,2026-03-08 22:43:00.000,0,0,0,2026-03-08 22:43:00.000,0,0,0,2026-03-08 22:49:49.817,2026-03-08 22:49:58.657,0,NULL,2026-03-08 22:49:58.737,418,418,0,NR-No Report
26-017881,2026-03-08 22:47:35.000,11,SUN,8,22,C,NIGHT,MIDS,POLICE,DIP - DRUNK/INTOX PERSON,2,OFFICER,"LEWIS, LESLIE","LEWIS, LESLIE",2026-03-08 22:47:33.000,2026-03-09 05:59:51.000,2026-03-08 22:47:53.000,20,18,2,2026-03-08 22:47:58.633,5,5,0,2026-03-08 22:48:15.000,42,40,2,2026-03-08 22:48:01.040,25,25,0,2026-03-08 22:48:01.040,3,2,1,2026-03-08 22:48:01.040,0,0,0,2026-03-09 00:45:21.827,2026-03-09 04:23:37.327,1,2026-03-09 04:43:43.427,2026-03-09 06:24:07.210,20164,27394,-7230,NR-No Report
26-017883,2026-03-08 22:50:32.000,11,SUN,8,22,C,NIGHT,MIDS,POLICE,TRAFFIC STOP,2,OFFICER,"LEWIS, LESLIE","LEWIS, LESLIE",2026-03-08 22:50:32.000,2026-03-08 22:50:47.520,2026-03-08 22:50:32.000,0,0,0,2026-03-08 22:50:32.000,0,0,0,2026-03-08 22:50:32.000,0,0,0,2026-03-08 22:50:51.140,0,0,0,2026-03-08 22:50:32.000,0,0,0,2026-03-08 22:50:32.000,0,0,0,2026-03-08 23:03:19.980,2026-03-08 23:04:14.103,0,NULL,2026-03-08 23:04:14.317,822,822,0,NR-No Report
26-005839,2026-03-08 23:00:23.597,11,SUN,8,23,C,NIGHT,MIDS,EMS,MUTUAL BLS,1,C2C,CAD to CAD Service 1,CAD to CAD Service 1,2026-03-08 22:58:01.000,NULL,2026-03-08 23:00:24.300,143,0,143,2026-03-08 23:00:24.407,0,0,0,NULL,NULL,NULL,NULL,2026-03-08 23:01:32.777,143,-9999,10142,2026-03-08 23:01:32.777,68,68,0,2026-03-08 23:06:20.197,288,287,1,2026-03-08 23:15:51.143,2026-03-08 23:18:00.703,0,NULL,2026-03-08 23:18:00.967,1199,1199,0,UNDEFINED
26-017886,2026-03-08 23:06:24.000,11,SUN,8,23,C,NIGHT,MIDS,POLICE,PRISONER HSPTL DTL LOCAL INMTE,4,Phone,"WATSON, JOANNE","PATTERSON, JAHAIRA",2026-03-08 23:06:24.000,2026-03-08 23:06:27.000,2026-03-08 23:06:24.000,0,0,0,2026-03-08 23:06:24.000,0,0,0,2026-03-08 23:06:24.000,0,0,0,2026-03-09 06:45:40.367,0,0,0,2026-03-08 23:06:24.000,0,0,0,2026-03-08 23:06:24.000,0,0,0,2026-03-09 06:45:57.387,2026-03-09 18:16:16.807,0,NULL,2026-03-09 18:16:16.923,68992,68992,0,NR-No Report
26-005840,2026-03-08 23:23:38.153,11,SUN,8,23,C,NIGHT,MIDS,FIRE,MUTUAL ODOR OF SMOKE,1,C2C,CAD to CAD Service 1,CAD to CAD Service 1,2026-03-08 23:22:04.000,2026-03-08 23:28:45.000,2026-03-08 23:23:38.810,94,0,94,2026-03-08 23:23:38.873,0,0,0,NULL,NULL,NULL,NULL,2026-03-08 23:23:53.533,94,109,-15,2026-03-08 23:23:53.533,15,0,15,2026-03-08 23:26:39.883,166,166,0,2026-03-08 23:42:10.580,2026-03-08 23:48:53.567,0,NULL,2026-03-08 23:48:53.643,1609,1609,0,CAD2CAD
26-017887,2026-03-08 23:23:54.000,11,SUN,8,23,C,NIGHT,MIDS,POLICE,DISORDERLY CONDUCT,2,Phone,"MCLEOD, DOUGLAS","LEWIS, LESLIE",2026-03-08 23:23:52.000,2026-03-08 23:26:43.000,2026-03-08 23:26:13.000,141,139,2,2026-03-08 23:27:33.430,80,80,0,2026-03-08 23:28:56.000,304,302,2,2026-03-08 23:27:35.513,221,221,0,2026-03-08 23:27:35.513,2,2,0,2026-03-08 23:30:57.077,202,201,1,2026-03-09 00:34:00.717,2026-03-09 00:51:50.400,0,NULL,2026-03-09 00:51:50.430,5278,5278,0,NR-No Report
26-005841,2026-03-08 23:26:23.817,11,SUN,8,23,C,NIGHT,MIDS,EMS,UNKNOWN MEDICAL ALS 1,1,Phone,"MCLEOD, DOUGLAS",Automatic Dispatch,2026-03-08 23:26:23.817,2026-03-08 23:26:51.000,2026-03-08 23:26:23.817,0,1,-1,2026-03-08 23:26:26.767,3,2,1,2026-03-08 23:26:23.817,0,NULL,0,2026-03-08 23:28:03.400,3,2,1,2026-03-08 23:28:03.400,97,96,1,2026-03-08 23:30:24.770,141,141,0,2026-03-08 23:33:17.160,2026-03-09 00:05:19.800,0,NULL,2026-03-09 00:05:20.950,2336,2335,1,UNDEFINED
26-017888,2026-03-08 23:31:42.000,11,SUN,8,23,C,NIGHT,MIDS,POLICE,WARRANT SERVICE,2,Phone,"MACK, BRIANA",NULL,2026-03-08 23:31:40.000,2026-03-08 23:33:44.000,2026-03-08 23:32:26.000,46,44,2,2026-03-08 23:34:10.620,104,104,0,2026-03-09 00:00:08.000,1708,1706,2,2026-03-08 23:37:25.427,150,150,0,2026-03-08 23:37:25.427,195,4,191,2026-03-08 23:43:43.700,378,378,0,2026-03-09 01:11:00.620,2026-03-09 03:54:28.293,0,NULL,2026-03-09 03:54:28.400,15768,15768,0,RE-Report
26-017890,2026-03-08 23:51:12.000,11,SUN,8,23,C,NIGHT,MIDS,POLICE,LARCENY OTHER DELAY,4,Phone,"MARTINEZ, ESTHER","LEWIS, LESLIE",2026-03-08 23:51:10.000,2026-03-08 23:56:44.000,2026-03-08 23:54:13.000,183,181,2,2026-03-09 01:09:52.670,4539,4539,0,2026-03-08 23:56:04.000,294,292,2,2026-03-09 01:10:03.347,4722,4722,0,2026-03-09 01:10:03.347,11,10,1,2026-03-09 01:13:51.880,228,228,0,2026-03-09 01:10:19.780,2026-03-09 03:51:36.000,0,NULL,2026-03-09 03:51:36.050,14426,14426,0,RE-Report
26-017889,2026-03-08 23:52:09.000,11,SUN,8,23,C,NIGHT,MIDS,POLICE,DOMESTIC VIOL NO INJ,2,Phone,"WATSON, JOANNE",NULL,2026-03-08 23:52:07.000,2026-03-09 08:50:18.000,2026-03-08 23:53:22.000,75,73,2,2026-03-08 23:56:06.653,164,164,0,2026-03-08 23:55:38.000,211,209,2,2026-03-08 23:56:09.667,239,239,0,2026-03-08 23:56:09.667,3,3,0,2026-03-08 23:58:58.943,169,169,0,2026-03-09 02:22:19.400,2026-03-09 12:05:38.000,0,NULL,NULL,44011,44011,0,RE-Report
26-005842,2026-03-08 23:54:14.000,11,SUN,8,23,C,NIGHT,MIDS,EMS,BLS EMERGENCY,3,E-911,"MACK, BRIANA",Automatic Dispatch,2026-03-08 23:54:13.000,2026-03-08 23:56:11.000,2026-03-08 23:55:45.000,92,91,1,2026-03-08 23:55:48.217,3,3,0,2026-03-08 23:59:58.000,345,344,1,2026-03-08 23:59:58.920,95,95,0,2026-03-08 23:59:58.920,250,250,0,2026-03-09 00:04:40.767,282,281,1,2026-03-09 00:15:30.277,2026-03-09 00:15:30.277,0,NULL,2026-03-09 00:15:30.377,1277,1277,0,UNDEFINED
26-005843,2026-03-08 23:55:10.000,11,SUN,8,23,C,NIGHT,MIDS,EMS,TROUBLE BREATHING ALS 1,1,E-911,"MCLEOD, DOUGLAS",Automatic Dispatch,2026-03-08 23:55:09.000,2026-03-08 23:56:15.000,2026-03-08 23:55:53.000,44,43,1,2026-03-08 23:55:55.467,2,2,0,2026-03-08 23:57:00.000,111,110,1,2026-03-08 23:57:35.997,46,46,0,2026-03-08 23:57:35.997,100,100,0,2026-03-09 00:02:06.707,271,270,1,2026-03-09 00:49:14.637,2026-03-09 01:37:12.047,0,NULL,2026-03-09 01:37:12.123,6123,6123,0,UNDEFINED
26-005844,2026-03-08 23:59:00.357,11,SUN,8,23,C,NIGHT,MIDS,EMS,MUTUAL BLS,1,C2C,CAD to CAD Service 1,CAD to CAD Service 1,2026-03-08 23:54:33.000,2026-03-09 01:05:30.000,2026-03-08 23:59:01.280,268,0,268,2026-03-08 23:59:01.420,0,0,0,NULL,NULL,NULL,NULL,2026-03-09 00:00:09.090,268,-9999,10267,2026-03-09 00:00:09.090,68,55,13,2026-03-09 00:04:18.457,249,249,0,2026-03-09 00:17:15.873,2026-03-09 01:05:59.540,0,NULL,2026-03-09 01:05:59.787,4286,4286,0,UNDEFINED
26-017891,2026-03-09 00:11:40.000,11,MON,9,0,D,NIGHT,MIDS,POLICE,TROUBLE UNKNOWN EMS,2,E-911,"MACK, BRIANA","LEWIS, LESLIE",2026-03-09 00:11:40.000,2026-03-09 00:12:35.000,2026-03-09 00:12:25.000,45,45,0,2026-03-09 00:32:39.567,1214,1214,0,2026-03-09 00:15:07.000,207,207,0,2026-03-09 00:32:42.240,1259,1259,0,2026-03-09 00:32:42.240,3,2,1,2026-03-09 00:32:42.240,0,0,0,2026-03-09 00:36:18.127,2026-03-09 00:36:18.127,0,NULL,2026-03-09 00:36:18.233,1478,1478,0,NR-No Report
26-005845,2026-03-09 00:12:25.000,11,MON,9,0,D,NIGHT,MIDS,EMS,UNKNOWN MEDICAL ALS 1,1,E-911,"MACK, BRIANA",Automatic Dispatch,2026-03-09 00:12:25.000,2026-03-09 00:13:07.000,2026-03-09 00:12:25.000,0,NULL,0,2026-03-09 00:12:28.373,3,3,0,2026-03-09 00:12:25.000,0,0,0,2026-03-09 00:13:11.617,3,2,1,2026-03-09 00:13:11.617,43,43,0,2026-03-09 00:18:16.743,305,305,0,2026-03-09 00:50:22.443,2026-03-09 02:28:15.460,0,NULL,2026-03-09 02:28:16.573,8150,8149,1,UNDEFINED
26-017892,2026-03-09 00:14:43.000,11,MON,9,0,D,NIGHT,MIDS,POLICE,DRUG COMPLAINT DELAY,4,E-911,"WATSON, JOANNE","LEWIS, LESLIE",2026-03-09 00:14:43.000,2026-03-09 00:15:31.000,2026-03-09 00:15:25.000,42,42,0,2026-03-09 00:15:34.883,9,9,0,2026-03-09 00:18:33.000,230,230,0,2026-03-09 00:15:40.037,51,51,0,2026-03-09 00:15:40.037,6,5,1,2026-03-09 00:17:43.480,123,123,0,2026-03-09 00:59:35.893,2026-03-09 03:04:25.000,0,NULL,NULL,10182,10182,0,NR-No Report
26-005846,2026-03-09 00:14:56.000,11,MON,9,0,D,NIGHT,MIDS,EMS,TROUBLE BREATHING ALS 1,1,E-911,"MCLEOD, DOUGLAS",Automatic Dispatch,2026-03-09 00:14:56.000,2026-03-09 00:16:30.000,2026-03-09 00:15:38.000,42,42,0,2026-03-09 00:15:41.137,3,3,0,2026-03-09 00:16:43.000,107,107,0,2026-03-09 00:17:52.290,45,45,0,2026-03-09 00:17:52.290,131,131,0,2026-03-09 00:22:14.630,262,262,0,2026-03-09 00:30:22.700,2026-03-09 01:01:32.687,0,NULL,2026-03-09 01:01:32.943,2796,2796,0,UNDEFINED
26-005847,2026-03-09 00:20:05.977,11,MON,9,0,D,NIGHT,MIDS,EMS,UNKNOWN MEDICAL ALS 1,1,Phone,"LEWIS, LESLIE",Automatic Dispatch,2026-03-09 00:20:05.977,2026-03-09 00:20:40.000,2026-03-09 00:20:05.977,0,1,-1,2026-03-09 00:20:09.140,4,3,1,2026-03-09 00:20:05.977,0,NULL,0,2026-03-09 00:20:55.160,4,3,1,2026-03-09 00:20:55.160,46,46,0,2026-03-09 00:26:34.670,339,339,0,2026-03-09 00:26:53.013,2026-03-09 01:19:28.663,0,NULL,2026-03-09 01:19:28.793,3563,3562,1,UNDEFINED
26-017897,2026-03-09 00:29:51.000,11,MON,9,0,D,NIGHT,MIDS,POLICE,TROUBLE UNKNOWN NO EMS,2,E-911,"WATSON, JOANNE","LEWIS, LESLIE",2026-03-09 00:29:50.000,2026-03-09 00:32:19.000,2026-03-09 00:32:08.000,138,137,1,2026-03-09 00:36:18.710,250,250,0,2026-03-09 00:40:11.000,621,620,1,2026-03-09 00:36:22.207,388,388,0,2026-03-09 00:36:22.207,4,3,1,2026-03-09 00:38:07.117,105,104,1,2026-03-09 00:47:59.400,2026-03-09 00:51:31.030,0,NULL,2026-03-09 00:51:31.143,1301,1301,0,NR-No Report
26-017900,2026-03-09 00:39:57.000,11,MON,9,0,D,NIGHT,MIDS,POLICE,DOMESTIC VIOL NO INJ,2,E-911,"MACK, BRIANA","LEWIS, LESLIE",2026-03-09 00:39:57.000,2026-03-09 00:43:23.000,2026-03-09 00:41:54.000,117,117,0,2026-03-09 00:45:24.393,210,210,0,2026-03-09 00:47:17.000,440,440,0,2026-03-09 00:45:26.070,327,327,0,2026-03-09 00:45:26.070,2,1,1,2026-03-09 00:49:14.007,228,227,1,2026-03-09 01:11:28.133,2026-03-09 01:18:38.460,0,NULL,2026-03-09 01:18:38.543,2321,2321,0,NR-No Report
26-017903,2026-03-09 00:46:43.000,11,MON,9,0,D,NIGHT,MIDS,POLICE,DRUG COMPLAINT DELAY,4,OFFICER,"LEWIS, LESLIE","LEWIS, LESLIE",2026-03-09 00:46:42.000,2026-03-09 00:47:05.097,2026-03-09 00:46:57.000,15,14,1,2026-03-09 00:47:05.030,8,8,0,2026-03-09 00:53:33.000,411,410,1,2026-03-09 00:47:07.710,23,23,0,2026-03-09 00:47:07.710,2,2,0,2026-03-09 00:47:07.710,0,0,0,2026-03-09 01:58:43.657,2026-03-09 01:58:43.657,0,NULL,2026-03-09 01:58:43.733,4321,4321,0,RE-Report
26-017904,2026-03-09 00:51:30.000,11,MON,9,0,D,NIGHT,MIDS,POLICE,TRAFFIC STOP,2,OFFICER,"LEWIS, LESLIE","LEWIS, LESLIE",2026-03-09 00:51:30.000,NULL,2026-03-09 00:51:30.000,0,0,0,2026-03-09 00:51:30.000,0,0,0,2026-03-09 00:51:30.000,0,0,0,2026-03-09 00:51:59.210,0,0,0,2026-03-09 00:51:30.000,0,0,0,2026-03-09 00:51:30.000,0,0,0,2026-03-09 00:58:56.610,2026-03-09 01:00:05.313,0,NULL,2026-03-09 01:00:05.510,515,515,0,NR-No Report
26-017905,2026-03-09 00:54:32.000,11,MON,9,0,D,NIGHT,MIDS,POLICE,DISORDERLY CONDUCT,2,E-911,"MACK, BRIANA",NULL,2026-03-09 00:54:31.000,2026-03-09 00:55:59.000,2026-03-09 00:55:10.000,39,38,1,2026-03-09 00:58:42.530,212,212,0,2026-03-09 01:18:34.000,1443,1442,1,2026-03-09 00:58:45.307,251,251,0,2026-03-09 00:58:45.307,3,2,1,2026-03-09 00:59:55.620,70,70,0,2026-03-09 01:06:05.400,2026-03-09 06:55:41.733,0,NULL,2026-03-09 06:55:41.827,21670,21670,0,NR-No Report
26-005848,2026-03-09 01:13:02.000,11,MON,9,1,D,NIGHT,MIDS,EMS,TROUBLE BREATHING ALS 1,1,E-911,"MACK, BRIANA",Automatic Dispatch,2026-03-09 01:13:02.000,2026-03-09 01:17:14.000,2026-03-09 01:14:11.000,69,69,0,2026-03-09 01:14:14.280,3,3,0,2026-03-09 01:17:40.000,278,278,0,2026-03-09 01:16:21.663,72,72,0,2026-03-09 01:16:21.663,127,127,0,2026-03-09 01:20:27.500,246,245,1,2026-03-09 01:38:37.837,2026-03-09 02:25:57.227,0,NULL,2026-03-09 02:25:57.357,4375,4375,0,UNDEFINED
26-005849,2026-03-09 01:15:46.000,11,MON,9,1,D,NIGHT,MIDS,EMS,SICK PERSON BLS,10,E-911,"WATSON, JOANNE",Automatic Dispatch,2026-03-09 01:15:46.000,2026-03-09 01:17:53.000,2026-03-09 01:17:18.000,92,92,0,2026-03-09 01:17:20.820,2,2,0,2026-03-09 01:19:39.000,233,233,0,2026-03-09 01:18:14.300,94,94,0,2026-03-09 01:18:14.300,54,53,1,2026-03-09 01:25:44.347,450,450,0,2026-03-09 02:20:11.043,2026-03-09 02:20:11.043,0,NULL,2026-03-09 02:20:11.343,3865,3865,0,UNDEFINED
26-005850,2026-03-09 01:29:54.000,11,MON,9,1,D,NIGHT,MIDS,EMS,CHEST PAIN ALS 1,1,E-911,"WATSON, JOANNE",Automatic Dispatch,2026-03-09 01:29:54.000,2026-03-09 01:33:11.000,2026-03-09 01:30:41.000,47,47,0,2026-03-09 01:30:43.740,2,2,0,2026-03-09 01:33:14.000,200,200,0,2026-03-09 01:32:24.243,49,49,0,2026-03-09 01:32:24.243,101,100,1,2026-03-09 01:37:09.737,285,285,0,2026-03-09 01:45:50.927,2026-03-09 03:25:23.967,0,NULL,2026-03-09 03:25:24.183,6929,6929,0,UNDEFINED
26-017907,2026-03-09 01:33:26.000,11,MON,9,1,D,NIGHT,MIDS,POLICE,FLAG DOWN,2,OFFICER,"HAMED, HOSSAM R",NULL,2026-03-09 01:33:26.000,NULL,2026-03-09 01:33:26.000,0,1,-1,2026-03-09 01:33:26.000,0,0,0,2026-03-09 01:33:26.000,0,NULL,0,2026-03-09 01:33:26.000,0,0,0,2026-03-09 01:33:26.000,0,0,0,2026-03-09 01:33:26.000,0,0,0,2026-03-09 01:33:40.123,2026-03-09 01:33:40.123,0,NULL,2026-03-09 01:33:40.210,14,14,0,NR-No Report
26-017910,2026-03-09 01:53:32.000,11,MON,9,1,D,NIGHT,MIDS,POLICE,TROUBLE UNKNOWN EMS,2,Phone,"MACK, BRIANA","LEWIS, LESLIE",2026-03-09 01:53:31.000,2026-03-09 01:54:21.000,2026-03-09 01:54:09.000,38,37,1,2026-03-09 01:54:45.070,36,36,0,2026-03-09 02:20:13.000,1602,1601,1,2026-03-09 01:54:48.380,74,74,0,2026-03-09 01:54:48.380,3,3,0,2026-03-09 02:00:42.413,354,354,0,2026-03-09 02:13:03.633,2026-03-09 02:36:49.050,0,NULL,2026-03-09 02:36:49.100,2598,2598,0,NR-No Report
26-017909,2026-03-09 01:53:39.000,11,MON,9,1,D,NIGHT,MIDS,POLICE,TRAFFIC STOP,2,OFFICER,"SUN, JEFF Y",NULL,2026-03-09 01:53:39.000,2026-03-09 01:54:02.000,2026-03-09 01:53:39.000,0,1,-1,2026-03-09 01:53:39.000,0,0,0,2026-03-09 01:53:39.000,0,NULL,0,2026-03-09 01:53:39.000,0,0,0,2026-03-09 01:53:39.000,0,0,0,2026-03-09 01:53:39.000,0,0,0,2026-03-09 01:56:03.363,2026-03-09 02:00:12.403,0,NULL,2026-03-09 02:00:12.550,393,393,0,NR-No Report
26-005851,2026-03-09 01:54:09.000,11,MON,9,1,D,NIGHT,MIDS,EMS,UNKNOWN MEDICAL ALS 1,1,NOT CAPTURED,"MACK, BRIANA",Automatic Dispatch,2026-03-09 01:54:09.000,2026-03-09 01:55:54.000,2026-03-09 01:54:09.000,0,NULL,0,2026-03-09 01:54:12.397,3,3,0,2026-03-09 01:54:09.000,0,0,0,2026-03-09 01:56:19.047,3,3,0,2026-03-09 01:56:19.047,127,126,1,2026-03-09 01:58:45.403,146,146,0,2026-03-09 02:10:24.860,2026-03-09 03:17:24.190,0,NULL,2026-03-09 03:17:24.323,4995,4995,0,UNDEFINED
26-017911,2026-03-09 01:54:27.000,11,MON,9,1,D,NIGHT,MIDS,POLICE,PARKING COMPLAINT,4,Phone,"MARTINEZ, ESTHER","LEWIS, LESLIE",2026-03-09 01:54:27.000,2026-03-09 01:58:40.000,2026-03-09 01:58:31.000,244,244,0,2026-03-09 03:15:11.583,4600,4600,0,2026-03-09 02:00:47.000,380,380,0,2026-03-09 03:15:16.183,4844,4844,0,2026-03-09 03:15:16.183,5,4,1,2026-03-09 03:39:23.840,1447,1447,0,2026-03-09 03:45:53.640,2026-03-09 03:45:53.640,0,NULL,2026-03-09 03:45:53.717,6686,6686,0,NR-No Report
26-017913,2026-03-09 02:05:03.000,11,MON,9,2,D,NIGHT,LATE,POLICE,DOMESTIC VIOL NO INJ,2,E-911,"MARTINEZ, ESTHER","LEWIS, LESLIE",2026-03-09 02:05:03.000,2026-03-09 02:06:06.000,2026-03-09 02:05:57.000,54,54,0,2026-03-09 02:06:31.547,34,34,0,2026-03-09 02:08:48.000,225,225,0,2026-03-09 02:07:09.120,88,88,0,2026-03-09 02:07:09.120,38,37,1,2026-03-09 02:13:57.330,408,408,0,2026-03-09 02:07:39.780,2026-03-09 06:54:37.587,0,NULL,2026-03-09 06:54:37.680,17374,17374,0,RE-Report
26-017914,2026-03-09 02:12:44.000,11,MON,9,2,D,NIGHT,LATE,POLICE,TRAFFIC STOP,2,OFFICER,"LEWIS, LESLIE","LEWIS, LESLIE",2026-03-09 02:12:44.000,2026-03-09 02:12:57.047,2026-03-09 02:12:44.000,0,0,0,2026-03-09 02:12:44.000,0,0,0,2026-03-09 02:12:44.000,0,0,0,2026-03-09 02:12:58.133,0,0,0,2026-03-09 02:12:44.000,0,0,0,2026-03-09 02:12:44.000,0,0,0,2026-03-09 03:32:57.637,2026-03-09 03:33:09.000,0,NULL,2026-03-09 03:33:09.073,4825,4825,0,NR-No Report
26-005852,2026-03-09 02:20:00.853,11,MON,9,2,D,NIGHT,LATE,EMS,INJURED PERSON BLS,3,NOT CAPTURED,"WATSON, JOANNE",Automatic Dispatch,2026-03-09 02:20:00.853,2026-03-09 02:20:17.000,2026-03-09 02:20:00.853,0,2,-2,2026-03-09 02:20:04.683,4,3,1,2026-03-09 02:20:00.853,0,NULL,0,2026-03-09 02:22:41.407,4,3,1,2026-03-09 02:22:41.407,157,156,1,2026-03-09 02:27:43.870,302,302,0,2026-03-09 03:25:35.737,2026-03-09 03:25:35.737,0,NULL,2026-03-09 03:25:35.793,3935,3934,1,UNDEFINED
26-005853,2026-03-09 02:27:47.167,11,MON,9,2,D,NIGHT,LATE,FIRE,MUTUAL STRUCTURE FIRE,1,C2C,CAD to CAD Service 1,CAD to CAD Service 1,2026-03-09 02:25:46.000,2026-03-09 02:28:01.000,2026-03-09 02:27:47.853,121,0,121,2026-03-09 02:27:47.917,0,0,0,NULL,NULL,NULL,NULL,2026-03-09 02:28:13.577,121,137,-16,2026-03-09 02:28:13.577,26,9,17,2026-03-09 02:32:58.210,285,284,1,2026-03-09 02:31:17.257,2026-03-09 03:00:51.860,0,NULL,2026-03-09 03:00:51.933,2105,2105,0,UNDEFINED
26-017915,2026-03-09 02:32:11.000,11,MON,9,2,D,NIGHT,LATE,POLICE,TRAFFIC STOP,2,Radio,"WATSON, JOANNE","WATSON, JOANNE",2026-03-09 02:32:11.000,2026-03-09 02:32:30.390,2026-03-09 02:32:11.000,0,0,0,2026-03-09 02:32:11.000,0,0,0,2026-03-09 02:32:11.000,0,0,0,2026-03-09 02:32:36.050,0,0,0,2026-03-09 02:32:11.000,0,0,0,2026-03-09 02:32:11.000,0,0,0,2026-03-09 02:33:02.947,2026-03-09 02:56:09.540,0,NULL,2026-03-09 02:56:09.643,1438,1438,0,NR-No Report
26-017916,2026-03-09 02:43:09.000,11,MON,9,2,D,NIGHT,LATE,POLICE,TRAFFIC STOP,2,OFFICER,"WATSON, JOANNE","WATSON, JOANNE",2026-03-09 02:43:09.000,2026-03-09 02:43:16.387,2026-03-09 02:43:09.000,0,0,0,2026-03-09 02:43:09.000,0,0,0,2026-03-09 02:43:09.000,0,0,0,2026-03-09 02:43:25.943,0,0,0,2026-03-09 02:43:09.000,0,0,0,2026-03-09 02:43:09.000,0,0,0,2026-03-09 02:55:29.967,2026-03-09 02:55:30.007,0,NULL,2026-03-09 02:55:30.117,741,741,0,NR-No Report
26-017917,2026-03-09 02:51:02.000,11,MON,9,2,D,NIGHT,LATE,POLICE,ALARM RESIDENTIAL NIGHTIME,1,Phone,"MESARIS, MATTHEW","WATSON, JOANNE",2026-03-09 02:51:00.000,2026-03-09 02:52:32.000,2026-03-09 02:52:22.000,82,80,2,2026-03-09 02:55:35.807,193,193,0,2026-03-09 02:52:34.000,94,92,2,2026-03-09 02:55:37.983,275,275,0,2026-03-09 02:55:37.983,2,2,0,2026-03-09 02:55:37.983,0,0,0,2026-03-09 02:59:06.550,2026-03-09 03:15:16.107,0,NULL,2026-03-09 03:15:16.243,1456,1456,0,FALSE-False Alarm
26-017918,2026-03-09 03:07:16.000,11,MON,9,3,D,NIGHT,LATE,POLICE,TRAFFIC STOP,2,OFFICER,"MATTERN, MICHAEL",NULL,2026-03-09 03:07:16.000,2026-03-09 03:07:25.000,2026-03-09 03:07:16.000,0,2,-2,2026-03-09 03:07:16.000,0,0,0,2026-03-09 03:07:16.000,0,NULL,0,2026-03-09 03:07:16.000,0,0,0,2026-03-09 03:07:16.000,0,0,0,2026-03-09 03:07:16.000,0,0,0,2026-03-09 03:08:16.513,2026-03-09 03:29:47.597,0,NULL,2026-03-09 03:29:47.913,1351,1351,0,NR-No Report
26-017919,2026-03-09 03:09:59.000,11,MON,9,3,D,NIGHT,LATE,POLICE,PARKING COMPLAINT,4,Phone,"MCLEOD, DOUGLAS",NULL,2026-03-09 03:09:57.000,2026-03-09 03:16:01.000,2026-03-09 03:10:16.000,19,17,2,2026-03-09 06:34:51.250,12275,12275,0,2026-03-09 03:10:30.000,33,31,2,2026-03-09 06:34:51.250,12294,12294,0,2026-03-09 06:34:51.250,0,0,0,2026-03-09 06:45:56.643,665,665,0,2026-03-09 06:55:13.023,2026-03-09 06:55:13.023,0,NULL,2026-03-09 06:55:13.947,13516,13516,0,CI-Citation
26-005855,2026-03-09 03:18:27.203,11,MON,9,3,D,NIGHT,LATE,EMS,MUTUAL BLS,1,C2C,CAD to CAD Service 1,CAD to CAD Service 1,2026-03-09 03:17:46.000,2026-03-09 03:46:37.000,2026-03-09 03:18:27.813,41,0,41,2026-03-09 03:18:27.937,0,0,0,NULL,NULL,NULL,NULL,2026-03-09 03:18:55.250,41,-9999,10040,2026-03-09 03:18:55.250,28,18,10,2026-03-09 03:22:26.257,211,211,0,2026-03-09 03:30:16.217,2026-03-09 04:14:20.427,0,NULL,2026-03-09 04:14:20.560,3394,3394,0,UNDEFINED
26-005856,2026-03-09 03:24:52.000,11,MON,9,3,D,NIGHT,LATE,FIRE,ELEVATOR,3,E-911,"MCLEOD, DOUGLAS",Automatic Dispatch,2026-03-09 03:24:51.000,2026-03-09 03:27:12.000,2026-03-09 03:25:32.000,41,40,1,2026-03-09 03:25:34.440,2,2,0,2026-03-09 03:27:19.000,148,147,1,2026-03-09 03:27:01.307,43,43,0,2026-03-09 03:27:01.307,87,86,1,2026-03-09 03:30:00.547,179,179,0,2026-03-09 03:33:45.430,2026-03-09 03:33:45.430,0,NULL,2026-03-09 03:33:45.590,534,534,0,UNDEFINED
26-017920,2026-03-09 03:25:05.000,11,MON,9,3,D,NIGHT,LATE,POLICE,DOMESTIC VIOL NO INJ,2,E-911,"MESARIS, MATTHEW","LEWIS, LESLIE",2026-03-09 03:25:04.000,2026-03-09 03:33:18.000,2026-03-09 03:32:46.000,462,461,1,2026-03-09 03:34:12.890,86,86,0,2026-03-09 03:36:40.000,696,695,1,2026-03-09 03:34:17.130,548,548,0,2026-03-09 03:34:17.130,5,4,1,2026-03-09 03:38:16.427,239,239,0,2026-03-09 03:34:59.150,2026-03-09 12:06:10.000,0,NULL,NULL,31266,31266,0,RE-Report
26-017921,2026-03-09 03:39:29.000,11,MON,9,3,D,NIGHT,LATE,POLICE,TRAFFIC STOP,2,OFFICER,"LEWIS, LESLIE","LEWIS, LESLIE",2026-03-09 03:39:29.000,2026-03-09 03:39:35.000,2026-03-09 03:39:29.000,0,0,0,2026-03-09 03:39:29.000,0,0,0,2026-03-09 03:39:29.000,0,0,0,2026-03-09 03:39:45.850,0,0,0,2026-03-09 03:39:29.000,0,0,0,2026-03-09 03:39:29.000,0,0,0,2026-03-09 03:40:59.907,2026-03-09 03:50:08.543,0,NULL,2026-03-09 03:50:08.617,639,639,0,NR-No Report
26-017922,2026-03-09 03:43:18.000,11,MON,9,3,D,NIGHT,LATE,POLICE,ALARM COMMERCIAL,2,Phone,"MCLEOD, DOUGLAS","LEWIS, LESLIE",2026-03-09 03:43:16.000,2026-03-09 03:51:47.000,2026-03-09 03:43:49.000,33,31,2,2026-03-09 03:51:58.490,489,489,0,2026-03-09 03:44:44.000,88,86,2,2026-03-09 03:52:03.757,522,522,0,2026-03-09 03:52:03.757,5,2,3,2026-03-09 03:52:03.757,0,0,0,2026-03-09 04:10:26.593,2026-03-09 04:10:33.503,0,NULL,2026-03-09 04:10:33.580,1637,1637,0,NR-No Report
26-017923,2026-03-09 03:57:52.000,11,MON,9,3,D,NIGHT,LATE,POLICE,NOISE COMPLAINT DELAY,4,Phone,"MARTINEZ, ESTHER","LEWIS, LESLIE",2026-03-09 03:57:51.000,2026-03-09 03:58:54.000,2026-03-09 03:58:26.000,35,34,1,2026-03-09 05:18:49.517,4823,4823,0,2026-03-09 03:59:13.000,82,81,1,2026-03-09 05:18:56.573,4858,4858,0,2026-03-09 05:18:56.573,7,7,0,NULL,NULL,-9999,NULL,2026-03-09 05:20:17.977,2026-03-09 05:20:24.083,0,NULL,2026-03-09 05:20:24.227,4953,4953,0,NR-No Report
26-017924,2026-03-09 03:59:23.000,11,MON,9,3,D,NIGHT,LATE,POLICE,PARKING COMPLAINT,4,Phone,"MESARIS, MATTHEW",NULL,2026-03-09 03:59:21.000,2026-03-09 04:00:04.000,2026-03-09 03:59:58.000,37,35,2,2026-03-09 04:00:37.460,39,39,0,2026-03-09 03:59:59.000,38,36,2,2026-03-09 04:00:41.590,76,76,0,2026-03-09 04:00:41.590,4,4,0,2026-03-09 04:08:18.993,457,457,0,2026-03-09 05:06:31.387,2026-03-09 05:28:09.740,0,NULL,2026-03-09 05:28:09.797,5328,5328,0,CI-Citation
26-017925,2026-03-09 04:27:54.000,11,MON,9,4,D,NIGHT,LATE,POLICE,TRAFFIC STOP,2,OFFICER,"LEWIS, LESLIE","LEWIS, LESLIE",2026-03-09 04:27:54.000,2026-03-09 04:28:08.000,2026-03-09 04:27:54.000,0,0,0,2026-03-09 04:27:54.000,0,0,0,2026-03-09 04:27:54.000,0,0,0,2026-03-09 04:28:05.857,0,0,0,2026-03-09 04:27:54.000,0,0,0,2026-03-09 04:27:54.000,0,0,0,2026-03-09 04:32:17.813,2026-03-09 04:32:21.903,0,NULL,2026-03-09 04:32:21.990,267,267,0,NR-No Report
26-005857,2026-03-09 04:28:05.000,11,MON,9,4,D,NIGHT,LATE,EMS,DIABETIC EMERGENCY ALS 1,1,E-911,"MCLEOD, DOUGLAS",Automatic Dispatch,2026-03-09 04:28:05.000,2026-03-09 04:30:32.000,2026-03-09 04:28:48.000,43,43,0,2026-03-09 04:28:50.667,2,2,0,2026-03-09 04:30:10.000,125,125,0,2026-03-09 04:30:53.200,45,45,0,2026-03-09 04:30:53.200,123,122,1,2026-03-09 04:35:13.847,260,260,0,2026-03-09 04:48:38.690,2026-03-09 05:13:08.127,0,NULL,2026-03-09 05:13:08.170,2703,2703,0,UNDEFINED
26-005858,2026-03-09 04:56:36.000,11,MON,9,4,D,NIGHT,LATE,EMS,BLS EMERGENCY,3,E-911,"MCLEOD, DOUGLAS",Automatic Dispatch,2026-03-09 04:56:36.000,2026-03-09 04:58:08.000,2026-03-09 04:57:37.000,61,61,0,2026-03-09 04:57:41.100,4,4,0,2026-03-09 04:58:49.000,133,133,0,2026-03-09 05:00:50.510,65,65,0,2026-03-09 05:00:50.510,189,189,0,2026-03-09 05:07:54.150,424,423,1,2026-03-09 05:20:34.840,2026-03-09 05:20:34.840,0,NULL,2026-03-09 05:20:34.927,1438,1438,0,UNDEFINED
26-005859,2026-03-09 05:11:11.000,11,MON,9,5,D,NIGHT,LATE,EMS,TRAUMATIC INJURIES ALS 1,1,E-911,"MCLEOD, DOUGLAS","MACK, BRIANA",2026-03-09 05:11:10.000,2026-03-09 05:17:50.000,2026-03-09 05:12:18.000,68,67,1,2026-03-09 05:12:20.990,2,2,0,2026-03-09 05:14:24.000,194,193,1,2026-03-09 05:17:29.527,70,70,0,2026-03-09 05:17:29.527,309,308,1,2026-03-09 05:28:14.647,645,645,0,2026-03-09 05:42:13.950,2026-03-09 06:16:11.543,0,NULL,2026-03-09 06:16:11.833,3901,3901,0,RAF-Reassign FD Call
26-017926,2026-03-09 05:29:39.000,11,MON,9,5,D,NIGHT,LATE,POLICE,TRAFFIC STOP,2,OFFICER,"SUN, JEFF Y",NULL,2026-03-09 05:29:39.000,NULL,2026-03-09 05:29:39.000,0,1,-1,2026-03-09 05:29:39.000,0,0,0,2026-03-09 05:29:39.000,0,NULL,0,2026-03-09 05:29:39.000,0,0,0,2026-03-09 05:29:39.000,0,0,0,2026-03-09 05:29:39.000,0,0,0,2026-03-09 05:36:06.330,2026-03-09 05:36:06.330,0,NULL,2026-03-09 05:36:06.433,387,387,0,NR-No Report
26-005860,2026-03-09 06:16:00.593,11,MON,9,6,B,DAY,EARLY,EMS,MUTUAL ALS,1,C2C,CAD to CAD Service 1,CAD to CAD Service 1,2026-03-09 06:13:54.000,NULL,2026-03-09 06:16:01.297,127,0,127,2026-03-09 06:16:01.377,0,0,0,NULL,NULL,NULL,NULL,2026-03-09 06:17:50.247,127,-9999,10126,2026-03-09 06:17:50.247,109,108,1,2026-03-09 06:20:37.077,167,166,1,2026-03-09 06:39:55.110,2026-03-09 07:25:53.700,0,NULL,2026-03-09 07:25:53.823,4319,4319,0,UNDEFINED
26-005861,2026-03-09 06:19:20.000,11,MON,9,6,B,DAY,EARLY,EMS,BLS EMERGENCY,3,E-911,"GARCIA, VILMA",Automatic Dispatch,2026-03-09 06:19:19.000,2026-03-09 06:22:28.000,2026-03-09 06:21:26.000,127,126,1,2026-03-09 06:21:29.350,3,3,0,2026-03-09 06:22:51.000,212,211,1,2026-03-09 06:23:46.830,130,130,0,2026-03-09 06:23:46.830,137,137,0,2026-03-09 06:31:35.477,469,468,1,2026-03-09 07:14:20.663,2026-03-09 07:14:20.660,0,NULL,2026-03-09 07:14:20.660,3301,3301,0,UNDEFINED
26-017930,2026-03-09 06:40:47.000,11,MON,9,6,B,DAY,EARLY,POLICE,MVC PROPERTY DAMAGE,2,OFFICER,"MARVRAY, ESMOND","MARVRAY, ESMOND",2026-03-09 06:40:45.000,2026-03-09 06:43:11.000,2026-03-09 06:41:12.000,27,25,2,2026-03-09 06:41:33.303,21,21,0,2026-03-09 06:42:50.000,125,123,2,2026-03-09 06:42:12.970,48,48,0,2026-03-09 06:42:12.970,39,39,0,2026-03-09 06:44:25.400,133,132,1,2026-03-09 07:17:31.620,2026-03-09 07:17:30.780,0,NULL,2026-03-09 07:17:30.780,2205,2206,-1,NR-No Report
26-017931,2026-03-09 06:42:14.000,11,MON,9,6,B,DAY,EARLY,POLICE,TRNSPORT PRISONER MED LOCAL,4,OFFICER,"MARVRAY, ESMOND","MARVRAY, ESMOND",2026-03-09 06:42:12.000,2026-03-09 06:43:55.000,2026-03-09 06:42:40.000,28,26,2,2026-03-09 06:42:57.023,17,17,0,2026-03-09 06:42:48.000,36,34,2,2026-03-09 06:43:01.960,45,45,0,2026-03-09 06:43:01.960,4,4,0,2026-03-09 06:44:37.340,96,95,1,2026-03-09 08:55:28.650,2026-03-09 13:07:44.000,0,NULL,NULL,23132,23132,0,NR-No Report
26-005862,2026-03-09 06:51:48.000,11,MON,9,6,B,DAY,EARLY,FIRE,ELEVATOR,3,Phone,"PATTERSON, JAHAIRA",Automatic Dispatch,2026-03-09 06:51:48.000,2026-03-09 06:55:16.000,2026-03-09 06:54:24.000,156,156,0,2026-03-09 06:54:26.037,2,2,0,2026-03-09 06:56:08.000,260,260,0,2026-03-09 06:57:03.483,158,158,0,2026-03-09 06:57:03.483,157,157,0,2026-03-09 07:05:19.483,496,495,1,2026-03-09 07:11:55.857,2026-03-09 07:11:55.857,0,NULL,2026-03-09 07:11:55.903,1207,1207,0,CAD2CAD
26-017932,2026-03-09 07:06:03.000,11,MON,9,7,B,DAY,EARLY,POLICE,MVC HIT/RUN NO INJ DELAY,4,Phone,"PATTERSON, JAHAIRA","FOSTER, KANESHA",2026-03-09 07:06:02.000,2026-03-09 07:13:19.000,2026-03-09 07:12:06.000,364,363,1,2026-03-09 08:12:03.030,3597,3597,0,2026-03-09 07:12:37.000,395,394,1,2026-03-09 08:12:29.250,3961,3961,0,2026-03-09 08:12:29.250,26,26,0,2026-03-09 08:24:15.750,706,706,0,2026-03-09 08:43:10.400,2026-03-09 08:43:10.400,0,NULL,2026-03-09 08:43:10.473,5828,5828,0,NR-No Report
26-017933,2026-03-09 07:27:41.000,11,MON,9,7,B,DAY,EARLY,POLICE,TRAFFIC STOP,2,OFFICER,"HAMED, HOSSAM R",NULL,2026-03-09 07:27:41.000,NULL,2026-03-09 07:27:41.000,0,1,-1,2026-03-09 07:27:41.000,0,0,0,2026-03-09 07:27:41.000,0,NULL,0,2026-03-09 07:27:41.000,0,0,0,2026-03-09 07:27:41.000,0,0,0,2026-03-09 07:27:41.000,0,0,0,2026-03-09 07:33:42.903,2026-03-09 07:33:42.903,0,NULL,2026-03-09 07:33:42.963,361,361,0,CI-Citation
26-005863,2026-03-09 07:41:53.067,11,MON,9,7,B,DAY,EARLY,EMS,MUTUAL BLS,1,C2C,CAD to CAD Service 1,CAD to CAD Service 1,2026-03-09 07:41:24.000,NULL,2026-03-09 07:41:53.660,29,0,29,2026-03-09 07:41:53.833,0,0,0,NULL,NULL,NULL,NULL,2026-03-09 07:42:54.857,29,-9999,10028,2026-03-09 07:42:54.857,61,55,6,2026-03-09 07:46:56.847,242,241,1,2026-03-09 07:49:03.800,2026-03-09 07:49:12.893,0,NULL,2026-03-09 07:49:12.940,468,468,0,CAD2CAD
26-005866,2026-03-09 07:48:09.000,11,MON,9,7,B,DAY,EARLY,EMS,TROUBLE BREATHING ALS 1,1,E-911,"WALKER, JUANITA","COOPER, KAKILA",2026-03-09 07:48:09.000,2026-03-09 07:59:26.000,2026-03-09 07:57:32.000,563,563,0,2026-03-09 07:57:34.877,2,2,0,2026-03-09 08:01:46.000,817,817,0,2026-03-09 07:58:29.213,565,565,0,2026-03-09 07:58:29.213,55,54,1,2026-03-09 08:05:41.493,432,432,0,2026-03-09 08:05:52.267,2026-03-09 08:57:14.550,0,NULL,2026-03-09 08:57:14.613,4145,4145,0,CAD2CAD
26-017934,2026-03-09 07:48:13.000,11,MON,9,7,B,DAY,EARLY,POLICE,TRAFFIC STOP,2,OFFICER,"HAMED, HOSSAM R",NULL,2026-03-09 07:48:13.000,2026-03-09 07:48:28.000,2026-03-09 07:48:13.000,0,1,-1,2026-03-09 07:48:13.000,0,0,0,2026-03-09 07:48:13.000,0,NULL,0,2026-03-09 07:48:13.000,0,0,0,2026-03-09 07:48:13.000,0,0,0,2026-03-09 07:48:13.000,0,0,0,2026-03-09 07:53:48.963,2026-03-09 07:53:48.963,0,NULL,2026-03-09 07:53:49.027,335,335,0,CI-Citation
26-005864,2026-03-09 07:51:18.000,11,MON,9,7,B,DAY,EARLY,EMS,ALTERED LOC ALS 1,1,E-911,"GARCIA, VILMA","COOPER, KAKILA",2026-03-09 07:51:17.000,2026-03-09 07:53:12.000,2026-03-09 07:51:58.000,41,40,1,2026-03-09 07:52:01.403,3,3,0,2026-03-09 07:55:55.000,278,277,1,2026-03-09 07:53:27.400,44,44,0,2026-03-09 07:53:27.400,86,85,1,2026-03-09 07:57:55.583,268,268,0,2026-03-09 07:55:03.240,2026-03-09 08:41:53.633,0,NULL,2026-03-09 08:41:54.167,3036,3036,0,CAD2CAD
26-005865,2026-03-09 07:51:28.000,11,MON,9,7,B,DAY,EARLY,EMS,ALTERED LOC ALS 1,1,E-911,"FOSTER, KANESHA",Automatic Dispatch,2026-03-09 07:51:27.000,2026-03-09 07:54:55.000,2026-03-09 07:53:22.000,115,114,1,2026-03-09 07:53:24.927,2,2,0,2026-03-09 07:55:23.000,236,235,1,2026-03-09 07:54:25.973,117,117,0,2026-03-09 07:54:25.973,61,61,0,2026-03-09 08:00:11.457,346,345,1,2026-03-09 08:28:04.377,2026-03-09 08:50:06.297,0,NULL,2026-03-09 08:50:07.197,3519,3519,0,UNDEFINED
26-005867,2026-03-09 08:04:33.000,11,MON,9,8,B,DAY,EARLY,EMS,FALL BLS,3,E-911,"WALKER, JUANITA",Automatic Dispatch,2026-03-09 08:04:33.000,2026-03-09 08:05:42.000,2026-03-09 08:05:15.000,42,42,0,2026-03-09 08:05:18.680,3,3,0,2026-03-09 08:06:57.000,144,144,0,2026-03-09 08:05:54.723,45,45,0,2026-03-09 08:05:54.723,36,36,0,2026-03-09 08:14:00.317,486,485,1,2026-03-09 08:29:00.153,2026-03-09 08:56:30.343,0,NULL,2026-03-09 08:56:30.430,3117,3117,0,UNDEFINED
26-017939,2026-03-09 08:04:52.000,11,MON,9,8,B,DAY,EARLY,POLICE,TRAFFIC STOP,2,OFFICER,"HAMED, HOSSAM R",NULL,2026-03-09 08:04:52.000,NULL,2026-03-09 08:04:52.000,0,2,-2,2026-03-09 08:04:52.000,0,0,0,2026-03-09 08:04:52.000,0,NULL,0,2026-03-09 08:04:52.000,0,0,0,2026-03-09 08:04:52.000,0,0,0,2026-03-09 08:04:52.000,0,0,0,2026-03-09 08:09:58.507,2026-03-09 08:09:58.507,0,NULL,2026-03-09 08:09:58.867,306,306,0,CI-Citation
26-017941,2026-03-09 08:05:49.000,11,MON,9,8,B,DAY,EARLY,POLICE,OFF DUTY DETAIL,8,OFFICER,"BACHMAN, ARIANA R",NULL,2026-03-09 08:05:49.000,2026-03-09 12:05:13.000,2026-03-09 08:05:49.000,0,1,-1,2026-03-09 08:05:49.000,0,0,0,2026-03-09 08:05:49.000,0,NULL,0,2026-03-09 08:05:49.000,0,0,0,2026-03-09 08:05:49.000,0,0,0,2026-03-09 08:05:49.000,0,0,0,2026-03-09 16:33:25.120,2026-03-09 16:39:43.637,0,NULL,2026-03-09 16:39:43.683,30834,30834,0,NR-No Report
26-017943,2026-03-09 08:21:47.000,11,MON,9,8,B,DAY,EARLY,POLICE,FORGERY/BAD CHECK DELAY,4,Phone,"MAIORIELLO, BERMARI",NULL,2026-03-09 08:21:45.000,2026-03-09 08:24:00.000,2026-03-09 08:23:07.000,82,80,2,2026-03-09 08:29:53.667,406,406,0,2026-03-09 08:27:18.000,333,331,2,2026-03-09 08:29:53.667,488,488,0,2026-03-09 08:29:53.667,0,-9999,9999,2026-03-09 08:56:04.057,1571,1570,1,2026-03-09 09:36:30.870,2026-03-09 09:36:30.870,0,NULL,2026-03-09 09:36:30.930,4485,4485,0,RE-Report
26-017944,2026-03-09 08:24:11.000,11,MON,9,8,B,DAY,EARLY,POLICE,TRAFFIC STOP,2,OFFICER,"HAMED, HOSSAM R",NULL,2026-03-09 08:24:11.000,2026-03-09 08:24:29.000,2026-03-09 08:24:11.000,0,1,-1,2026-03-09 08:24:11.000,0,0,0,2026-03-09 08:24:11.000,0,NULL,0,2026-03-09 08:24:11.000,0,0,0,2026-03-09 08:24:11.000,0,0,0,2026-03-09 08:24:11.000,0,0,0,2026-03-09 08:28:45.980,2026-03-09 08:28:45.980,0,NULL,2026-03-09 08:28:46.067,274,274,0,CI-Citation
26-017951,2026-03-09 08:39:00.000,11,MON,9,8,B,DAY,EARLY,POLICE,ASSIST CITIZEN DELAY,4,Phone,"MAIORIELLO, BERMARI","FOSTER, KANESHA",2026-03-09 08:38:59.000,2026-03-09 08:40:07.000,2026-03-09 08:39:51.000,52,51,1,2026-03-09 08:43:22.183,211,211,0,2026-03-09 08:41:43.000,164,163,1,2026-03-09 08:43:22.247,263,263,0,2026-03-09 08:43:22.247,0,0,0,2026-03-09 08:51:20.583,478,478,0,2026-03-09 09:00:09.493,2026-03-09 09:00:09.493,0,NULL,2026-03-09 09:00:19.047,1270,1270,0,NR-No Report
26-017950,2026-03-09 08:39:43.000,11,MON,9,8,B,DAY,EARLY,POLICE,TRAFFIC STOP,2,OFFICER,"HAMED, HOSSAM R",NULL,2026-03-09 08:39:43.000,2026-03-09 08:39:54.000,2026-03-09 08:39:43.000,0,1,-1,2026-03-09 08:39:43.000,0,0,0,2026-03-09 08:39:43.000,0,NULL,0,2026-03-09 08:39:43.000,0,0,0,2026-03-09 08:39:43.000,0,0,0,2026-03-09 08:39:43.000,0,0,0,2026-03-09 08:50:17.393,2026-03-09 08:50:17.393,0,NULL,2026-03-09 08:50:17.467,634,634,0,CI-Citation
26-017953,2026-03-09 08:39:45.000,11,MON,9,8,B,DAY,EARLY,POLICE,PUBLIC SERVICE MULTI OFFICER,4,Phone,"MARVRAY, ESMOND","FOSTER, KANESHA",2026-03-09 08:39:44.000,2026-03-09 08:49:31.000,2026-03-09 08:49:06.000,562,561,1,2026-03-09 08:50:11.950,65,65,0,2026-03-09 08:53:35.000,831,830,1,2026-03-09 08:50:21.463,627,627,0,2026-03-09 08:50:21.463,10,9,1,2026-03-09 09:46:30.683,3369,3369,0,2026-03-09 08:51:21.673,2026-03-09 10:05:18.480,0,NULL,2026-03-09 10:05:18.543,5134,5134,0,NR-No Report
26-017955,2026-03-09 08:48:34.000,11,MON,9,8,B,DAY,EARLY,POLICE,ADMINISTRATIVE TASK,2,Phone,"PEREZ, CARLOS","FOSTER, KANESHA",2026-03-09 08:48:31.000,2026-03-09 08:50:46.000,2026-03-09 08:50:34.000,123,120,3,2026-03-09 09:00:50.077,616,616,0,2026-03-09 08:50:36.000,125,122,3,2026-03-09 09:00:52.883,739,739,0,2026-03-09 09:00:52.883,2,2,0,2026-03-09 09:05:07.873,255,254,1,2026-03-09 09:41:54.277,2026-03-09 09:41:54.277,0,NULL,2026-03-09 09:41:54.513,3203,3203,0,NR-No Report
26-017954,2026-03-09 08:48:37.000,11,MON,9,8,B,DAY,EARLY,POLICE,PARKING COMPLAINT,4,Phone,"WALKER, JUANITA",NULL,2026-03-09 08:48:35.000,2026-03-09 09:02:36.000,2026-03-09 08:50:07.000,92,90,2,2026-03-09 08:54:53.610,286,286,0,2026-03-09 08:50:08.000,93,91,2,2026-03-09 08:54:53.610,378,378,0,2026-03-09 08:54:53.610,0,0,0,NULL,NULL,-9999,NULL,2026-03-09 09:37:31.773,2026-03-09 09:37:31.773,0,NULL,2026-03-09 09:37:31.907,2936,2936,0,CI-Citation
26-017956,2026-03-09 08:49:56.000,11,MON,9,8,B,DAY,EARLY,POLICE,WARRANT SERVICE,2,E-911,"GARCIA, VILMA","FOSTER, KANESHA",2026-03-09 08:49:56.000,2026-03-09 08:50:57.000,2026-03-09 08:50:52.000,56,56,0,2026-03-09 08:51:29.243,37,37,0,2026-03-09 08:53:06.000,190,190,0,2026-03-09 08:51:36.737,93,93,0,2026-03-09 08:51:36.737,7,7,0,2026-03-09 08:54:32.000,176,175,1,2026-03-09 08:53:25.897,2026-03-09 11:25:50.120,0,NULL,2026-03-09 11:25:50.217,9354,9354,0,RE-Report
26-005868,2026-03-09 08:50:52.000,11,MON,9,8,B,DAY,EARLY,EMS,UNKNOWN MEDICAL ALS 1,1,NOT CAPTURED,"GARCIA, VILMA",Automatic Dispatch,2026-03-09 08:50:52.000,2026-03-09 08:51:55.000,2026-03-09 08:50:52.000,0,NULL,0,2026-03-09 08:50:55.050,3,3,0,2026-03-09 08:50:52.000,0,0,0,2026-03-09 08:51:44.310,3,3,0,2026-03-09 08:51:44.310,49,49,0,2026-03-09 08:53:12.777,88,88,0,2026-03-09 08:52:21.960,2026-03-09 08:56:54.733,0,NULL,2026-03-09 08:56:54.837,362,362,0,UNDEFINED
26-017958,2026-03-09 08:53:52.000,11,MON,9,8,B,DAY,EARLY,POLICE,OFF DUTY DETAIL,8,OFFICER,"CODDINGTON, DIANA L",NULL,2026-03-09 08:53:52.000,2026-03-09 12:05:23.000,2026-03-09 08:53:52.000,0,1,-1,2026-03-09 08:53:52.000,0,0,0,2026-03-09 08:53:52.000,0,NULL,0,2026-03-09 08:53:52.000,0,0,0,2026-03-09 08:53:52.000,0,0,0,2026-03-09 08:53:52.000,0,0,0,2026-03-09 17:28:38.900,2026-03-09 17:28:38.900,0,NULL,2026-03-09 17:28:38.980,30886,30886,0,NR-No Report
26-017960,2026-03-09 08:56:03.000,11,MON,9,8,B,DAY,EARLY,POLICE,PARKING COMPLAINT,3,Phone,"WALKER, JUANITA",NULL,2026-03-09 08:56:01.000,2026-03-09 09:41:45.000,2026-03-09 08:56:35.000,34,32,2,2026-03-09 09:37:36.173,2461,2461,0,2026-03-09 08:57:10.000,69,67,2,2026-03-09 09:37:36.173,2495,2495,0,2026-03-09 09:37:36.173,0,0,0,2026-03-09 09:41:59.193,263,263,0,2026-03-09 09:56:48.037,2026-03-09 09:56:48.037,0,NULL,2026-03-09 09:56:48.483,3647,3647,0,NR-No Report
26-017961,2026-03-09 08:59:26.000,11,MON,9,8,B,DAY,EARLY,POLICE,ANIMAL-DANGEROUS,1,E-911,"MARVRAY, ESMOND","FOSTER, KANESHA",2026-03-09 08:59:26.000,2026-03-09 09:00:17.000,2026-03-09 09:00:08.000,42,42,0,2026-03-09 09:02:08.247,120,120,0,2026-03-09 09:04:18.000,292,292,0,2026-03-09 09:02:08.367,162,162,0,2026-03-09 09:02:08.367,0,0,0,2026-03-09 10:03:17.253,3669,3668,1,2026-03-09 11:12:03.710,2026-03-09 13:48:39.000,0,NULL,NULL,17353,17353,0,ACOR-Animal Control Report
26-005870,2026-03-09 09:02:58.000,11,MON,9,9,B,DAY,EARLY,FIRE,FIRE ALARM,3,Phone,"GARCIA, VILMA",Automatic Dispatch,2026-03-09 09:02:57.000,2026-03-09 09:06:05.000,2026-03-09 09:04:16.000,79,78,1,2026-03-09 09:04:18.587,2,2,0,2026-03-09 09:05:24.000,147,146,1,2026-03-09 09:05:17.297,81,81,0,2026-03-09 09:05:17.297,59,58,1,NULL,NULL,-9999,NULL,2026-03-09 09:08:36.077,2026-03-09 09:08:36.077,0,NULL,2026-03-09 09:08:36.323,339,339,0,UNDEFINED
26-005869,2026-03-09 09:03:14.393,11,MON,9,9,B,DAY,EARLY,EMS,LACERATION BLS,3,NOT CAPTURED,"WALKER, JUANITA",Automatic Dispatch,2026-03-09 09:03:14.393,2026-03-09 09:04:36.000,2026-03-09 09:03:14.393,0,1,-1,2026-03-09 09:03:17.220,3,2,1,2026-03-09 09:03:14.393,0,NULL,0,2026-03-09 09:04:30.190,3,2,1,2026-03-09 09:04:30.190,73,72,1,NULL,NULL,-9999,NULL,2026-03-09 09:18:45.807,2026-03-09 09:20:50.130,0,NULL,2026-03-09 09:20:51.143,1056,1055,1,UNDEFINED
26-017965,2026-03-09 09:05:56.000,11,MON,9,9,B,DAY,EARLY,POLICE,PARKING COMPLAINT,4,Phone,"PEREZ, CARLOS",NULL,2026-03-09 09:05:54.000,2026-03-09 09:12:37.000,2026-03-09 09:07:04.000,70,68,2,2026-03-09 09:17:31.673,627,627,0,2026-03-09 09:07:04.000,70,68,2,2026-03-09 09:17:31.673,697,697,0,2026-03-09 09:17:31.673,0,-9999,9999,2026-03-09 09:44:33.470,1622,1621,1,2026-03-09 09:55:25.243,2026-03-09 09:55:25.243,0,NULL,2026-03-09 09:55:25.863,2971,2971,0,CI-Citation
26-005871,2026-03-09 09:09:42.000,11,MON,9,9,B,DAY,EARLY,FIRE,HAZARD,3,Phone,"PEREZ, CARLOS",Automatic Dispatch,2026-03-09 09:09:40.000,2026-03-09 09:12:05.000,2026-03-09 09:11:53.000,133,131,2,2026-03-09 09:11:55.363,2,2,0,2026-03-09 09:12:07.000,147,145,2,2026-03-09 09:13:19.510,135,135,0,2026-03-09 09:13:19.510,84,84,0,2026-03-09 09:17:19.283,240,239,1,2026-03-09 09:20:50.083,2026-03-09 09:20:50.083,0,NULL,2026-03-09 09:20:51.457,670,670,0,UNDEFINED
26-005872,2026-03-09 09:19:33.000,11,MON,9,9,B,DAY,EARLY,EMS,BLS EMERGENCY,3,E-911,"PEREZ, CARLOS",Automatic Dispatch,2026-03-09 09:19:33.000,2026-03-09 09:21:46.000,2026-03-09 09:20:34.000,61,61,0,2026-03-09 09:20:36.907,2,2,0,2026-03-09 09:22:43.000,190,190,0,2026-03-09 09:21:44.597,63,63,0,2026-03-09 09:21:44.597,68,67,1,2026-03-09 09:26:34.277,290,289,1,2026-03-09 09:53:06.820,2026-03-09 09:53:06.820,0,NULL,2026-03-09 09:53:07.133,2013,2013,0,CAD2CAD
26-017968,2026-03-09 09:22:04.000,11,MON,9,9,B,DAY,EARLY,POLICE,MVC PROPERTY DAMAGE,2,Phone,"MAIORIELLO, BERMARI","FOSTER, KANESHA",2026-03-09 09:22:02.000,2026-03-09 09:23:42.000,2026-03-09 09:23:39.000,97,95,2,2026-03-09 09:25:54.270,135,135,0,2026-03-09 09:27:20.000,318,316,2,2026-03-09 09:26:03.223,232,232,0,2026-03-09 09:26:03.223,9,8,1,NULL,NULL,-9999,NULL,NULL,2026-03-09 09:30:38.000,0,NULL,NULL,516,516,0,NR-No Report
26-017969,2026-03-09 09:27:27.000,11,MON,9,9,B,DAY,EARLY,POLICE,TROUBLE UNKNOWN EMS,2,Phone,"MAIORIELLO, BERMARI","FOSTER, KANESHA",2026-03-09 09:27:26.000,2026-03-09 09:28:56.000,2026-03-09 09:28:37.000,71,70,1,2026-03-09 09:29:03.190,26,26,0,2026-03-09 09:29:58.000,152,151,1,2026-03-09 09:29:08.873,97,97,0,2026-03-09 09:29:08.873,5,5,0,2026-03-09 09:34:52.660,344,343,1,NULL,2026-03-09 09:35:06.000,0,NULL,NULL,460,460,0,NR-No Report
26-005873,2026-03-09 09:28:39.000,11,MON,9,9,B,DAY,EARLY,EMS,UNKNOWN MEDICAL ALS 1,1,Phone,"MAIORIELLO, BERMARI",Automatic Dispatch,2026-03-09 09:28:39.000,2026-03-09 09:29:56.000,2026-03-09 09:28:39.000,0,NULL,0,2026-03-09 09:28:41.973,2,2,0,2026-03-09 09:28:39.000,0,0,0,2026-03-09 09:28:54.363,2,2,0,2026-03-09 09:28:54.363,13,12,1,2026-03-09 09:31:10.767,136,136,0,2026-03-09 09:32:47.347,2026-03-09 09:33:10.080,0,NULL,2026-03-09 09:33:10.300,271,271,0,UNDEFINED
26-017970,2026-03-09 09:29:41.000,11,MON,9,9,B,DAY,EARLY,POLICE,FIGHT NO WEAPONS,2,E-911,"MARVRAY, ESMOND","FOSTER, KANESHA",2026-03-09 09:29:40.000,2026-03-09 10:10:35.000,2026-03-09 09:30:20.000,40,39,1,2026-03-09 09:30:45.230,25,25,0,2026-03-09 09:32:01.000,141,140,1,2026-03-09 09:30:45.303,65,65,0,2026-03-09 09:30:45.303,0,0,0,2026-03-09 09:30:45.390,0,0,0,2026-03-09 09:58:47.430,2026-03-09 10:16:31.373,0,NULL,2026-03-09 10:16:31.420,2811,2811,0,NR-No Report
26-005874,2026-03-09 09:31:51.000,11,MON,9,9,B,DAY,EARLY,EMS,CHEST PAIN ALS 1,1,E-911,"GARCIA, VILMA",Automatic Dispatch,2026-03-09 09:31:50.000,2026-03-09 09:33:06.000,2026-03-09 09:32:21.000,31,30,1,2026-03-09 09:32:23.533,2,2,0,2026-03-09 09:34:23.000,153,152,1,2026-03-09 09:33:23.090,33,33,0,2026-03-09 09:33:23.090,60,59,1,2026-03-09 09:36:25.667,182,182,0,2026-03-09 09:57:17.017,2026-03-09 10:30:00.337,0,NULL,2026-03-09 10:30:00.713,3490,3490,0,UNDEFINED
26-005875,2026-03-09 09:38:54.000,11,MON,9,9,B,DAY,EARLY,EMS,ALTERED LOC ALS 1,1,E-911,"PEREZ, CARLOS","COOPER, KAKILA",2026-03-09 09:38:54.000,2026-03-09 09:41:03.000,2026-03-09 09:40:10.000,76,76,0,2026-03-09 09:40:13.207,3,3,0,2026-03-09 09:42:06.000,192,192,0,2026-03-09 09:40:25.577,79,79,0,2026-03-09 09:40:25.577,12,12,0,2026-03-09 09:43:18.710,173,173,0,2026-03-09 10:26:34.633,2026-03-09 11:51:56.000,0,NULL,2026-03-09 11:51:56.127,7982,7982,0,UNDEFINED
26-005876,2026-03-09 10:04:51.000,11,MON,9,10,B,DAY,MIDS,FIRE,PUBLIC SERVICE FIRE,4,Phone,"MAIORIELLO, BERMARI","COOPER, KAKILA",2026-03-09 10:04:49.000,2026-03-09 10:08:13.000,2026-03-09 10:07:05.000,136,134,2,2026-03-09 10:07:07.803,2,2,0,2026-03-09 10:08:13.000,204,202,2,2026-03-09 10:08:09.037,138,138,0,2026-03-09 10:08:09.037,62,0,62,2026-03-09 10:15:01.060,412,412,0,2026-03-09 10:08:18.060,2026-03-09 10:17:17.213,0,NULL,2026-03-09 10:17:17.510,748,748,0,UNDEFINED
26-017977,2026-03-09 10:06:57.000,11,MON,9,10,B,DAY,MIDS,POLICE,DRUG COMPLAINT IN PROG,2,Phone,"GARCIA, VILMA","WELCH, KIMBERLY",2026-03-09 10:06:55.000,2026-03-09 10:11:34.000,2026-03-09 10:08:14.000,79,77,2,2026-03-09 10:10:57.250,163,163,0,2026-03-09 10:09:33.000,158,156,2,2026-03-09 10:11:26.437,242,242,0,2026-03-09 10:11:26.437,29,29,0,2026-03-09 10:13:43.317,137,136,1,2026-03-09 10:18:48.460,2026-03-09 10:19:08.943,0,NULL,2026-03-09 10:19:09.013,733,733,0,NR-No Report
26-005877,2026-03-09 10:08:31.000,11,MON,9,10,B,DAY,MIDS,EMS,TROUBLE BREATHING ALS 1,1,E-911,"WALKER, JUANITA","COOPER, KAKILA",2026-03-09 10:08:31.000,2026-03-09 10:10:18.000,2026-03-09 10:09:19.000,48,48,0,2026-03-09 10:09:21.633,2,2,0,2026-03-09 10:11:37.000,186,186,0,2026-03-09 10:09:23.787,50,50,0,2026-03-09 10:09:23.787,2,2,0,2026-03-09 10:10:55.437,92,91,1,2026-03-09 10:13:27.190,2026-03-09 10:27:28.480,0,NULL,2026-03-09 10:27:28.727,1137,1137,0,UNDEFINED
26-017979,2026-03-09 10:23:25.000,11,MON,9,10,B,DAY,MIDS,POLICE,DISABLED MOTORIST,2,Phone,"MAIORIELLO, BERMARI","WELCH, KIMBERLY",2026-03-09 10:23:24.000,2026-03-09 10:26:36.000,2026-03-09 10:23:45.000,21,20,1,2026-03-09 10:26:45.170,180,180,0,2026-03-09 10:25:07.000,103,102,1,2026-03-09 10:26:58.357,201,201,0,2026-03-09 10:26:58.357,13,13,0,2026-03-09 10:33:43.550,405,405,0,2026-03-09 10:47:37.150,2026-03-09 10:47:37.150,0,NULL,2026-03-09 10:47:37.197,1453,1453,0,NR-No Report
26-005879,2026-03-09 10:23:34.983,11,MON,9,10,B,DAY,MIDS,EMS,MUTUAL ALS,1,C2C,CAD to CAD Service 1,CAD to CAD Service 1,2026-03-09 10:22:46.000,NULL,2026-03-09 10:23:35.813,49,0,49,2026-03-09 10:23:35.877,0,0,0,NULL,NULL,NULL,NULL,2026-03-09 10:25:10.100,49,55,-6,2026-03-09 10:25:10.100,95,94,1,2026-03-09 10:30:25.920,315,315,0,2026-03-09 10:42:27.763,2026-03-09 10:51:36.567,0,NULL,2026-03-09 10:51:36.613,1730,1730,0,CAD2CAD
26-017980,2026-03-09 10:26:31.000,11,MON,9,10,B,DAY,MIDS,POLICE,PARKING COMPLAINT,3,Phone,"MAIORIELLO, BERMARI","WELCH, KIMBERLY",2026-03-09 10:26:29.000,2026-03-09 10:29:39.000,2026-03-09 10:27:22.000,53,51,2,2026-03-09 10:32:05.763,283,283,0,2026-03-09 10:29:23.000,174,172,2,2026-03-09 10:32:45.737,336,336,0,2026-03-09 10:32:45.737,40,39,1,2026-03-09 11:20:26.530,2861,2860,1,2026-03-09 11:29:38.343,2026-03-09 11:29:38.343,0,NULL,2026-03-09 11:29:38.527,3789,3789,0,CI-Citation
26-017981,2026-03-09 10:27:21.000,11,MON,9,10,B,DAY,MIDS,POLICE,TRESPASSING DELAY,4,Phone,"LAWRENCE, MEGAN","WELCH, KIMBERLY",2026-03-09 10:27:19.000,2026-03-09 10:28:43.000,2026-03-09 10:28:24.000,65,63,2,2026-03-09 10:29:15.520,51,51,0,2026-03-09 10:31:18.000,239,237,2,2026-03-09 10:29:56.167,116,116,0,2026-03-09 10:29:56.167,41,40,1,2026-03-09 10:35:16.947,320,320,0,2026-03-09 10:38:03.463,2026-03-09 10:45:16.537,0,NULL,2026-03-09 10:45:16.610,1077,1077,0,NR-No Report
26-017982,2026-03-09 10:29:19.000,11,MON,9,10,B,DAY,MIDS,POLICE,POLICE INFORMATION,4,Phone,"PEREZ, CARLOS","PEREZ, CARLOS",2026-03-09 10:29:16.000,NULL,2026-03-09 10:29:36.000,20,17,3,2026-03-09 10:30:03.760,27,27,0,2026-03-09 10:30:14.000,58,55,3,2026-03-09 10:30:04.197,47,47,0,2026-03-09 10:30:04.197,1,0,1,2026-03-09 10:30:04.287,0,0,0,2026-03-09 10:41:13.693,2026-03-09 10:41:13.693,0,NULL,2026-03-09 10:41:13.863,717,717,0,RE-Report
26-017983,2026-03-09 10:29:27.000,11,MON,9,10,B,DAY,MIDS,POLICE,PARKING COMPLAINT,4,Phone,"MAIORIELLO, BERMARI",NULL,2026-03-09 10:29:25.000,NULL,2026-03-09 10:30:57.000,92,90,2,2026-03-09 10:34:26.910,209,209,0,2026-03-09 10:31:04.000,99,97,2,2026-03-09 10:34:26.910,301,301,0,2026-03-09 10:34:26.910,0,-9999,9999,2026-03-09 11:06:50.363,1944,1943,1,2026-03-09 11:07:14.457,2026-03-09 11:07:14.457,0,NULL,2026-03-09 11:07:15.647,2269,2269,0,NR-No Report
26-005880,2026-03-09 10:33:51.000,11,MON,9,10,B,DAY,MIDS,EMS,SEIZURE ALS 1,1,E-911,"PEREZ, CARLOS",Automatic Dispatch,2026-03-09 10:33:51.000,2026-03-09 10:36:57.000,2026-03-09 10:34:53.000,62,62,0,2026-03-09 10:34:56.857,3,3,0,2026-03-09 10:50:07.000,976,976,0,2026-03-09 10:35:39.153,65,65,0,2026-03-09 10:35:39.153,43,42,1,2026-03-09 10:38:14.733,155,155,0,2026-03-09 10:48:34.743,2026-03-09 10:52:24.883,0,NULL,2026-03-09 10:52:25.173,1113,1113,0,UNDEFINED
26-017984,2026-03-09 10:39:01.000,11,MON,9,10,B,DAY,MIDS,POLICE,WALK IN HQ LOBBY,3,Phone,"LAWRENCE, MEGAN","WELCH, KIMBERLY",2026-03-09 10:38:59.000,2026-03-09 10:39:42.000,2026-03-09 10:39:34.000,35,33,2,2026-03-09 10:44:43.857,309,309,0,2026-03-09 10:41:55.000,176,174,2,2026-03-09 10:45:41.137,344,344,0,2026-03-09 10:45:41.137,58,3,55,NULL,NULL,-9999,NULL,2026-03-09 10:45:47.410,2026-03-09 11:24:31.813,0,NULL,2026-03-09 11:24:31.963,2732,2732,0,NR-No Report
26-005881,2026-03-09 10:46:52.000,11,MON,9,10,B,DAY,MIDS,FIRE,ELEVATOR,3,Phone,"LAWRENCE, MEGAN",Automatic Dispatch,2026-03-09 10:46:50.000,2026-03-09 10:47:56.000,2026-03-09 10:47:42.000,52,50,2,2026-03-09 10:47:44.600,2,2,0,2026-03-09 10:51:46.000,296,294,2,2026-03-09 10:47:55.920,54,54,0,2026-03-09 10:47:55.920,11,11,0,2026-03-09 10:51:32.360,217,216,1,2026-03-09 10:49:32.600,2026-03-09 10:58:09.220,0,NULL,2026-03-09 10:58:10.650,679,679,0,UNDEFINED
26-017986,2026-03-09 10:48:50.000,11,MON,9,10,B,DAY,MIDS,POLICE,TRESPASSING IN PROG,2,Phone,"MAIORIELLO, BERMARI","WELCH, KIMBERLY",2026-03-09 10:48:48.000,2026-03-09 10:56:04.000,2026-03-09 10:52:28.000,220,218,2,2026-03-09 10:56:50.860,262,262,0,2026-03-09 10:54:07.000,319,317,2,2026-03-09 10:56:53.297,482,482,0,2026-03-09 10:56:53.297,3,2,1,2026-03-09 11:02:38.633,345,345,0,2026-03-09 11:05:21.833,2026-03-09 11:07:27.190,0,NULL,2026-03-09 11:07:27.743,1119,1119,0,NR-No Report
26-017987,2026-03-09 10:53:42.000,11,MON,9,10,B,DAY,MIDS,POLICE,BOOT REMOVAL,3,Phone,"LAWRENCE, MEGAN",NULL,2026-03-09 10:53:40.000,2026-03-09 10:55:08.000,2026-03-09 10:54:33.000,53,51,2,2026-03-09 11:08:04.473,811,811,0,2026-03-09 10:56:23.000,163,161,2,2026-03-09 11:08:04.473,864,864,0,2026-03-09 11:08:04.473,0,-9999,9999,2026-03-09 11:17:22.363,558,557,1,2026-03-09 11:24:11.553,2026-03-09 11:24:11.553,0,NULL,2026-03-09 11:24:12.070,1831,1831,0,NR-No Report
26-005882,2026-03-09 10:56:33.000,11,MON,9,10,B,DAY,MIDS,EMS,FALL BLS,3,Radio,"COOPER, KAKILA","COOPER, KAKILA",2026-03-09 10:56:31.000,2026-03-09 10:56:56.000,2026-03-09 10:56:50.000,19,17,2,2026-03-09 10:57:03.340,13,13,0,2026-03-09 10:57:39.000,68,66,2,2026-03-09 10:57:27.910,32,32,0,2026-03-09 10:57:27.910,24,10,14,2026-03-09 11:00:22.667,175,174,1,2026-03-09 11:43:41.957,2026-03-09 12:25:37.233,0,NULL,2026-03-09 12:25:38.307,5346,5346,0,UNDEFINED
26-017989,2026-03-09 10:59:28.000,11,MON,9,10,B,DAY,MIDS,POLICE,PARKING COMPLAINT,4,Phone,"PEREZ, CARLOS",NULL,2026-03-09 10:59:26.000,NULL,2026-03-09 11:02:55.000,209,207,2,2026-03-09 11:27:39.570,1484,1484,0,2026-03-09 11:02:58.000,212,210,2,2026-03-09 11:27:39.570,1693,1693,0,2026-03-09 11:27:39.570,0,-9999,9999,2026-03-09 11:31:23.533,224,223,1,2026-03-09 11:37:49.397,2026-03-09 11:37:49.397,0,NULL,2026-03-09 11:37:50.160,2303,2303,0,NR-No Report
26-017988,2026-03-09 11:00:21.000,11,MON,9,11,B,DAY,MIDS,POLICE,WALK IN HQ LOBBY,3,Phone,"LAWRENCE, MEGAN","WELCH, KIMBERLY",2026-03-09 11:00:19.000,2026-03-09 11:03:15.000,2026-03-09 11:00:48.000,29,27,2,2026-03-09 11:03:38.780,170,170,0,2026-03-09 11:03:04.000,165,163,2,2026-03-09 11:03:44.020,199,199,0,2026-03-09 11:03:44.020,6,5,1,2026-03-09 11:55:22.693,3098,3098,0,2026-03-09 13:51:31.357,2026-03-09 13:51:31.357,0,NULL,2026-03-09 13:51:31.597,10272,10272,0,RE-Report
26-005883,2026-03-09 11:01:59.000,11,MON,9,11,B,DAY,MIDS,EMS,TROUBLE BREATHING ALS 1,1,E-911,"FOSTER, KANESHA","COOPER, KAKILA",2026-03-09 11:01:59.000,2026-03-09 11:03:34.000,2026-03-09 11:02:34.000,35,35,0,2026-03-09 11:02:38.880,4,4,0,2026-03-09 11:08:51.000,412,412,0,2026-03-09 11:03:32.387,39,39,0,2026-03-09 11:03:32.387,54,0,54,2026-03-09 11:06:22.697,170,170,0,2026-03-09 11:03:41.420,2026-03-09 12:04:53.010,0,NULL,2026-03-09 12:04:53.193,3774,3774,0,UNDEFINED
26-017990,2026-03-09 11:05:48.000,11,MON,9,11,B,DAY,MIDS,POLICE,PARKING COMPLAINT,3,Phone,"LAWRENCE, MEGAN",NULL,2026-03-09 11:05:46.000,2026-03-09 11:09:05.000,2026-03-09 11:06:15.000,29,27,2,2026-03-09 11:29:56.750,1421,1421,0,2026-03-09 11:08:54.000,188,186,2,2026-03-09 11:29:56.750,1450,1450,0,2026-03-09 11:29:56.750,0,0,0,NULL,NULL,-9999,NULL,2026-03-09 12:34:10.337,2026-03-09 12:34:10.337,0,NULL,2026-03-09 12:34:10.510,5304,5304,0,CI-Citation
26-017991,2026-03-09 11:06:26.000,11,MON,9,11,B,DAY,MIDS,POLICE,PARKING COMPLAINT,4,Phone,"MAIORIELLO, BERMARI",NULL,2026-03-09 11:06:24.000,2026-03-09 11:22:23.000,2026-03-09 11:07:31.000,67,65,2,2026-03-09 11:09:04.740,93,93,0,2026-03-09 11:07:58.000,94,92,2,2026-03-09 11:09:04.740,160,160,0,2026-03-09 11:09:04.740,0,0,0,2026-03-09 11:25:16.277,972,971,1,2026-03-09 11:27:32.750,2026-03-09 11:27:32.750,0,NULL,2026-03-09 11:27:33.153,1268,1268,0,NR-No Report
26-017993,2026-03-09 11:07:57.000,11,MON,9,11,B,DAY,MIDS,POLICE,PROPERTY FOUND,4,Phone,"PEREZ, CARLOS","WELCH, KIMBERLY",2026-03-09 11:07:55.000,2026-03-09 11:17:07.000,2026-03-09 11:10:42.000,167,165,2,2026-03-09 11:57:08.467,2786,2786,0,2026-03-09 11:10:44.000,169,167,2,2026-03-09 11:57:11.400,2953,2953,0,2026-03-09 11:57:11.400,3,2,1,2026-03-09 11:58:38.747,87,87,0,2026-03-09 12:51:36.327,2026-03-09 13:20:26.617,0,NULL,2026-03-09 13:20:26.740,7951,7951,0,RE-Report
26-017992,2026-03-09 11:08:53.000,11,MON,9,11,B,DAY,MIDS,POLICE,MVC HIT/RUN NO INJ DELAY,2,Phone,"FOSTER, KANESHA","WELCH, KIMBERLY",2026-03-09 11:08:53.000,2026-03-09 11:10:17.000,2026-03-09 11:09:44.000,51,51,0,2026-03-09 11:14:27.293,283,283,0,2026-03-09 11:13:38.000,285,285,0,2026-03-09 11:14:49.480,334,334,0,2026-03-09 11:14:49.480,22,22,0,2026-03-09 11:21:44.347,415,414,1,2026-03-09 15:32:57.933,2026-03-09 15:32:57.933,0,NULL,2026-03-09 15:32:58.373,15844,15844,0,RE-Report
26-017994,2026-03-09 11:11:50.000,11,MON,9,11,B,DAY,MIDS,POLICE,LARCENY COMM IN PROG,2,Phone,"LAWRENCE, MEGAN",NULL,2026-03-09 11:11:48.000,2026-03-09 11:12:47.000,2026-03-09 11:12:15.000,27,25,2,2026-03-09 11:12:54.210,39,39,0,2026-03-09 11:15:42.000,234,232,2,2026-03-09 11:13:01.230,66,66,0,2026-03-09 11:13:01.230,7,2,5,2026-03-09 11:15:07.953,126,126,0,2026-03-09 11:49:19.690,2026-03-09 13:03:40.080,0,NULL,2026-03-09 13:03:40.463,6712,6712,0,RE-Report
26-017995,2026-03-09 11:14:42.000,11,MON,9,11,B,DAY,MIDS,POLICE,SHOPLIFTING IN PROG,2,Phone,"PEREZ, CARLOS","WELCH, KIMBERLY",2026-03-09 11:14:40.000,2026-03-09 11:15:16.000,2026-03-09 11:15:13.000,33,31,2,2026-03-09 11:21:09.147,356,356,0,2026-03-09 11:17:23.000,163,161,2,2026-03-09 11:21:58.640,389,389,0,2026-03-09 11:21:58.640,49,6,43,2026-03-09 11:29:19.400,441,440,1,2026-03-09 11:21:55.440,2026-03-09 12:54:53.173,0,NULL,2026-03-09 12:54:53.553,6013,6013,0,RE-Report
26-017998,2026-03-09 11:22:56.000,11,MON,9,11,B,DAY,MIDS,POLICE,DISORDERLY CONDUCT,2,E-911,"WALKER, JUANITA","WELCH, KIMBERLY",2026-03-09 11:22:56.000,2026-03-09 11:26:19.000,2026-03-09 11:25:14.000,138,138,0,2026-03-09 11:26:35.280,81,81,0,2026-03-09 11:25:52.000,176,176,0,2026-03-09 11:26:44.923,219,219,0,2026-03-09 11:26:44.923,9,9,0,2026-03-09 11:36:39.020,595,594,1,2026-03-09 12:08:01.153,2026-03-09 12:08:04.520,0,NULL,2026-03-09 12:08:04.590,2708,2708,0,NR-No Report
26-017997,2026-03-09 11:23:07.000,11,MON,9,11,B,DAY,MIDS,POLICE,DISORDERLY CONDUCT,2,Phone,"MAIORIELLO, BERMARI","WELCH, KIMBERLY",2026-03-09 11:23:05.000,2026-03-09 11:24:17.000,2026-03-09 11:23:31.000,26,24,2,2026-03-09 11:37:37.640,846,846,0,2026-03-09 11:28:39.000,334,332,2,2026-03-09 11:37:49.427,872,872,0,2026-03-09 11:37:49.427,12,5,7,2026-03-09 11:50:47.823,778,778,0,2026-03-09 12:26:40.377,2026-03-09 13:52:19.940,0,NULL,2026-03-09 13:52:19.980,8954,8954,0,NR-No Report
26-005884,2026-03-09 11:26:06.000,11,MON,9,11,B,DAY,MIDS,EMS,PUBLIC SERVICE EMS,4,E-911,"GARCIA, VILMA",Automatic Dispatch,2026-03-09 11:26:05.000,2026-03-09 11:28:08.000,2026-03-09 11:27:21.000,76,75,1,2026-03-09 11:27:24.073,3,3,0,2026-03-09 11:28:11.000,126,125,1,2026-03-09 11:27:35.883,79,79,0,2026-03-09 11:27:35.883,11,11,0,2026-03-09 11:32:55.980,320,320,0,2026-03-09 12:01:56.683,2026-03-09 12:01:56.683,0,NULL,2026-03-09 12:01:57.017,2151,2151,0,UNDEFINED
26-018000,2026-03-09 11:29:54.000,11,MON,9,11,B,DAY,MIDS,POLICE,PROPERTY FOUND,4,Phone,"LAWRENCE, MEGAN","WELCH, KIMBERLY",2026-03-09 11:29:52.000,2026-03-09 11:32:23.000,2026-03-09 11:30:09.000,17,15,2,2026-03-09 11:56:19.993,1570,1570,0,2026-03-09 11:32:05.000,133,131,2,2026-03-09 11:56:23.343,1587,1587,0,2026-03-09 11:56:23.343,4,3,1,NULL,NULL,-9999,NULL,2026-03-09 11:59:12.080,2026-03-09 14:35:34.663,0,NULL,2026-03-09 14:35:34.827,11142,11142,0,RE-Report
26-005885,2026-03-09 11:33:27.573,11,MON,9,11,B,DAY,MIDS,EMS,MUTUAL BLS,1,C2C,CAD to CAD Service 1,CAD to CAD Service 1,2026-03-09 11:33:03.000,NULL,2026-03-09 11:33:28.243,25,0,25,2026-03-09 11:33:28.290,0,0,0,NULL,NULL,NULL,NULL,2026-03-09 11:34:56.087,25,-9999,10024,2026-03-09 11:34:56.087,88,87,1,2026-03-09 11:43:41.193,525,525,0,2026-03-09 13:00:53.430,2026-03-09 13:00:53.430,0,NULL,2026-03-09 13:00:53.533,5270,5270,0,UNDEFINED
26-018004,2026-03-09 11:37:55.000,11,MON,9,11,B,DAY,MIDS,POLICE,911 HANG UP,2,E-911,"GARCIA, VILMA","WELCH, KIMBERLY",2026-03-09 11:37:55.000,2026-03-09 11:40:08.000,2026-03-09 11:39:35.000,100,100,0,2026-03-09 11:50:52.437,677,677,0,2026-03-09 11:39:41.000,106,106,0,2026-03-09 11:50:56.890,777,777,0,2026-03-09 11:50:56.890,4,4,0,NULL,NULL,-9999,NULL,2026-03-09 11:52:29.893,2026-03-09 12:04:40.000,0,NULL,NULL,1605,1605,0,NR-No Report
26-018006,2026-03-09 11:51:18.000,11,MON,9,11,B,DAY,MIDS,POLICE,PARKING COMPLAINT,4,Phone,"LAWRENCE, MEGAN",NULL,2026-03-09 11:51:16.000,2026-03-09 11:53:27.000,2026-03-09 11:51:39.000,23,21,2,2026-03-09 11:53:26.480,107,107,0,2026-03-09 11:55:43.000,267,265,2,2026-03-09 11:53:26.480,130,130,0,2026-03-09 11:53:26.480,0,-9999,9999,2026-03-09 12:02:38.373,552,551,1,2026-03-09 12:18:35.657,2026-03-09 12:18:35.657,0,NULL,2026-03-09 12:18:36.237,1639,1639,0,NR-No Report
26-018008,2026-03-09 12:04:04.000,11,MON,9,12,B,DAY,MIDS,POLICE,PARKING COMPLAINT,4,Phone,"GARCIA, VILMA",NULL,2026-03-09 12:04:02.000,2026-03-09 12:12:44.000,2026-03-09 12:05:46.000,104,102,2,2026-03-09 12:20:35.137,889,889,0,2026-03-09 12:05:51.000,109,107,2,2026-03-09 12:20:35.137,993,993,0,2026-03-09 12:20:35.137,0,-9999,9999,2026-03-09 12:41:55.317,1280,1280,0,2026-03-09 12:56:40.947,2026-03-09 12:56:40.947,0,NULL,2026-03-09 12:56:41.830,3158,3158,0,CI-Citation
26-018009,2026-03-09 12:04:57.000,11,MON,9,12,B,DAY,MIDS,POLICE,MVC PROPERTY DAMAGE,2,E-911,"WELCH, KIMBERLY","WALKER, JUANITA",2026-03-09 12:04:56.000,2026-03-09 12:06:48.000,2026-03-09 12:06:29.000,93,92,1,2026-03-09 12:08:57.743,148,148,0,2026-03-09 12:09:07.000,251,250,1,2026-03-09 12:10:29.910,241,241,0,2026-03-09 12:10:29.910,92,92,0,2026-03-09 12:18:49.193,500,499,1,2026-03-09 13:32:39.317,2026-03-09 13:32:39.317,0,NULL,2026-03-09 13:32:39.627,5263,5263,0,NR-No Report
26-005887,2026-03-09 12:05:39.000,11,MON,9,12,B,DAY,MIDS,FIRE,ELEVATOR,3,Phone,"LAWRENCE, MEGAN",Automatic Dispatch,2026-03-09 12:05:37.000,2026-03-09 12:06:33.000,2026-03-09 12:06:26.000,49,47,2,2026-03-09 12:06:27.997,1,1,0,2026-03-09 12:11:17.000,340,338,2,2026-03-09 12:08:36.117,50,50,0,2026-03-09 12:08:36.117,129,128,1,2026-03-09 12:14:44.060,368,367,1,2026-03-09 12:08:18.077,2026-03-09 12:20:32.893,0,NULL,2026-03-09 12:20:32.940,895,895,0,CAD2CAD
26-005888,2026-03-09 12:38:09.000,11,MON,9,12,B,DAY,MIDS,EMS,FALL BLS,3,E-911,"PEREZ, CARLOS",Automatic Dispatch,2026-03-09 12:38:09.000,2026-03-09 12:39:31.000,2026-03-09 12:39:22.000,73,73,0,2026-03-09 12:39:25.080,3,3,0,2026-03-09 12:41:51.000,222,222,0,2026-03-09 12:40:36.107,76,76,0,2026-03-09 12:40:36.107,71,71,0,2026-03-09 12:52:37.183,721,721,0,2026-03-09 13:45:27.350,2026-03-09 13:45:27.350,0,NULL,2026-03-09 13:45:27.433,4038,4038,0,UNDEFINED
26-018018,2026-03-09 12:45:13.000,11,MON,9,12,B,DAY,MIDS,POLICE,PARKING COMPLAINT,4,Phone,"MAIORIELLO, BERMARI",NULL,2026-03-09 12:45:11.000,2026-03-09 12:47:11.000,2026-03-09 12:46:29.000,78,76,2,2026-03-09 12:54:29.740,480,480,0,2026-03-09 12:46:33.000,82,80,2,2026-03-09 12:54:29.740,558,558,0,2026-03-09 12:54:29.740,0,-9999,9999,2026-03-09 13:08:38.213,849,848,1,2026-03-09 13:20:50.480,2026-03-09 13:20:50.480,0,NULL,2026-03-09 13:20:51.213,2139,2139,0,NR-No Report
26-018019,2026-03-09 12:48:12.000,11,MON,9,12,B,DAY,MIDS,POLICE,ALARM RESIDENTIAL,2,Text,"GARCIA, VILMA","WALKER, JUANITA",2026-03-09 12:48:10.000,2026-03-09 12:49:15.000,2026-03-09 12:48:59.000,49,47,2,2026-03-09 12:52:50.573,231,231,0,2026-03-09 12:51:00.000,170,168,2,2026-03-09 12:52:55.563,280,280,0,2026-03-09 12:52:55.563,5,4,1,2026-03-09 12:58:54.383,359,358,1,2026-03-09 13:08:00.877,2026-03-09 13:08:00.877,0,NULL,2026-03-09 13:08:01.100,1190,1190,0,FALSE-False Alarm
26-018022,2026-03-09 12:56:22.000,11,MON,9,12,B,DAY,MIDS,POLICE,POLICE INFORMATION,4,Phone,"LAWRENCE, MEGAN","LAWRENCE, MEGAN",2026-03-09 12:56:20.000,2026-03-09 12:57:14.533,2026-03-09 12:56:38.000,18,16,2,2026-03-09 12:57:14.310,36,36,0,2026-03-09 12:57:18.000,58,56,2,2026-03-09 13:01:27.010,54,54,0,2026-03-09 13:01:27.010,253,252,1,2026-03-09 13:01:27.010,0,0,0,2026-03-09 13:04:05.640,2026-03-09 13:04:05.640,0,NULL,2026-03-09 13:04:05.953,465,465,0,RE-Report
26-005889,2026-03-09 12:56:43.000,11,MON,9,12,B,DAY,MIDS,EMS,ALTERED LOC ALS 1,1,E-911,"PEREZ, CARLOS",Automatic Dispatch,2026-03-09 12:56:43.000,2026-03-09 12:58:04.000,2026-03-09 12:57:51.000,68,68,0,2026-03-09 12:57:53.857,2,2,0,2026-03-09 13:00:38.000,235,235,0,2026-03-09 12:58:52.200,70,70,0,2026-03-09 12:58:52.200,59,58,1,2026-03-09 13:01:01.890,129,129,0,2026-03-09 13:20:56.867,2026-03-09 14:13:08.270,0,NULL,2026-03-09 14:13:08.313,4585,4585,0,UNDEFINED
26-005890,2026-03-09 13:08:26.000,11,MON,9,13,B,DAY,MIDS,FIRE,FIRE ALARM,3,E-911,"WELCH, KIMBERLY",Automatic Dispatch,2026-03-09 13:08:24.000,2026-03-09 13:09:26.000,2026-03-09 13:09:18.000,54,52,2,2026-03-09 13:09:21.440,3,3,0,2026-03-09 13:10:27.000,123,121,2,2026-03-09 13:11:01.077,57,57,0,2026-03-09 13:11:01.077,100,99,1,NULL,NULL,-9999,NULL,2026-03-09 13:19:51.173,2026-03-09 13:19:51.173,0,NULL,2026-03-09 13:19:51.273,687,687,0,UNDEFINED
26-018025,2026-03-09 13:17:09.000,11,MON,9,13,B,DAY,MIDS,POLICE,POLICE INFORMATION,4,Phone,"PEREZ, CARLOS","PEREZ, CARLOS",2026-03-09 13:17:07.000,NULL,2026-03-09 13:17:32.000,25,23,2,2026-03-09 13:17:52.437,20,20,0,2026-03-09 13:19:32.000,145,143,2,2026-03-09 13:17:52.500,45,45,0,2026-03-09 13:17:52.500,0,0,0,2026-03-09 13:17:52.557,0,0,0,2026-03-09 13:28:30.277,2026-03-09 13:28:30.277,0,NULL,2026-03-09 13:28:30.390,683,683,0,RE-Report
26-018029,2026-03-09 13:23:56.000,11,MON,9,13,B,DAY,MIDS,POLICE,GLA RECOVERY DELAY,4,Radio,"WALKER, JUANITA",NULL,2026-03-09 13:23:53.000,2026-03-09 13:24:48.783,2026-03-09 13:24:43.000,50,47,3,2026-03-09 13:24:48.680,5,5,0,2026-03-09 13:27:15.000,202,199,3,2026-03-09 13:24:55.253,55,55,0,2026-03-09 13:24:55.253,7,6,1,2026-03-09 13:24:55.253,0,0,0,2026-03-09 13:42:04.383,2026-03-09 15:32:46.400,0,NULL,2026-03-09 15:32:46.557,7733,7733,0,RE-Report
26-018032,2026-03-09 13:25:25.000,11,MON,9,13,B,DAY,MIDS,POLICE,SUSPICIOUS EVENT,2,E-911,"PEREZ, CARLOS",NULL,2026-03-09 13:25:24.000,2026-03-09 13:31:52.000,2026-03-09 13:28:30.000,186,185,1,2026-03-09 13:56:49.677,1699,1699,0,2026-03-09 13:33:25.000,481,480,1,2026-03-09 13:57:00.833,1885,1885,0,2026-03-09 13:57:00.833,11,11,0,NULL,NULL,-9999,NULL,2026-03-09 14:02:19.583,2026-03-09 14:02:22.000,0,NULL,NULL,2218,2218,0,NR-No Report
26-018030,2026-03-09 13:25:57.000,11,MON,9,13,B,DAY,MIDS,POLICE,POLICE INFORMATION,4,E-911,"WELCH, KIMBERLY","WALKER, JUANITA",2026-03-09 13:25:57.000,2026-03-09 13:26:53.000,2026-03-09 13:26:43.000,46,46,0,2026-03-09 13:27:37.687,54,54,0,2026-03-09 13:32:49.000,412,412,0,2026-03-09 13:27:42.403,100,100,0,2026-03-09 13:27:42.403,5,4,1,2026-03-09 13:31:33.260,231,230,1,2026-03-09 15:38:57.833,2026-03-09 15:38:57.833,0,NULL,2026-03-09 15:38:57.853,7980,7980,0,RE-Report
26-005891,2026-03-09 13:26:34.000,11,MON,9,13,B,DAY,MIDS,EMS,OVERDOSE ALS,2,E-911,"COOPER, KAKILA","FOSTER, KANESHA",2026-03-09 13:26:34.000,2026-03-09 13:27:52.000,2026-03-09 13:27:20.000,46,46,0,2026-03-09 13:27:23.917,3,3,0,2026-03-09 13:30:51.000,257,257,0,2026-03-09 13:28:26.337,49,49,0,2026-03-09 13:28:26.337,63,62,1,2026-03-09 13:33:57.120,331,330,1,2026-03-09 13:33:32.407,2026-03-09 15:00:32.247,0,NULL,2026-03-09 15:00:32.343,5638,5638,0,UNDEFINED
26-018034,2026-03-09 13:33:05.000,11,MON,9,13,B,DAY,MIDS,POLICE,POLICE INFORMATION,4,E-911,"WELCH, KIMBERLY","WALKER, JUANITA",2026-03-09 13:33:03.000,2026-03-09 13:34:41.000,2026-03-09 13:34:20.000,77,75,2,2026-03-09 13:35:01.137,41,41,0,2026-03-09 13:39:50.000,407,405,2,2026-03-09 13:35:04.140,118,118,0,2026-03-09 13:35:04.140,3,3,0,2026-03-09 13:41:46.133,402,401,1,2026-03-09 14:18:19.980,2026-03-09 15:28:11.603,0,NULL,2026-03-09 15:28:11.707,6908,6908,0,RE-Report
26-005894,2026-03-09 13:34:20.000,11,MON,9,13,B,DAY,MIDS,EMS,UNKNOWN MEDICAL ALS 1,1,E-911,"WELCH, KIMBERLY",Automatic Dispatch,2026-03-09 13:34:20.000,2026-03-09 13:34:41.000,2026-03-09 13:34:20.000,0,NULL,0,2026-03-09 13:34:23.253,3,3,0,2026-03-09 13:34:20.000,0,0,0,2026-03-09 13:34:51.250,3,3,0,2026-03-09 13:34:51.250,28,27,1,2026-03-09 13:40:11.773,320,320,0,2026-03-09 14:09:56.373,2026-03-09 14:12:13.430,0,NULL,2026-03-09 14:12:13.533,2273,2273,0,UNDEFINED
26-005895,2026-03-09 13:37:38.000,11,MON,9,13,B,DAY,MIDS,EMS,HEART PROBLEMS ALS 1,1,E-911,"COOPER, KAKILA",Automatic Dispatch,2026-03-09 13:37:38.000,2026-03-09 13:39:23.000,2026-03-09 13:38:06.000,28,28,0,2026-03-09 13:38:08.823,2,2,0,2026-03-09 13:39:59.000,141,141,0,2026-03-09 13:38:18.590,30,30,0,2026-03-09 13:38:18.590,10,9,1,2026-03-09 13:43:35.197,317,316,1,2026-03-09 13:39:13.400,2026-03-09 15:43:01.517,0,NULL,2026-03-09 15:43:01.640,7523,7523,0,CAD2CAD
26-018035,2026-03-09 13:38:25.000,11,MON,9,13,B,DAY,MIDS,POLICE,DISORDERLY CONDUCT,2,E-911,"PEREZ, CARLOS","WALKER, JUANITA",2026-03-09 13:38:25.000,2026-03-09 13:41:14.000,2026-03-09 13:40:54.000,149,149,0,2026-03-09 13:44:10.377,196,196,0,2026-03-09 13:42:03.000,218,218,0,2026-03-09 13:44:34.610,345,345,0,2026-03-09 13:44:34.610,24,3,21,2026-03-09 13:47:08.673,154,154,0,2026-03-09 13:46:51.377,2026-03-09 13:55:01.000,0,NULL,NULL,996,996,0,NR-No Report
26-018037,2026-03-09 13:42:01.000,11,MON,9,13,B,DAY,MIDS,POLICE,ANIMAL BITE ANIMAL DELAY,3,Phone,"WELCH, KIMBERLY","MAIORIELLO, BERMARI",2026-03-09 13:41:58.000,2026-03-10 14:05:41.267,2026-03-09 13:44:28.000,150,147,3,2026-03-10 14:05:40.450,87672,19,87653,2026-03-09 13:44:47.000,169,166,3,2026-03-10 14:06:10.500,87822,-9999,97821,2026-03-10 14:06:10.500,30,30,0,2026-03-10 14:06:10.500,0,0,0,NULL,2026-03-09 13:48:57.000,1,2026-03-10 14:05:20.683,NULL,419,-9999,10418,ACOR-Animal Control Report
26-005898,2026-03-09 13:49:56.000,11,MON,9,13,B,DAY,MIDS,EMS,DIABETIC EMERGENCY ALS 1,1,E-911,"PEREZ, CARLOS","FOSTER, KANESHA",2026-03-09 13:49:56.000,2026-03-09 13:51:37.000,2026-03-09 13:51:28.000,92,92,0,2026-03-09 13:51:31.363,3,3,0,2026-03-09 13:54:12.000,256,256,0,2026-03-09 13:52:29.500,95,95,0,2026-03-09 13:52:29.500,58,58,0,2026-03-09 13:59:27.933,418,418,0,2026-03-09 13:55:51.720,2026-03-09 15:18:29.757,0,NULL,2026-03-09 15:18:30.100,5313,5313,0,UNDEFINED
26-005899,2026-03-09 13:53:43.040,11,MON,9,13,B,DAY,MIDS,FIRE,MVC ENTRAPMENT,1,NOT CAPTURED,CAD to CAD Service 1,CAD to CAD Service 1,2026-03-09 13:51:02.000,2026-03-09 13:54:36.000,2026-03-09 13:53:43.697,161,0,161,2026-03-09 13:53:43.760,0,0,0,NULL,NULL,NULL,NULL,2026-03-09 13:54:14.427,161,299,-138,2026-03-09 13:54:14.427,31,18,13,2026-03-09 14:03:52.733,578,578,0,2026-03-09 13:55:42.717,2026-03-09 14:26:10.800,0,NULL,2026-03-09 14:26:10.847,2108,2108,0,CAD2CAD
26-018040,2026-03-09 13:56:09.000,11,MON,9,13,B,DAY,MIDS,POLICE,ADMINISTRATIVE TASK,2,Phone,"PEREZ, CARLOS","WELCH, KIMBERLY",2026-03-09 13:56:07.000,2026-03-09 13:58:11.000,2026-03-09 13:57:28.000,81,79,2,2026-03-09 14:06:51.410,563,563,0,2026-03-09 13:57:32.000,85,83,2,2026-03-09 14:36:48.370,644,644,0,2026-03-09 14:36:48.370,1797,7,1790,2026-03-09 14:38:57.677,129,129,0,2026-03-09 15:15:45.400,2026-03-09 15:15:45.400,0,NULL,2026-03-09 15:15:45.477,4778,4778,0,NR-No Report
26-018043,2026-03-09 14:01:11.000,11,MON,9,14,B,DAY,LATE,POLICE,TROUBLE UNKNOWN EMS,2,Phone,"PEREZ, CARLOS","WELCH, KIMBERLY",2026-03-09 14:01:09.000,2026-03-09 14:04:24.000,2026-03-09 14:04:15.000,186,184,2,2026-03-09 14:04:57.410,42,42,0,2026-03-09 14:04:26.000,197,195,2,2026-03-09 14:05:09.720,228,228,0,2026-03-09 14:05:09.720,12,6,6,2026-03-09 14:12:35.903,446,446,0,2026-03-09 14:53:53.013,2026-03-09 15:41:18.770,0,NULL,2026-03-09 15:41:18.777,6009,6009,0,NR-No Report
26-005900,2026-03-09 14:04:16.000,11,MON,9,14,B,DAY,LATE,EMS,UNKNOWN MEDICAL ALS 1,1,E-911,"PEREZ, CARLOS",Automatic Dispatch,2026-03-09 14:04:16.000,2026-03-09 14:04:44.000,2026-03-09 14:04:16.000,0,NULL,0,2026-03-09 14:04:19.203,3,3,0,2026-03-09 14:04:16.000,0,0,0,2026-03-09 14:04:28.447,3,3,0,2026-03-09 14:04:28.447,9,9,0,2026-03-09 14:09:18.597,290,290,0,2026-03-09 14:22:28.867,2026-03-09 15:11:38.340,0,NULL,2026-03-09 15:11:38.417,4042,4042,0,CAD2CAD
26-018044,2026-03-09 14:06:39.000,11,MON,9,14,B,DAY,LATE,POLICE,OFF DUTY DETAIL,8,OFFICER,"MCNAMARA-JEFFREY, EVELYN R.",NULL,2026-03-09 14:06:39.000,2026-03-09 14:06:48.000,2026-03-09 14:06:39.000,0,1,-1,2026-03-09 14:06:39.000,0,0,0,2026-03-09 14:06:39.000,0,NULL,0,2026-03-09 14:06:39.000,0,0,0,2026-03-09 14:06:39.000,0,0,0,2026-03-09 14:06:39.000,0,0,0,2026-03-09 17:42:39.293,2026-03-09 17:42:39.293,0,NULL,2026-03-09 17:42:39.347,12960,12960,0,NR-No Report
26-018045,2026-03-09 14:07:27.000,11,MON,9,14,B,DAY,LATE,POLICE,LARCENY COMMERCIAL DELAY,4,Phone,"MAIORIELLO, BERMARI","WELCH, KIMBERLY",2026-03-09 14:07:25.000,2026-03-09 14:09:21.000,2026-03-09 14:07:51.000,26,24,2,2026-03-09 16:12:43.370,7492,7492,0,2026-03-09 14:09:49.000,144,142,2,2026-03-09 16:12:48.840,7518,7518,0,2026-03-09 16:12:48.840,5,5,0,2026-03-09 16:13:58.043,70,69,1,2026-03-09 17:29:55.523,2026-03-09 17:29:55.523,0,NULL,2026-03-09 17:29:56.010,12150,12150,0,RE-Report
26-005901,2026-03-09 14:09:34.000,11,MON,9,14,B,DAY,LATE,FIRE,OUTSIDE FIRE,3,E-911,"COOPER, KAKILA",Automatic Dispatch,2026-03-09 14:09:33.000,2026-03-09 14:11:01.000,2026-03-09 14:10:46.000,73,72,1,2026-03-09 14:10:48.767,2,2,0,2026-03-09 14:12:09.000,156,155,1,2026-03-09 14:11:55.773,75,75,0,2026-03-09 14:11:55.773,67,67,0,2026-03-09 14:14:15.400,140,139,1,2026-03-09 15:12:45.773,2026-03-09 15:12:45.773,0,NULL,2026-03-09 15:12:46.100,3792,3792,0,UNDEFINED
26-018047,2026-03-09 14:11:30.000,11,MON,9,14,B,DAY,LATE,POLICE,SUICIDE IN PROG NO INJ,1,Phone,"MAIORIELLO, BERMARI",NULL,2026-03-09 14:11:28.000,2026-03-09 14:15:05.000,2026-03-09 14:12:52.000,84,82,2,2026-03-09 14:15:56.827,184,184,0,2026-03-09 14:18:23.000,415,413,2,2026-03-09 14:16:20.570,268,268,0,2026-03-09 14:16:20.570,24,16,8,2026-03-09 14:20:55.517,275,274,1,2026-03-09 14:17:15.563,2026-03-09 15:14:53.747,0,NULL,2026-03-09 15:14:53.873,3805,3805,0,NR-No Report
26-005905,2026-03-09 14:14:03.000,11,MON,9,14,B,DAY,LATE,EMS,TROUBLE BREATHING ALS 1,1,E-911,"WALKER, JUANITA",Automatic Dispatch,2026-03-09 14:14:03.000,2026-03-09 14:15:34.000,2026-03-09 14:15:23.000,80,80,0,2026-03-09 14:15:25.557,2,2,0,2026-03-09 14:17:05.000,182,182,0,2026-03-09 14:16:13.647,82,82,0,2026-03-09 14:16:13.647,48,48,0,2026-03-09 14:20:50.250,277,276,1,2026-03-09 14:41:26.727,2026-03-09 15:29:11.203,0,NULL,2026-03-09 15:29:11.267,4508,4508,0,CAD2CAD
26-018049,2026-03-09 14:16:56.000,11,MON,9,14,B,DAY,LATE,POLICE,DOMESTIC VIOL NO INJ,2,E-911,"COOPER, KAKILA",NULL,2026-03-09 14:16:56.000,2026-03-09 14:28:49.000,2026-03-09 14:17:54.000,58,58,0,2026-03-09 14:39:00.927,1266,1266,0,2026-03-09 14:26:47.000,591,591,0,2026-03-09 14:39:15.410,1324,1324,0,2026-03-09 14:39:15.410,15,14,1,2026-03-09 14:49:08.980,593,593,0,2026-03-09 14:40:19.207,2026-03-09 19:07:43.767,0,NULL,2026-03-09 19:07:43.787,17447,17447,0,RE-Report
26-005907,2026-03-09 14:19:47.443,11,MON,9,14,B,DAY,LATE,FIRE,MUTUAL VEHICLE FIRE,1,CAD2CAD,CAD to CAD Service 1,CAD to CAD Service 1,2026-03-09 14:18:48.000,2026-03-09 14:20:49.000,2026-03-09 14:19:48.210,60,0,60,2026-03-09 14:19:48.287,0,0,0,NULL,NULL,NULL,NULL,2026-03-09 14:20:45.223,60,78,-18,2026-03-09 14:20:45.223,57,38,19,2026-03-09 14:24:24.583,219,219,0,2026-03-09 14:30:38.777,2026-03-09 15:02:29.543,0,NULL,2026-03-09 15:02:29.607,2621,2621,0,CAD2CAD
26-018050,2026-03-09 14:21:08.000,11,MON,9,14,B,DAY,LATE,POLICE,VEHICLE ACTIVATION/ONSTAR,2,E-911,"GARCIA, VILMA","WELCH, KIMBERLY",2026-03-09 14:21:08.000,2026-03-09 14:35:04.000,2026-03-09 14:22:25.000,77,77,0,2026-03-09 14:37:26.303,901,901,0,2026-03-09 14:23:48.000,160,160,0,2026-03-09 14:37:34.767,978,978,0,2026-03-09 14:37:34.767,8,8,0,2026-03-09 14:46:26.587,532,531,1,2026-03-09 14:38:17.443,2026-03-09 14:52:48.090,0,NULL,2026-03-09 14:52:48.163,1900,1900,0,NR-No Report
26-018052,2026-03-09 14:35:40.000,11,MON,9,14,B,DAY,LATE,POLICE,ADMINISTRATIVE TASK,2,OFFICER,"WELCH, KIMBERLY",NULL,2026-03-09 14:35:40.000,2026-03-09 14:35:44.000,2026-03-09 14:35:40.000,0,0,0,2026-03-09 14:35:40.000,0,0,0,2026-03-09 14:35:40.000,0,0,0,2026-03-09 14:36:10.577,0,0,0,2026-03-09 14:35:40.000,0,0,0,2026-03-09 14:35:40.000,0,0,0,2026-03-09 14:39:20.390,2026-03-09 14:40:04.917,0,NULL,2026-03-09 14:40:04.980,264,264,0,NR-No Report
26-005909,2026-03-09 14:40:01.000,11,MON,9,14,B,DAY,LATE,FIRE,WIRES DOWN,4,Phone,"COOPER, KAKILA",Automatic Dispatch,2026-03-09 14:40:00.000,2026-03-09 14:41:28.000,2026-03-09 14:40:40.000,40,39,1,2026-03-09 14:40:42.253,2,2,0,2026-03-09 14:43:22.000,202,201,1,2026-03-09 14:41:50.707,42,42,0,2026-03-09 14:41:50.707,68,68,0,NULL,NULL,-9999,NULL,2026-03-09 14:58:56.070,2026-03-09 14:58:56.070,0,NULL,2026-03-09 14:58:56.243,1136,1136,0,UNDEFINED
26-018056,2026-03-09 14:42:48.000,11,MON,9,14,B,DAY,LATE,POLICE,ANIMAL COMPLAINT,4,Phone,"WALKER, JUANITA","LAWRENCE, MEGAN",2026-03-09 14:42:46.000,2026-03-09 14:44:55.000,2026-03-09 14:44:09.000,83,81,2,2026-03-09 14:52:05.043,476,476,0,2026-03-09 14:44:10.000,84,82,2,NULL,559,559,0,NULL,NULL,-9999,NULL,NULL,NULL,-9999,NULL,NULL,2026-03-09 14:52:14.000,0,NULL,NULL,568,568,0,ACOR-Animal Control Report
26-018057,2026-03-09 14:43:37.000,11,MON,9,14,B,DAY,LATE,POLICE,LARCENY FROM AUTO DELAY,4,Phone,"MAIORIELLO, BERMARI","WELCH, KIMBERLY",2026-03-09 14:43:35.000,2026-03-09 14:45:00.000,2026-03-09 14:44:55.000,80,78,2,2026-03-09 14:49:28.723,273,273,0,2026-03-09 14:47:00.000,205,203,2,2026-03-09 14:49:30.903,353,353,0,2026-03-09 14:49:30.903,2,2,0,NULL,NULL,-9999,NULL,2026-03-09 16:19:18.150,2026-03-09 16:19:18.150,0,NULL,2026-03-09 16:19:18.210,5743,5743,0,RE-Report
26-005910,2026-03-09 14:45:55.093,11,MON,9,14,B,DAY,LATE,EMS,MUTUAL ALS,1,C2C,CAD to CAD Service 1,CAD to CAD Service 1,2026-03-09 14:41:59.000,2026-03-09 14:46:23.000,2026-03-09 14:45:55.810,236,0,236,2026-03-09 14:45:55.890,0,0,0,NULL,NULL,NULL,NULL,2026-03-09 14:46:00.843,236,345,-109,2026-03-09 14:46:00.843,5,0,5,2026-03-09 14:51:45.940,345,345,0,2026-03-09 14:47:51.733,2026-03-09 15:00:35.877,0,NULL,2026-03-09 15:00:35.923,1116,1116,0,CAD2CAD
26-018059,2026-03-09 14:50:29.000,11,MON,9,14,B,DAY,LATE,POLICE,DISORDERLY CONDUCT,2,E-911,"WALKER, JUANITA","WELCH, KIMBERLY",2026-03-09 14:50:28.000,2026-03-09 14:51:11.000,2026-03-09 14:51:03.000,35,34,1,2026-03-09 14:51:31.213,28,28,0,2026-03-09 14:55:34.000,306,305,1,2026-03-09 14:51:35.557,63,63,0,2026-03-09 14:51:35.557,4,4,0,2026-03-09 14:54:03.083,148,147,1,2026-03-09 14:53:41.283,2026-03-09 15:13:21.977,0,NULL,2026-03-09 15:13:22.417,1373,1373,0,NR-No Report
26-018060,2026-03-09 14:56:54.000,11,MON,9,14,B,DAY,LATE,POLICE,FALSE PRETENSE/SWINDLE DELAY,4,Phone,"LAWRENCE, MEGAN","WELCH, KIMBERLY",2026-03-09 14:56:52.000,2026-03-09 15:05:48.000,2026-03-09 14:58:00.000,68,66,2,2026-03-09 15:14:23.673,983,983,0,2026-03-09 15:01:44.000,292,290,2,2026-03-09 15:14:30.850,1051,1051,0,2026-03-09 15:14:30.850,7,7,0,2026-03-09 15:16:25.137,115,114,1,2026-03-09 18:09:39.303,2026-03-09 18:09:39.303,0,NULL,2026-03-09 18:09:39.543,11567,11567,0,RE-Report
26-018063,2026-03-09 15:05:00.000,11,MON,9,15,B,DAY,LATE,POLICE,TRNSPORT PRISONER ALX COURT,4,OFFICER,"WELCH, KIMBERLY","WELCH, KIMBERLY",2026-03-09 15:05:00.000,2026-03-09 15:06:27.000,2026-03-09 15:05:00.000,0,0,0,2026-03-09 15:05:00.000,0,0,0,2026-03-09 15:05:00.000,0,0,0,NULL,0,0,0,2026-03-09 15:05:00.000,0,0,0,2026-03-09 15:05:00.000,0,0,0,2026-03-09 15:20:55.687,2026-03-09 15:20:58.263,0,NULL,2026-03-09 15:20:58.307,958,958,0,NR-No Report
26-005911,2026-03-09 15:06:40.000,11,MON,9,15,B,DAY,LATE,EMS,HEART PROBLEMS ALS 1,1,E-911,"GARCIA, VILMA",Automatic Dispatch,2026-03-09 15:06:38.000,2026-03-09 15:08:03.000,2026-03-09 15:07:32.000,54,52,2,2026-03-09 15:07:34.703,2,2,0,2026-03-09 15:09:20.000,162,160,2,2026-03-09 15:08:23.357,56,56,0,2026-03-09 15:08:23.357,49,48,1,2026-03-09 15:12:37.497,254,254,0,2026-03-09 15:23:36.840,2026-03-09 15:41:13.970,0,NULL,2026-03-09 15:41:14.267,2075,2075,0,UNDEFINED
26-018064,2026-03-09 15:06:46.000,11,MON,9,15,B,DAY,LATE,POLICE,MVC PROPERTY DAMAGE,2,Phone,"LAWRENCE, MEGAN","WELCH, KIMBERLY",2026-03-09 15:06:44.000,2026-03-09 15:08:22.000,2026-03-09 15:07:45.000,61,59,2,2026-03-09 15:08:32.500,47,47,0,2026-03-09 15:11:13.000,269,267,2,2026-03-09 15:08:36.420,108,108,0,2026-03-09 15:08:36.420,4,3,1,NULL,NULL,-9999,NULL,2026-03-09 15:38:50.923,2026-03-09 15:38:50.923,0,NULL,2026-03-09 15:38:51.387,1926,1926,0,NR-No Report
26-018067,2026-03-09 15:11:38.000,11,MON,9,15,B,DAY,LATE,POLICE,PARKING COMPLAINT,4,Phone,"WALKER, JUANITA",NULL,2026-03-09 15:11:36.000,NULL,2026-03-09 15:12:46.000,70,68,2,2026-03-09 15:26:29.487,823,823,0,2026-03-09 15:12:47.000,71,69,2,2026-03-09 15:26:29.487,893,893,0,2026-03-09 15:26:29.487,0,-9999,9999,2026-03-09 15:42:26.067,957,956,1,2026-03-09 16:00:52.170,2026-03-09 16:00:52.170,0,NULL,2026-03-09 16:00:52.727,2956,2956,0,NR-No Report
26-018069,2026-03-09 15:15:47.000,11,MON,9,15,B,DAY,LATE,POLICE,SEXUAL OFFENSE IN PROG,1,E-911,"WALKER, JUANITA",NULL,2026-03-09 15:15:47.000,2026-03-09 15:17:39.000,2026-03-09 15:17:32.000,105,105,0,2026-03-09 15:17:52.360,20,20,0,2026-03-09 15:21:51.000,364,364,0,2026-03-09 15:18:02.283,125,125,0,2026-03-09 15:18:02.283,10,5,5,2026-03-09 15:21:09.643,187,187,0,2026-03-09 15:52:53.973,2026-03-09 17:16:26.177,0,NULL,2026-03-09 17:16:26.257,7239,7239,0,RE-Report
26-018072,2026-03-09 15:28:58.000,11,MON,9,15,B,DAY,LATE,POLICE,ASSIST CITIZEN PROMPT,3,Phone,"LAWRENCE, MEGAN","WELCH, KIMBERLY",2026-03-09 15:28:56.000,2026-03-09 15:29:55.000,2026-03-09 15:29:39.000,43,41,2,2026-03-09 15:54:04.547,1465,1465,0,2026-03-09 15:31:20.000,144,142,2,2026-03-09 15:54:11.557,1508,1508,0,2026-03-09 15:54:11.557,7,7,0,NULL,NULL,-9999,NULL,NULL,2026-03-09 15:55:09.000,0,NULL,NULL,1573,1573,0,CN-Cancellation
26-005913,2026-03-09 15:33:39.673,11,MON,9,15,B,DAY,LATE,FIRE,MVC ENTRAPMENT,1,NOT CAPTURED,CAD to CAD Service 1,CAD to CAD Service 1,2026-03-09 15:28:02.000,2026-03-09 15:34:23.000,2026-03-09 15:33:40.580,338,0,338,2026-03-09 15:33:40.690,0,0,0,NULL,NULL,NULL,NULL,2026-03-09 15:33:56.693,338,354,-16,2026-03-09 15:33:56.693,16,0,16,2026-03-09 15:39:50.613,354,353,1,2026-03-09 15:39:42.177,2026-03-09 15:44:55.743,0,NULL,2026-03-09 15:44:55.820,1013,1013,0,CAD2CAD
26-005914,2026-03-09 15:35:09.157,11,MON,9,15,B,DAY,LATE,FIRE,MUTUAL MVC,1,C2C,CAD to CAD Service 1,CAD to CAD Service 1,2026-03-09 15:34:49.000,2026-03-09 15:35:20.000,2026-03-09 15:35:11.297,22,0,22,2026-03-09 15:35:11.657,0,0,0,NULL,NULL,NULL,NULL,2026-03-09 15:35:32.513,22,189,-167,2026-03-09 15:35:32.513,21,18,3,2026-03-09 15:46:11.823,639,639,0,2026-03-09 15:46:29.387,2026-03-09 15:56:13.060,0,NULL,2026-03-09 15:56:13.107,1284,1284,0,CAD2CAD
26-018074,2026-03-09 15:37:16.000,11,MON,9,15,B,DAY,LATE,POLICE,WARRANT ISSUED,6,Phone,"LAWRENCE, MEGAN",Automatic Dispatch,2026-03-09 15:37:14.000,NULL,2026-03-09 15:38:09.000,55,53,2,2026-03-09 15:38:11.633,2,2,0,2026-03-09 15:39:02.000,108,106,2,NULL,57,57,0,NULL,NULL,-9999,NULL,NULL,NULL,-9999,NULL,NULL,2026-03-09 15:39:01.000,0,NULL,NULL,107,107,0,NR-No Report
26-018075,2026-03-09 15:38:59.000,11,MON,9,15,B,DAY,LATE,POLICE,TRAFFIC STOP,2,OFFICER,"YOUNG, JAMES K",NULL,2026-03-09 15:38:59.000,2026-03-09 15:39:07.000,2026-03-09 15:38:59.000,0,1,-1,2026-03-09 15:38:59.000,0,0,0,2026-03-09 15:38:59.000,0,NULL,0,2026-03-09 15:38:59.000,0,0,0,2026-03-09 15:38:59.000,0,0,0,2026-03-09 15:38:59.000,0,0,0,2026-03-09 15:47:48.580,2026-03-09 15:47:48.580,0,NULL,2026-03-09 15:47:48.640,529,529,0,CI-Citation
26-018077,2026-03-09 15:46:38.000,11,MON,9,15,B,DAY,LATE,POLICE,HAZARD,2,Phone,"LAWRENCE, MEGAN","WELCH, KIMBERLY",2026-03-09 15:46:36.000,2026-03-09 15:47:34.000,2026-03-09 15:46:55.000,19,17,2,2026-03-09 15:48:07.757,72,72,0,2026-03-09 15:48:47.000,131,129,2,2026-03-09 15:48:12.573,91,91,0,2026-03-09 15:48:12.573,5,4,1,2026-03-09 15:49:52.047,100,99,1,2026-03-09 15:48:31.883,2026-03-09 15:50:55.157,0,NULL,2026-03-09 15:50:55.390,259,259,0,NR-No Report
26-018081,2026-03-09 15:52:52.000,11,MON,9,15,B,DAY,LATE,POLICE,DISORDERLY CONDUCT,2,E-911,"GARCIA, VILMA","WELCH, KIMBERLY",2026-03-09 15:52:52.000,2026-03-09 15:54:41.000,2026-03-09 15:54:30.000,98,98,0,2026-03-09 15:55:05.507,35,35,0,2026-03-09 15:55:58.000,186,186,0,2026-03-09 15:55:11.190,133,133,0,2026-03-09 15:55:11.190,6,5,1,2026-03-09 15:59:06.553,235,235,0,2026-03-09 16:01:41.980,2026-03-09 16:02:32.803,0,NULL,2026-03-09 16:02:32.867,580,580,0,NR-No Report
26-018082,2026-03-09 15:56:44.000,11,MON,9,15,B,DAY,LATE,POLICE,OFF DUTY DETAIL,8,OFFICER,"JACKSON, BRENDAN F",NULL,2026-03-09 15:56:44.000,2026-03-09 15:56:53.000,2026-03-09 15:56:44.000,0,1,-1,2026-03-09 15:56:44.000,0,0,0,2026-03-09 15:56:44.000,0,NULL,0,2026-03-09 15:56:44.000,0,0,0,2026-03-09 15:56:44.000,0,0,0,2026-03-09 15:56:44.000,0,0,0,2026-03-09 19:53:20.223,2026-03-10 00:09:31.827,0,NULL,2026-03-10 00:09:31.920,29567,29567,0,NR-No Report
26-018084,2026-03-09 15:57:02.000,11,MON,9,15,B,DAY,LATE,POLICE,ASSIST CITIZEN DELAY,4,Phone,"PEREZ, CARLOS","WALKER, JUANITA",2026-03-09 15:57:00.000,2026-03-09 16:13:44.000,2026-03-09 15:59:51.000,171,169,2,2026-03-09 16:38:13.823,2302,2302,0,2026-03-09 16:01:00.000,240,238,2,2026-03-09 16:38:23.600,2473,2473,0,2026-03-09 16:38:23.600,10,9,1,2026-03-09 16:48:21.960,598,598,0,2026-03-09 17:45:33.340,2026-03-09 17:45:33.340,0,NULL,2026-03-09 17:45:33.380,6513,6513,0,RE-Report
26-018083,2026-03-09 15:57:57.000,11,MON,9,15,B,DAY,LATE,POLICE,POLICE INFORMATION,4,E-911,"COOPER, KAKILA",NULL,2026-03-09 15:57:56.000,2026-03-09 16:01:49.000,2026-03-09 15:58:42.000,46,45,1,2026-03-09 16:05:07.853,385,385,0,2026-03-09 16:17:19.000,1163,1162,1,2026-03-09 16:05:30.707,431,431,0,2026-03-09 16:05:30.707,23,9,14,2026-03-09 16:06:47.407,77,76,1,2026-03-09 16:06:31.307,2026-03-09 20:25:06.453,0,NULL,2026-03-09 20:25:06.590,16030,16030,0,RE-Report
26-018085,2026-03-09 16:02:48.000,11,MON,9,16,B,DAY,LATE,POLICE,AGGRESSIVE DRIVER,2,E-911,"GARCIA, VILMA","WELCH, KIMBERLY",2026-03-09 16:02:48.000,2026-03-09 16:05:48.000,2026-03-09 16:04:52.000,124,124,0,2026-03-09 16:05:54.980,62,62,0,2026-03-09 16:07:42.000,294,294,0,2026-03-09 16:06:03.113,186,186,0,2026-03-09 16:06:03.113,9,8,1,2026-03-09 16:07:17.770,74,74,0,2026-03-09 16:17:54.613,2026-03-09 16:18:13.217,0,NULL,2026-03-09 16:18:13.327,925,925,0,NR-No Report
26-018086,2026-03-09 16:05:38.000,11,MON,9,16,B,DAY,LATE,POLICE,WARRANT SERVICE,2,Phone,"MAIORIELLO, BERMARI","WALKER, JUANITA",2026-03-09 16:05:36.000,2026-03-09 16:14:51.000,2026-03-09 16:09:59.000,263,261,2,2026-03-09 16:15:18.093,319,319,0,2026-03-09 16:11:00.000,324,322,2,2026-03-09 16:15:21.910,582,582,0,2026-03-09 16:15:21.910,3,3,0,NULL,NULL,-9999,NULL,2026-03-09 17:20:10.337,2026-03-09 17:20:10.337,0,NULL,2026-03-09 17:20:10.463,4474,4474,0,SUP-Supplement
26-005916,2026-03-09 16:08:21.000,11,MON,9,16,B,DAY,LATE,FIRE,FIRE ALARM,3,Phone,"LAWRENCE, MEGAN",Automatic Dispatch,2026-03-09 16:08:19.000,2026-03-09 16:09:39.000,2026-03-09 16:08:52.000,33,31,2,2026-03-09 16:08:54.530,2,2,0,2026-03-09 16:11:12.000,173,171,2,2026-03-09 16:10:08.193,35,35,0,2026-03-09 16:10:08.193,74,73,1,2026-03-09 16:12:13.200,125,125,0,2026-03-09 16:19:18.430,2026-03-09 16:19:18.430,0,NULL,2026-03-09 16:19:18.617,659,659,0,UNDEFINED
26-018087,2026-03-09 16:12:33.000,11,MON,9,16,B,DAY,LATE,POLICE,WALK IN HQ LOBBY,3,Phone,"LAWRENCE, MEGAN","WALKER, JUANITA",2026-03-09 16:12:31.000,2026-03-09 16:12:55.000,2026-03-09 16:12:53.000,22,20,2,2026-03-09 16:16:31.010,218,218,0,2026-03-09 16:15:19.000,168,166,2,2026-03-09 16:16:34.470,240,240,0,2026-03-09 16:16:34.470,3,3,0,NULL,NULL,-9999,NULL,2026-03-09 17:00:00.180,2026-03-09 17:00:00.180,0,NULL,2026-03-09 17:00:00.247,2849,2849,0,NR-No Report
26-018093,2026-03-09 16:29:09.000,11,MON,9,16,B,DAY,LATE,POLICE,MVC PROPERTY DAMAGE,2,E-911,"PEREZ, CARLOS","WALKER, JUANITA",2026-03-09 16:29:09.000,2026-03-09 16:31:22.000,2026-03-09 16:30:52.000,103,103,0,2026-03-09 16:31:31.253,39,39,0,2026-03-09 16:41:41.000,752,752,0,2026-03-09 16:31:34.750,142,142,0,2026-03-09 16:31:34.750,3,3,0,2026-03-09 16:31:34.750,0,0,0,2026-03-09 16:32:00.720,2026-03-09 16:50:12.997,0,NULL,2026-03-09 16:50:13.060,1263,1263,0,NR-No Report
26-018097,2026-03-09 16:43:24.000,11,MON,9,16,B,DAY,LATE,POLICE,DISORDERLY CONDUCT,2,E-911,"PEREZ, CARLOS","WALKER, JUANITA",2026-03-09 16:43:23.000,2026-03-09 16:48:04.000,2026-03-09 16:46:33.000,190,189,1,2026-03-09 16:48:08.887,95,95,0,2026-03-09 16:52:48.000,565,564,1,2026-03-09 16:48:11.397,285,285,0,2026-03-09 16:48:11.397,3,2,1,2026-03-09 16:52:23.183,252,251,1,2026-03-09 17:12:21.663,2026-03-09 17:12:21.663,0,NULL,2026-03-09 17:12:21.793,1738,1738,0,NR-No Report
26-018096,2026-03-09 16:45:20.000,11,MON,9,16,B,DAY,LATE,POLICE,ADMINISTRATIVE TASK,4,Phone,"LAWRENCE, MEGAN",NULL,2026-03-09 16:45:18.000,2026-03-09 16:46:26.000,2026-03-09 16:45:58.000,40,38,2,2026-03-09 17:02:58.087,1020,1020,0,2026-03-09 16:47:43.000,145,143,2,2026-03-09 18:25:47.030,1060,1060,0,2026-03-09 18:25:47.030,4969,-9999,14968,2026-03-09 19:04:32.170,2325,2325,0,2026-03-09 19:04:37.653,2026-03-09 19:04:37.653,0,NULL,2026-03-09 19:04:37.807,8359,8359,0,DUPPD-Duplicate Police
26-018098,2026-03-09 16:46:30.000,11,MON,9,16,B,DAY,LATE,POLICE,DIP - DRUNK/INTOX PERSON,2,Radio,"WALKER, JUANITA","WALKER, JUANITA",2026-03-09 16:46:28.000,2026-03-09 16:47:03.570,2026-03-09 16:46:57.000,29,27,2,2026-03-09 16:47:26.933,29,29,0,2026-03-09 16:47:59.000,91,89,2,2026-03-09 16:47:34.073,58,58,0,2026-03-09 16:47:34.073,8,7,1,NULL,NULL,-9999,NULL,2026-03-09 19:31:48.383,2026-03-09 19:31:48.383,0,NULL,2026-03-09 19:31:48.430,9920,9920,0,RE-Report
26-018100,2026-03-09 16:55:38.000,11,MON,9,16,B,DAY,LATE,POLICE,FIGHT NO WEAPONS,2,Phone,"LAWRENCE, MEGAN","WALKER, JUANITA",2026-03-09 16:55:37.000,2026-03-09 16:56:30.000,2026-03-09 16:56:21.000,44,43,1,2026-03-09 16:57:37.830,76,76,0,2026-03-09 16:59:43.000,246,245,1,2026-03-09 16:57:58.630,120,120,0,2026-03-09 16:57:58.630,21,20,1,2026-03-09 16:59:57.743,119,119,0,2026-03-09 16:58:30.507,2026-03-09 17:01:01.650,0,NULL,2026-03-09 17:01:01.723,324,324,0,NR-No Report
26-005917,2026-03-09 17:02:05.000,11,MON,9,17,B,DAY,LATE,EMS,BLS EMERGENCY,3,E-911,"PEREZ, CARLOS",Automatic Dispatch,2026-03-09 17:02:05.000,2026-03-09 17:17:40.000,2026-03-09 17:02:59.000,54,54,0,2026-03-09 17:03:02.027,3,3,0,2026-03-09 17:06:48.000,283,283,0,2026-03-09 17:04:00.900,57,57,0,2026-03-09 17:04:00.900,58,58,0,2026-03-09 17:09:11.630,311,310,1,2026-03-09 18:25:28.140,2026-03-09 18:25:28.140,0,NULL,2026-03-09 18:25:28.537,5003,5003,0,UNDEFINED
26-018102,2026-03-09 17:04:26.000,11,MON,9,17,B,DAY,LATE,POLICE,WEAPON VIOL GUN IN PROG,2,Phone,"LAWRENCE, MEGAN","WALKER, JUANITA",2026-03-09 17:04:25.000,2026-03-09 17:05:11.000,2026-03-09 17:05:08.000,43,42,1,2026-03-09 17:05:54.427,46,46,0,2026-03-09 17:09:11.000,286,285,1,2026-03-09 17:05:58.633,89,89,0,2026-03-09 17:05:58.633,4,4,0,2026-03-09 17:11:45.570,347,346,1,2026-03-09 17:06:44.623,2026-03-09 17:20:59.267,0,NULL,2026-03-09 17:20:59.610,994,994,0,NR-No Report
26-018103,2026-03-09 17:07:11.000,11,MON,9,17,B,DAY,LATE,POLICE,TRAFFIC STOP,2,OFFICER,"YOUNG, JAMES K",NULL,2026-03-09 17:07:11.000,2026-03-09 17:07:31.000,2026-03-09 17:07:11.000,0,1,-1,2026-03-09 17:07:11.000,0,0,0,2026-03-09 17:07:11.000,0,NULL,0,2026-03-09 17:07:11.000,0,0,0,2026-03-09 17:07:11.000,0,0,0,2026-03-09 17:07:11.000,0,0,0,2026-03-09 17:14:51.473,2026-03-09 17:14:51.473,0,NULL,2026-03-09 17:14:51.547,460,460,0,CI-Citation
26-018107,2026-03-09 17:11:37.000,11,MON,9,17,B,DAY,LATE,POLICE,AGGRESSIVE DRIVER,4,Phone,"WELCH, KIMBERLY","WALKER, JUANITA",2026-03-09 17:11:35.000,2026-03-09 17:18:28.767,2026-03-09 17:15:40.000,245,243,2,2026-03-09 17:18:28.700,168,168,0,2026-03-09 17:21:10.000,575,573,2,2026-03-09 17:18:33.920,413,413,0,2026-03-09 17:18:33.920,5,5,0,2026-03-09 17:20:16.243,103,102,1,2026-03-09 17:47:07.413,2026-03-09 17:47:07.413,0,NULL,2026-03-09 17:47:07.470,2132,2132,0,NR-No Report
26-018106,2026-03-09 17:13:43.000,11,MON,9,17,B,DAY,LATE,POLICE,OFF DUTY DETAIL,8,OFFICER,"FELIX, BRUCE",NULL,2026-03-09 17:13:43.000,2026-03-09 18:18:45.000,2026-03-09 17:13:43.000,0,1,-1,2026-03-09 17:13:43.000,0,0,0,2026-03-09 17:13:43.000,0,NULL,0,2026-03-09 17:13:43.000,0,0,0,2026-03-09 17:13:43.000,0,0,0,2026-03-09 17:13:43.000,0,0,0,2026-03-09 20:39:16.483,2026-03-09 20:39:16.483,0,NULL,2026-03-09 20:39:16.563,12333,12333,0,NR-No Report
26-018108,2026-03-09 17:17:32.000,11,MON,9,17,B,DAY,LATE,POLICE,TRAFFIC STOP,2,OFFICER,"YOUNG, JAMES K",NULL,2026-03-09 17:17:32.000,2026-03-09 17:18:11.000,2026-03-09 17:17:32.000,0,1,-1,2026-03-09 17:17:32.000,0,0,0,2026-03-09 17:17:32.000,0,NULL,0,2026-03-09 17:17:32.000,0,0,0,2026-03-09 17:17:32.000,0,0,0,2026-03-09 17:17:32.000,0,0,0,2026-03-09 17:26:06.977,2026-03-09 17:26:06.977,0,NULL,2026-03-09 17:26:07.047,514,514,0,CI-Citation
26-018111,2026-03-09 17:21:27.000,11,MON,9,17,B,DAY,LATE,POLICE,MVC HIT/RUN NO INJURY,3,Phone,"WELCH, KIMBERLY","GRAVES, CHRISTINA",2026-03-09 17:21:25.000,2026-03-09 17:24:26.000,2026-03-09 17:23:39.000,134,132,2,2026-03-09 18:35:20.037,4301,4301,0,2026-03-09 17:24:59.000,214,212,2,2026-03-09 18:35:54.810,4435,4435,0,2026-03-09 18:35:54.810,34,34,0,2026-03-09 18:47:45.257,711,710,1,2026-03-09 19:49:03.733,2026-03-09 19:49:59.480,0,NULL,2026-03-09 19:49:59.557,8914,8914,0,NR-No Report
26-005918,2026-03-09 17:23:24.000,11,MON,9,17,B,DAY,LATE,EMS,FALL BLS,3,E-911,"PEREZ, CARLOS","FOSTER, KANESHA",2026-03-09 17:23:24.000,2026-03-09 17:25:20.000,2026-03-09 17:24:31.000,67,67,0,2026-03-09 17:24:33.883,2,2,0,2026-03-09 17:26:33.000,189,189,0,2026-03-09 17:26:23.617,69,69,0,2026-03-09 17:26:23.617,110,109,1,2026-03-09 17:34:52.593,509,508,1,2026-03-09 18:02:07.287,2026-03-09 18:58:52.970,0,NULL,2026-03-09 18:58:53.213,5728,5728,0,UNDEFINED
26-018112,2026-03-09 17:23:28.000,11,MON,9,17,B,DAY,LATE,POLICE,ALARM COMMERCIAL,2,Phone,"LAWRENCE, MEGAN","WALKER, JUANITA",2026-03-09 17:23:27.000,2026-03-09 17:25:31.000,2026-03-09 17:24:57.000,90,89,1,2026-03-09 17:26:57.630,120,120,0,2026-03-09 17:27:56.000,269,268,1,2026-03-09 17:27:07.917,210,210,0,2026-03-09 17:27:07.917,10,10,0,2026-03-09 17:41:34.400,867,866,1,2026-03-09 17:54:11.793,2026-03-09 17:54:11.793,0,NULL,2026-03-09 17:54:11.890,1844,1844,0,FALSE-False Alarm
26-005919,2026-03-09 17:26:49.000,11,MON,9,17,B,DAY,LATE,EMS,TROUBLE BREATHING ALS 1,1,E-911,"PEREZ, CARLOS",Automatic Dispatch,2026-03-09 17:26:49.000,2026-03-09 17:28:24.000,2026-03-09 17:28:10.000,81,81,0,2026-03-09 17:28:13.247,3,3,0,2026-03-09 17:30:21.000,212,212,0,2026-03-09 17:28:54.767,84,84,0,2026-03-09 17:28:54.767,41,41,0,2026-03-09 17:33:05.607,251,250,1,2026-03-09 17:37:02.367,2026-03-09 18:22:18.893,0,NULL,2026-03-09 18:22:19.000,3329,3329,0,UNDEFINED
26-005920,2026-03-09 17:33:14.000,11,MON,9,17,B,DAY,LATE,EMS,OVERDOSE ALS,2,E-911,"PEREZ, CARLOS","FOSTER, KANESHA",2026-03-09 17:33:13.000,2026-03-09 17:34:27.000,2026-03-09 17:34:04.000,51,50,1,2026-03-09 17:34:06.593,2,2,0,2026-03-09 17:39:18.000,365,364,1,2026-03-09 17:35:36.993,53,53,0,2026-03-09 17:35:36.993,90,90,0,2026-03-09 17:38:05.857,149,148,1,2026-03-09 18:06:07.437,2026-03-09 18:07:53.897,0,NULL,2026-03-09 18:07:54.053,2080,2080,0,UNDEFINED
26-018113,2026-03-09 17:33:16.000,11,MON,9,17,B,DAY,LATE,POLICE,FLAG DOWN,2,OFFICER,"YOUNG, JAMES K",NULL,2026-03-09 17:33:16.000,NULL,2026-03-09 17:33:16.000,0,0,0,2026-03-09 17:33:16.000,0,0,0,2026-03-09 17:33:16.000,0,NULL,0,2026-03-09 17:33:16.000,0,0,0,2026-03-09 17:33:16.000,0,0,0,2026-03-09 17:33:16.000,0,0,0,2026-03-09 17:33:31.300,2026-03-09 17:33:31.300,0,NULL,2026-03-09 17:33:31.633,15,15,0,NR-No Report
26-018114,2026-03-09 17:33:52.000,11,MON,9,17,B,DAY,LATE,POLICE,RUNAWAY RETURNED,4,Phone,"LAWRENCE, MEGAN",NULL,2026-03-09 17:33:51.000,2026-03-09 17:42:47.000,2026-03-09 17:34:27.000,36,35,1,2026-03-09 17:49:14.303,887,404,483,2026-03-09 17:39:17.000,326,325,1,2026-03-09 17:49:19.010,923,923,0,2026-03-09 17:49:19.010,5,4,1,2026-03-09 17:52:34.550,195,195,0,2026-03-09 17:49:45.867,2026-03-09 17:39:17.000,1,2026-03-09 17:42:29.433,2026-03-09 19:59:27.923,326,8736,-8410,SUP-Supplement
26-018115,2026-03-09 17:34:36.000,11,MON,9,17,B,DAY,LATE,POLICE,ASSIST FIRE - PROMPT,3,NOT CAPTURED,"PEREZ, CARLOS","WALKER, JUANITA",2026-03-09 17:34:36.000,2026-03-09 17:34:59.000,2026-03-09 17:34:36.000,0,NULL,0,2026-03-09 17:35:20.197,44,44,0,2026-03-09 17:34:36.000,0,0,0,2026-03-09 17:35:26.437,44,44,0,2026-03-09 17:35:26.437,6,6,0,2026-03-09 17:36:08.850,42,42,0,2026-03-09 17:36:55.017,2026-03-09 18:30:36.670,0,NULL,2026-03-09 18:30:36.803,3360,3360,0,NR-No Report
26-005921,2026-03-09 17:36:13.000,11,MON,9,17,B,DAY,LATE,EMS,TRAUMATIC INJURIES ALS 1,1,E-911,"PEREZ, CARLOS","FOSTER, KANESHA",2026-03-09 17:36:11.000,2026-03-09 17:37:33.000,2026-03-09 17:37:18.000,67,65,2,2026-03-09 17:37:20.640,2,2,0,2026-03-09 17:39:14.000,183,181,2,2026-03-09 17:38:23.177,69,69,0,2026-03-09 17:38:23.177,63,62,1,2026-03-09 17:42:07.407,224,224,0,2026-03-09 17:59:55.190,2026-03-09 19:02:54.090,0,NULL,2026-03-09 19:02:54.163,5203,5203,0,UNDEFINED
26-018117,2026-03-09 17:37:57.000,11,MON,9,17,B,DAY,LATE,POLICE,TROUBLE UNKNOWN NO EMS,2,E-911,"GARCIA, VILMA","WALKER, JUANITA",2026-03-09 17:37:56.000,2026-03-09 17:38:46.000,2026-03-09 17:38:39.000,43,42,1,2026-03-09 17:50:26.450,707,707,0,2026-03-09 17:41:12.000,196,195,1,2026-03-09 17:50:29.107,750,750,0,2026-03-09 17:50:29.107,3,2,1,2026-03-09 17:56:57.473,388,388,0,2026-03-09 18:01:11.073,2026-03-09 18:01:11.073,0,NULL,2026-03-09 18:01:11.183,1395,1395,0,NR-No Report
26-018118,2026-03-09 17:44:46.000,11,MON,9,17,B,DAY,LATE,POLICE,TRAFFIC STOP,2,OFFICER,"YOUNG, JAMES K",NULL,2026-03-09 17:44:46.000,2026-03-09 17:45:17.000,2026-03-09 17:44:46.000,0,1,-1,2026-03-09 17:44:46.000,0,0,0,2026-03-09 17:44:46.000,0,NULL,0,2026-03-09 17:44:46.000,0,0,0,2026-03-09 17:44:46.000,0,0,0,2026-03-09 17:44:46.000,0,0,0,2026-03-09 17:52:12.983,2026-03-09 17:52:12.983,0,NULL,2026-03-09 17:52:13.063,446,446,0,CI-Citation
26-005922,2026-03-09 17:46:40.000,11,MON,9,17,B,DAY,LATE,EMS,ALTERED LOC ALS 1,1,E-911,"COOPER, KAKILA","FOSTER, KANESHA",2026-03-09 17:46:40.000,2026-03-09 17:48:36.000,2026-03-09 17:47:23.000,43,43,0,2026-03-09 17:47:26.033,3,3,0,2026-03-09 17:50:35.000,235,235,0,2026-03-09 17:48:31.363,46,46,0,2026-03-09 17:48:31.363,65,65,0,2026-03-09 17:54:38.910,367,367,0,2026-03-09 18:02:10.163,2026-03-09 19:40:37.593,0,NULL,2026-03-09 19:40:37.750,6837,6837,0,UNDEFINED
26-018119,2026-03-09 17:49:53.000,11,MON,9,17,B,DAY,LATE,POLICE,PARKING COMPLAINT,4,Phone,"LAWRENCE, MEGAN",NULL,2026-03-09 17:49:51.000,2026-03-09 19:04:55.000,2026-03-09 17:50:27.000,36,34,2,2026-03-09 17:55:59.630,332,332,0,2026-03-09 17:52:14.000,143,141,2,2026-03-09 17:55:59.630,368,368,0,2026-03-09 17:55:59.630,0,0,0,2026-03-09 18:53:41.433,3462,3461,1,2026-03-09 19:54:37.113,2026-03-09 19:54:37.113,0,NULL,2026-03-09 19:54:37.733,7486,7486,0,CI-Citation
26-018122,2026-03-09 17:56:50.000,11,MON,9,17,B,DAY,LATE,POLICE,SUSPICIOUS EVENT,2,Phone,"COOPER, KAKILA","GRAVES, CHRISTINA",2026-03-09 17:56:48.000,2026-03-09 17:58:13.000,2026-03-09 17:57:52.000,64,62,2,2026-03-09 18:01:34.663,222,222,0,2026-03-09 17:58:10.000,82,80,2,2026-03-09 18:01:39.210,286,286,0,2026-03-09 18:01:39.210,5,4,1,2026-03-09 18:05:04.520,205,205,0,2026-03-09 18:02:02.167,2026-03-09 18:08:48.833,0,NULL,2026-03-09 18:08:48.883,720,720,0,NR-No Report
26-018123,2026-03-09 17:58:07.000,11,MON,9,17,B,DAY,LATE,POLICE,911 HANG UP,2,E-911,"WILLIAMS, DARNELL","PRIESTLY, SHAVAUGHN",2026-03-09 17:58:07.000,2026-03-09 18:14:54.000,2026-03-09 17:59:07.000,60,60,0,2026-03-09 18:12:29.213,802,802,0,2026-03-09 18:08:18.000,611,611,0,2026-03-09 18:12:33.123,862,862,0,2026-03-09 18:12:33.123,4,3,1,2026-03-09 18:14:52.883,139,139,0,2026-03-09 18:12:59.247,2026-03-09 18:13:20.000,1,2026-03-09 18:14:29.417,2026-03-09 18:15:58.540,913,1071,-158,NR-No Report
26-005923,2026-03-09 17:58:10.667,11,MON,9,17,B,DAY,LATE,FIRE,MUTUAL STRUCTURE FIRE,1,C2C,CAD to CAD Service 1,CAD to CAD Service 1,2026-03-09 17:56:05.000,NULL,2026-03-09 17:58:11.480,126,0,126,2026-03-09 17:58:11.573,0,0,0,NULL,NULL,NULL,NULL,2026-03-09 17:58:29.407,126,143,-17,2026-03-09 17:58:29.407,18,0,18,2026-03-09 18:00:54.580,145,145,0,2026-03-09 18:02:22.000,2026-03-09 18:09:32.737,0,NULL,2026-03-09 18:09:32.783,807,807,0,UNDEFINED
26-005924,2026-03-09 17:59:10.390,11,MON,9,17,B,DAY,LATE,EMS,MUTUAL CPR,1,C2C,CAD to CAD Service 1,CAD to CAD Service 1,2026-03-09 17:53:39.000,2026-03-09 18:08:35.000,2026-03-09 17:59:11.280,332,0,332,2026-03-09 17:59:11.390,0,0,0,NULL,NULL,NULL,NULL,2026-03-09 17:59:18.797,332,-9999,10331,2026-03-09 17:59:18.797,7,0,7,2026-03-09 17:59:38.760,20,19,1,2026-03-09 18:04:19.993,2026-03-09 18:10:00.073,0,NULL,2026-03-09 18:10:00.127,981,981,0,UNDEFINED
26-018124,2026-03-09 18:01:22.000,11,MON,9,18,B,DAY,EARLY,POLICE,WARRANT SERVICE,3,Phone,"COOPER, KAKILA",NULL,2026-03-09 18:01:21.000,2026-03-09 18:04:03.000,2026-03-09 18:02:47.000,86,85,1,2026-03-09 18:23:07.523,1220,1220,0,2026-03-09 18:02:51.000,90,89,1,2026-03-09 18:23:11.140,1306,1306,0,2026-03-09 18:23:11.140,4,3,1,2026-03-09 18:30:28.207,437,437,0,2026-03-09 18:38:28.357,2026-03-09 18:49:48.360,0,NULL,2026-03-09 18:49:48.443,2907,2907,0,NR-No Report
26-018125,2026-03-09 18:05:32.000,11,MON,9,18,B,DAY,EARLY,POLICE,SUBJECT STOP,2,Radio,"GRAVES, CHRISTINA",NULL,2026-03-09 18:05:32.000,2026-03-09 18:06:21.000,2026-03-09 18:05:32.000,0,0,0,2026-03-09 18:05:32.000,0,0,0,2026-03-09 18:05:32.000,0,0,0,2026-03-09 18:14:23.053,0,0,0,2026-03-09 18:05:32.000,0,0,0,2026-03-09 18:05:32.000,0,0,0,2026-03-09 18:20:58.083,2026-03-09 18:22:50.677,0,NULL,2026-03-09 18:22:50.817,1038,1038,0,NR-No Report
26-018126,2026-03-09 18:11:34.000,11,MON,9,18,B,DAY,EARLY,POLICE,LARCENY COMMERCIAL DELAY,4,Phone,"JACKSON, MALIKA","GRAVES, CHRISTINA",2026-03-09 18:11:34.000,2026-03-09 18:31:23.000,2026-03-09 18:13:08.000,94,94,0,2026-03-09 18:38:10.867,1502,1502,0,2026-03-09 18:27:03.000,929,929,0,2026-03-09 18:38:18.307,1596,1596,0,2026-03-09 18:38:18.307,8,7,1,2026-03-09 18:53:10.273,892,891,1,2026-03-09 19:51:29.390,2026-03-09 19:51:29.390,0,NULL,2026-03-09 19:51:29.457,5995,5995,0,RE-Report
26-018127,2026-03-09 18:16:35.000,11,MON,9,18,B,DAY,EARLY,POLICE,ASSAULT NO INJURY DELAY,4,Phone,"LAWRENCE, MEGAN","GRAVES, CHRISTINA",2026-03-09 18:16:33.000,2026-03-09 18:18:18.000,2026-03-09 18:18:01.000,88,86,2,2026-03-09 18:27:30.247,569,569,0,2026-03-09 18:30:38.000,845,843,2,2026-03-09 18:27:39.427,657,657,0,2026-03-09 18:27:39.427,9,9,0,2026-03-09 18:41:20.793,821,821,0,2026-03-09 20:47:22.617,2026-03-09 20:47:22.617,0,NULL,2026-03-09 20:47:22.820,9049,9049,0,RE-Report
26-018128,2026-03-09 18:18:19.000,11,MON,9,18,B,DAY,EARLY,POLICE,OFF DUTY DETAIL,8,OFFICER,"ESCOBAR, STEVEN R","GRAVES, CHRISTINA",2026-03-09 18:18:19.000,NULL,2026-03-09 18:18:19.000,0,0,0,2026-03-09 18:18:19.000,0,0,0,2026-03-09 18:18:19.000,0,NULL,0,2026-03-09 18:18:19.000,0,0,0,2026-03-09 18:18:19.000,0,0,0,2026-03-09 18:18:19.000,0,0,0,2026-03-09 21:21:10.540,2026-03-09 21:21:10.540,0,NULL,2026-03-09 21:21:10.663,10971,10971,0,NR-No Report
26-018129,2026-03-09 18:18:48.000,11,MON,9,18,B,DAY,EARLY,POLICE,HAZARD,2,E-911,"DOGAN, KYLAH","GRAVES, CHRISTINA",2026-03-09 18:18:47.000,2026-03-09 18:19:28.000,2026-03-09 18:19:20.000,33,32,1,2026-03-09 18:20:55.663,95,95,0,2026-03-09 18:20:58.000,131,130,1,2026-03-09 18:20:58.953,128,128,0,2026-03-09 18:20:58.953,3,3,0,2026-03-09 18:35:32.070,874,873,1,2026-03-09 18:52:05.393,2026-03-09 18:52:05.393,0,NULL,2026-03-09 18:52:05.607,1998,1998,0,NR-No Report
26-005925,2026-03-09 18:31:02.083,11,MON,9,18,B,DAY,EARLY,EMS,MUTUAL BLS,1,C2C,CAD to CAD Service 1,CAD to CAD Service 1,2026-03-09 18:30:33.000,NULL,2026-03-09 18:31:02.727,29,0,29,2026-03-09 18:31:02.820,0,0,0,NULL,NULL,NULL,NULL,2026-03-09 18:31:54.780,29,42,-13,2026-03-09 18:31:54.780,52,51,1,2026-03-09 18:33:53.493,119,118,1,2026-03-09 18:56:36.803,2026-03-09 18:56:48.973,0,NULL,2026-03-09 18:56:49.057,1575,1575,0,UNDEFINED
26-005926,2026-03-09 18:32:07.000,11,MON,9,18,B,DAY,EARLY,EMS,CHEST PAIN ALS 1,1,E-911,"WILLIAMS, DARNELL",Automatic Dispatch,2026-03-09 18:32:07.000,2026-03-09 18:33:04.000,2026-03-09 18:32:57.000,50,50,0,2026-03-09 18:33:00.037,3,3,0,2026-03-09 18:34:57.000,170,170,0,2026-03-09 18:33:48.290,53,53,0,2026-03-09 18:33:48.290,48,48,0,2026-03-09 18:37:57.400,249,249,0,2026-03-09 18:52:09.793,2026-03-09 19:59:49.530,0,NULL,2026-03-09 19:59:49.803,5262,5262,0,UNDEFINED
26-005927,2026-03-09 18:38:48.000,11,MON,9,18,B,DAY,EARLY,EMS,OVERDOSE ALS,2,E-911,"WILLIAMS, DARNELL",Automatic Dispatch,2026-03-09 18:38:48.000,2026-03-09 18:40:04.000,2026-03-09 18:39:50.000,62,62,0,2026-03-09 18:39:52.937,2,2,0,2026-03-09 18:42:16.000,208,208,0,2026-03-09 18:40:40.183,64,64,0,2026-03-09 18:40:40.183,48,47,1,2026-03-09 18:44:02.247,202,202,0,2026-03-09 18:48:17.280,2026-03-09 19:46:07.050,0,NULL,2026-03-09 19:46:07.977,4039,4039,0,UNDEFINED
26-018136,2026-03-09 18:51:55.000,11,MON,9,18,B,DAY,EARLY,POLICE,PARKING COMPLAINT,4,Phone,"DOGAN, KYLAH",NULL,2026-03-09 18:51:54.000,NULL,2026-03-09 18:52:17.000,23,22,1,2026-03-09 19:07:45.557,928,928,0,2026-03-09 18:52:41.000,47,46,1,2026-03-09 19:07:45.557,951,951,0,2026-03-09 19:07:45.557,0,0,0,2026-03-09 19:21:52.017,847,846,1,2026-03-09 19:30:08.827,2026-03-09 19:30:08.827,0,NULL,2026-03-09 19:30:09.903,2294,2294,0,NR-No Report
26-018137,2026-03-09 18:52:04.000,11,MON,9,18,B,DAY,EARLY,POLICE,DISORDERLY CONDUCT,2,Phone,"JACKSON, MALIKA","GRAVES, CHRISTINA",2026-03-09 18:52:02.000,2026-03-09 18:53:16.000,2026-03-09 18:53:12.000,70,68,2,2026-03-09 18:56:05.257,173,173,0,2026-03-09 18:57:29.000,327,325,2,2026-03-09 18:56:07.773,243,243,0,2026-03-09 18:56:07.773,2,2,0,2026-03-09 19:03:23.690,436,435,1,2026-03-09 19:12:13.783,2026-03-09 20:29:25.237,0,NULL,2026-03-09 20:29:25.313,5843,5843,0,NR-No Report
26-005928,2026-03-09 18:52:31.383,11,MON,9,18,B,DAY,EARLY,EMS,PSYCHIATRIC EMERGENCY ALS 1,2,E-911,"WILLIAMS, DARNELL","MACK, BRIANA",2026-03-09 18:52:31.383,2026-03-09 18:52:41.000,2026-03-09 18:52:31.383,0,0,0,2026-03-09 18:52:34.483,3,3,0,2026-03-09 18:52:31.383,0,NULL,0,2026-03-09 18:53:26.143,3,3,0,2026-03-09 18:53:26.143,52,51,1,2026-03-09 18:55:19.497,113,113,0,2026-03-09 18:55:38.663,2026-03-09 18:57:59.907,0,NULL,2026-03-09 18:57:59.967,328,328,0,CAD2CAD
26-018138,2026-03-09 19:00:33.000,11,MON,9,19,D,NIGHT,EARLY,POLICE,DRUG COMPLAINT IN PROG,3,Phone,"DOGAN, KYLAH","GRAVES, CHRISTINA",2026-03-09 19:00:31.000,2026-03-09 19:05:40.000,2026-03-09 19:01:26.000,55,53,2,2026-03-09 20:03:05.997,3699,3699,0,2026-03-09 19:03:22.000,171,169,2,2026-03-09 20:03:08.977,3754,3754,0,2026-03-09 20:03:08.977,3,2,1,2026-03-09 20:17:25.767,857,856,1,2026-03-09 20:04:12.440,2026-03-09 20:19:28.630,0,NULL,2026-03-09 20:19:28.920,4737,4737,0,NR-No Report
26-005929,2026-03-09 19:00:44.000,11,MON,9,19,D,NIGHT,EARLY,FIRE,OUTSIDE FIRE,3,E-911,"JACKSON, MALIKA",Automatic Dispatch,2026-03-09 19:00:43.000,2026-03-09 19:03:15.000,2026-03-09 19:02:02.000,79,78,1,2026-03-09 19:02:04.917,2,2,0,2026-03-09 19:03:14.000,151,150,1,2026-03-09 19:03:00.947,81,81,0,2026-03-09 19:03:00.947,56,56,0,2026-03-09 19:11:45.060,525,524,1,2026-03-09 19:22:41.417,2026-03-09 19:22:41.417,0,NULL,2026-03-09 19:22:41.547,1318,1318,0,UNDEFINED
26-018139,2026-03-09 19:01:41.000,11,MON,9,19,D,NIGHT,EARLY,POLICE,MENTAL HEALTH CASE,2,Radio,"GRAVES, CHRISTINA","GRAVES, CHRISTINA",2026-03-09 19:01:41.000,2026-03-09 20:04:29.000,2026-03-09 19:01:59.000,18,18,0,2026-03-09 19:02:05.163,6,6,0,2026-03-09 19:04:47.000,186,186,0,2026-03-09 19:03:05.153,24,24,0,2026-03-09 19:03:05.153,60,59,1,2026-03-09 19:05:02.887,117,117,0,2026-03-10 01:02:21.293,2026-03-10 01:12:18.090,0,NULL,2026-03-10 01:12:18.197,22237,22237,0,RE-Report
26-018140,2026-03-09 19:06:56.000,11,MON,9,19,D,NIGHT,EARLY,POLICE,MENTAL HEALTH CASE,2,Phone,"WILLIAMS, DARNELL",NULL,2026-03-09 19:06:53.000,2026-03-09 19:08:08.000,2026-03-09 19:07:57.000,64,61,3,2026-03-09 19:09:46.990,109,109,0,2026-03-09 19:08:25.000,92,89,3,2026-03-09 19:09:50.463,173,173,0,2026-03-09 19:09:50.463,4,3,1,2026-03-09 19:24:59.323,909,908,1,2026-03-09 19:12:58.130,2026-03-12 06:54:05.403,0,NULL,2026-03-12 06:54:05.433,215232,42432,172800,RE-Report
26-005930,2026-03-09 19:14:52.000,11,MON,9,19,D,NIGHT,EARLY,FIRE,FIRE ALARM,3,Text,"JACKSON, MALIKA",Automatic Dispatch,2026-03-09 19:14:50.000,2026-03-09 19:18:03.000,2026-03-09 19:15:50.000,60,58,2,2026-03-09 19:15:53.043,3,3,0,2026-03-09 19:17:17.000,147,145,2,2026-03-09 19:17:02.683,63,63,0,2026-03-09 19:17:02.683,69,69,0,2026-03-09 19:19:02.330,120,119,1,2026-03-09 19:21:04.413,2026-03-09 19:21:04.413,0,NULL,2026-03-09 19:21:04.580,374,374,0,UNDEFINED
26-005931,2026-03-09 19:19:15.000,11,MON,9,19,D,NIGHT,EARLY,EMS,UNCONSCIOUS ALS 2,1,E-911,"JACKSON, MALIKA",Automatic Dispatch,2026-03-09 19:19:14.000,2026-03-09 19:21:44.000,2026-03-09 19:20:02.000,48,47,1,2026-03-09 19:20:05.543,3,3,0,2026-03-09 19:21:53.000,159,158,1,2026-03-09 19:21:00.027,51,51,0,2026-03-09 19:21:00.027,55,54,1,2026-03-09 19:23:09.577,129,129,0,2026-03-09 19:34:22.043,2026-03-09 20:35:12.330,0,NULL,2026-03-09 20:35:12.430,4558,4558,0,UNDEFINED
26-018146,2026-03-09 19:20:29.000,11,MON,9,19,D,NIGHT,EARLY,POLICE,NOISE COMPLAINT DELAY,4,Phone,"WILLIAMS, DARNELL","GRAVES, CHRISTINA",2026-03-09 19:20:29.000,2026-03-09 19:22:46.000,2026-03-09 19:20:40.000,11,11,0,2026-03-09 20:07:51.557,2831,2831,0,2026-03-09 19:21:09.000,40,40,0,2026-03-09 20:07:53.967,2842,2842,0,2026-03-09 20:07:53.967,2,2,0,2026-03-09 20:07:53.967,0,0,0,2026-03-09 20:11:30.010,2026-03-09 20:11:30.010,0,NULL,2026-03-09 20:11:30.100,3061,3061,0,NR-No Report
26-018147,2026-03-09 19:23:43.000,11,MON,9,19,D,NIGHT,EARLY,POLICE,FLAG DOWN,2,OFFICER,"GRAVES, CHRISTINA","GRAVES, CHRISTINA",2026-03-09 19:23:43.000,2026-03-09 19:23:49.000,2026-03-09 19:23:43.000,0,0,0,2026-03-09 19:23:43.000,0,0,0,2026-03-09 19:23:43.000,0,0,0,2026-03-09 19:23:56.503,0,0,0,2026-03-09 19:23:43.000,0,0,0,2026-03-09 19:23:43.000,0,0,0,NULL,2026-03-09 19:25:18.923,0,NULL,NULL,95,95,0,NR-No Report
26-005932,2026-03-09 19:27:38.000,11,MON,9,19,D,NIGHT,EARLY,EMS,ALTERED LOC ALS 1,1,E-911,"WILLIAMS, DARNELL",Automatic Dispatch,2026-03-09 19:27:38.000,2026-03-09 19:29:49.000,2026-03-09 19:28:16.000,38,38,0,2026-03-09 19:28:19.510,3,3,0,2026-03-09 19:31:01.000,203,203,0,2026-03-09 19:29:40.937,41,41,0,2026-03-09 19:29:40.937,81,81,0,2026-03-09 19:35:30.117,350,349,1,2026-03-09 19:29:31.250,2026-03-09 20:01:28.360,0,NULL,2026-03-09 20:01:28.630,2030,2030,0,UNDEFINED
26-018148,2026-03-09 19:35:44.000,11,MON,9,19,D,NIGHT,EARLY,POLICE,SUSPICIOUS EVENT,2,E-911,"DOGAN, KYLAH",NULL,2026-03-09 19:35:44.000,2026-03-09 19:36:51.000,2026-03-09 19:36:35.000,51,51,0,2026-03-09 19:39:52.643,197,197,0,2026-03-09 19:59:08.000,1404,1404,0,2026-03-09 19:39:54.750,248,248,0,2026-03-09 19:39:54.750,2,2,0,2026-03-09 19:39:54.750,0,0,0,2026-03-09 19:58:43.903,2026-03-09 21:46:44.990,0,NULL,2026-03-09 21:46:45.127,7860,7860,0,SUP-Supplement
26-018150,2026-03-09 19:41:52.000,11,MON,9,19,D,NIGHT,EARLY,POLICE,DISORDERLY CONDUCT,2,E-911,"WILLIAMS, DARNELL","GRAVES, CHRISTINA",2026-03-09 19:41:52.000,2026-03-09 19:43:56.000,2026-03-09 19:42:42.000,50,50,0,2026-03-09 19:44:27.083,105,105,0,2026-03-09 19:44:52.000,180,180,0,2026-03-09 19:44:30.387,155,155,0,2026-03-09 19:44:30.387,3,3,0,2026-03-09 19:44:30.387,0,0,0,2026-03-09 20:16:18.737,2026-03-09 20:32:12.797,0,NULL,2026-03-09 20:32:12.963,3020,3020,0,NR-No Report
26-005933,2026-03-09 19:43:09.000,11,MON,9,19,D,NIGHT,EARLY,EMS,UNCONSCIOUS ALS 2,1,E-911,"JACKSON, MALIKA",Automatic Dispatch,2026-03-09 19:43:08.000,2026-03-09 19:44:30.000,2026-03-09 19:44:23.000,75,74,1,2026-03-09 19:44:26.947,3,3,0,2026-03-09 19:46:23.000,195,194,1,2026-03-09 19:44:41.620,78,78,0,2026-03-09 19:44:41.620,15,14,1,2026-03-09 19:47:46.250,185,184,1,2026-03-09 19:46:19.117,2026-03-09 20:58:31.767,0,NULL,2026-03-09 20:58:31.867,4523,4523,0,UNDEFINED
26-018152,2026-03-09 19:50:58.000,11,MON,9,19,D,NIGHT,EARLY,POLICE,PARKING COMPLAINT,4,Phone,"JACKSON, MALIKA",NULL,2026-03-09 19:50:56.000,NULL,2026-03-09 19:51:55.000,59,57,2,2026-03-09 19:55:34.150,219,219,0,2026-03-09 19:53:53.000,177,175,2,2026-03-09 19:55:34.150,278,278,0,2026-03-09 19:55:34.150,0,0,0,2026-03-09 20:14:18.167,1124,1124,0,2026-03-09 20:27:06.867,2026-03-09 20:27:06.867,0,NULL,2026-03-09 20:27:07.373,2170,2170,0,NR-No Report
26-005934,2026-03-09 20:06:56.000,11,MON,9,20,D,NIGHT,EARLY,EMS,BLS EMERGENCY,3,Phone,"DOGAN, KYLAH",Automatic Dispatch,2026-03-09 20:06:55.000,2026-03-09 20:08:05.000,2026-03-09 20:07:31.000,36,35,1,2026-03-09 20:07:33.613,2,2,0,2026-03-09 20:10:26.000,211,210,1,2026-03-09 20:08:41.563,38,38,0,2026-03-09 20:08:41.563,68,67,1,2026-03-09 20:19:46.057,665,664,1,2026-03-09 20:21:21.023,2026-03-09 20:21:21.023,0,NULL,2026-03-09 20:21:21.140,866,866,0,UNDEFINED
26-018154,2026-03-09 20:27:24.000,11,MON,9,20,D,NIGHT,EARLY,POLICE,WEAPON VIOL GUN IN PROG,1,E-911,"DOGAN, KYLAH",NULL,2026-03-09 20:27:24.000,2026-03-09 20:28:14.000,2026-03-09 20:28:00.000,36,36,0,2026-03-09 20:28:35.893,35,35,0,2026-03-09 20:35:07.000,463,463,0,2026-03-09 20:28:39.367,71,71,0,2026-03-09 20:28:39.367,4,3,1,2026-03-09 20:31:26.677,167,167,0,2026-03-09 20:44:50.333,2026-03-09 22:37:50.020,0,NULL,2026-03-09 22:37:50.157,7826,7826,0,RE-Report
26-018155,2026-03-09 20:33:43.000,11,MON,9,20,D,NIGHT,EARLY,POLICE,POLICE INFORMATION,4,E-911,"WILLIAMS, DARNELL",NULL,2026-03-09 20:33:42.000,2026-03-09 20:36:33.000,2026-03-09 20:36:26.000,164,163,1,2026-03-09 20:38:28.660,122,122,0,2026-03-09 20:39:36.000,354,353,1,2026-03-09 20:39:16.087,286,286,0,2026-03-09 20:39:16.087,48,47,1,2026-03-09 20:42:06.393,170,170,0,2026-03-09 20:47:29.747,2026-03-10 00:47:47.207,0,NULL,2026-03-10 00:47:47.293,15245,15245,0,RE-Report
26-018156,2026-03-09 20:36:05.000,11,MON,9,20,D,NIGHT,EARLY,POLICE,DISORDERLY CONDUCT,2,E-911,"DOGAN, KYLAH","GRAVES, CHRISTINA",2026-03-09 20:36:05.000,2026-03-09 20:37:31.000,2026-03-09 20:36:40.000,35,35,0,2026-03-09 21:01:02.090,1462,1462,0,2026-03-09 20:43:04.000,419,419,0,2026-03-09 21:01:10.477,1497,1497,0,2026-03-09 21:01:10.477,8,8,0,2026-03-09 21:11:17.880,607,607,0,2026-03-09 21:42:01.820,2026-03-09 21:49:29.413,0,NULL,2026-03-09 21:49:29.500,4404,4404,0,NR-No Report
26-005935,2026-03-09 20:36:26.000,11,MON,9,20,D,NIGHT,EARLY,EMS,UNKNOWN MEDICAL ALS 1,1,E-911,"WILLIAMS, DARNELL",Automatic Dispatch,2026-03-09 20:36:26.000,2026-03-09 20:36:32.000,2026-03-09 20:36:26.000,0,NULL,0,2026-03-09 20:36:29.173,3,3,0,2026-03-09 20:36:26.000,0,0,0,2026-03-09 20:37:21.537,3,3,0,2026-03-09 20:37:21.537,52,52,0,2026-03-09 20:42:29.077,308,307,1,2026-03-09 20:49:35.553,2026-03-09 21:38:51.843,0,NULL,2026-03-09 21:38:52.837,3745,3745,0,UNDEFINED
26-005936,2026-03-09 20:45:22.547,11,MON,9,20,D,NIGHT,EARLY,EMS,MUTUAL ALS,1,C2C,CAD to CAD Service 1,"MACK, BRIANA",2026-03-09 20:42:35.000,2026-03-09 20:51:56.000,2026-03-09 20:45:24.847,169,0,169,2026-03-09 20:45:24.940,0,0,0,NULL,NULL,NULL,NULL,2026-03-09 20:45:36.127,169,526,-357,2026-03-09 20:45:36.127,12,0,12,NULL,NULL,-9999,NULL,2026-03-09 20:47:57.150,2026-03-09 20:49:43.220,1,2026-03-09 20:51:21.173,2026-03-09 20:59:20.077,428,1005,-577,UNDEFINED
26-018157,2026-03-09 20:47:36.000,11,MON,9,20,D,NIGHT,EARLY,POLICE,WARRANT SERVICE,2,Phone,"DOGAN, KYLAH",NULL,2026-03-09 20:47:35.000,2026-03-09 20:48:57.000,2026-03-09 20:47:44.000,9,8,1,2026-03-09 20:48:53.803,69,69,0,2026-03-09 20:49:20.000,105,104,1,2026-03-09 20:48:56.333,78,78,0,2026-03-09 20:48:56.333,3,2,1,2026-03-09 20:53:33.527,277,277,0,2026-03-09 21:26:19.640,2026-03-09 22:34:09.750,0,NULL,2026-03-09 22:34:09.880,6394,6394,0,NR-No Report
26-005937,2026-03-09 20:49:41.610,11,MON,9,20,D,NIGHT,EARLY,FIRE,MUTUAL STRUCTURE FIRE,1,C2C,CAD to CAD Service 1,CAD to CAD Service 1,2026-03-09 20:46:07.000,NULL,2026-03-09 20:49:42.313,215,0,215,2026-03-09 20:49:42.393,0,0,0,NULL,NULL,NULL,NULL,2026-03-09 20:49:46.003,215,257,-42,2026-03-09 20:49:46.003,4,0,4,2026-03-09 20:52:09.623,143,143,0,2026-03-09 20:55:39.093,2026-03-09 20:59:36.350,0,NULL,2026-03-09 20:59:36.537,809,809,0,UNDEFINED
26-018161,2026-03-09 21:13:37.000,11,MON,9,21,D,NIGHT,EARLY,POLICE,ASSAULT NO INJURY DELAY,3,E-911,"JACKSON, MALIKA","PRIESTLY, SHAVAUGHN",2026-03-09 21:13:37.000,2026-03-09 21:16:26.000,2026-03-09 21:16:01.000,144,144,0,2026-03-09 21:54:24.517,2303,2303,0,2026-03-09 21:19:45.000,368,368,0,2026-03-09 21:54:43.580,2447,2447,0,2026-03-09 21:54:43.580,19,19,0,NULL,NULL,-9999,NULL,2026-03-09 21:58:10.173,2026-03-09 21:59:21.597,0,NULL,2026-03-09 21:59:21.723,2744,2744,0,NR-No Report
26-018162,2026-03-09 21:20:49.000,11,MON,9,21,D,NIGHT,EARLY,POLICE,MVC HIT/RUN NO INJURY,2,E-911,"DOGAN, KYLAH","GRAVES, CHRISTINA",2026-03-09 21:20:49.000,2026-03-09 21:23:29.000,2026-03-09 21:21:56.000,67,67,0,2026-03-09 21:26:33.740,277,277,0,2026-03-09 21:26:15.000,326,326,0,2026-03-09 21:26:36.213,344,344,0,2026-03-09 21:26:36.213,3,2,1,2026-03-09 21:28:13.410,97,97,0,2026-03-09 23:08:28.270,2026-03-09 23:08:28.270,0,NULL,2026-03-09 23:08:28.330,6459,6459,0,RE-Report
26-005938,2026-03-09 21:25:13.000,11,MON,9,21,D,NIGHT,EARLY,EMS,TROUBLE BREATHING ALS 1,1,E-911,"WILLIAMS, DARNELL",Automatic Dispatch,2026-03-09 21:25:13.000,2026-03-09 21:26:35.000,2026-03-09 21:25:58.000,45,45,0,2026-03-09 21:26:00.567,2,2,0,2026-03-09 21:27:04.000,111,111,0,2026-03-09 21:26:37.180,47,47,0,2026-03-09 21:26:37.180,37,36,1,2026-03-09 21:31:49.560,312,312,0,2026-03-09 21:36:43.883,2026-03-09 22:42:49.917,0,NULL,2026-03-09 22:42:49.980,4656,4656,0,UNDEFINED
26-005939,2026-03-09 21:30:03.000,11,MON,9,21,D,NIGHT,EARLY,EMS,UNKNOWN MEDICAL ALS 1,1,NOT CAPTURED,"PRIESTLY, SHAVAUGHN",Automatic Dispatch,2026-03-09 21:30:03.000,2026-03-09 21:30:18.000,2026-03-09 21:30:03.000,0,NULL,0,2026-03-09 21:30:06.220,3,3,0,2026-03-09 21:30:03.000,0,0,0,2026-03-09 21:30:16.877,3,3,0,2026-03-09 21:30:16.877,10,10,0,NULL,NULL,-9999,NULL,2026-03-09 21:30:52.487,2026-03-09 21:35:05.020,0,NULL,2026-03-09 21:35:05.167,302,302,0,UNDEFINED
26-005940,2026-03-09 21:30:58.937,11,MON,9,21,D,NIGHT,EARLY,FIRE,MUTUAL AID,1,C2C,CAD to CAD Service 1,CAD to CAD Service 1,2026-03-09 21:29:53.000,2026-03-09 21:40:58.000,2026-03-09 21:30:59.890,66,0,66,2026-03-09 21:31:00.953,1,1,0,NULL,NULL,NULL,NULL,2026-03-09 21:31:28.840,67,103,-36,2026-03-09 21:31:28.840,28,27,1,2026-03-09 21:35:37.847,249,249,0,2026-03-09 21:51:32.077,2026-03-09 21:59:31.980,0,NULL,2026-03-09 21:59:32.240,1778,1778,0,UNDEFINED
26-005941,2026-03-09 21:38:08.000,11,MON,9,21,D,NIGHT,EARLY,EMS,FALL BLS,3,E-911,"DOGAN, KYLAH",Automatic Dispatch,2026-03-09 21:38:08.000,2026-03-09 21:39:01.000,2026-03-09 21:38:44.000,36,36,0,2026-03-09 21:38:46.573,2,2,0,2026-03-09 21:50:48.000,760,760,0,2026-03-09 21:39:29.720,38,38,0,2026-03-09 21:39:29.720,43,43,0,2026-03-09 21:42:52.090,203,202,1,2026-03-09 22:00:01.323,2026-03-09 22:00:14.003,0,NULL,2026-03-09 22:00:14.100,1326,1326,0,UNDEFINED
26-018167,2026-03-09 21:50:29.000,11,MON,9,21,D,NIGHT,EARLY,POLICE,DIP - DRUNK/INTOX PERSON,2,E-911,"WILLIAMS, DARNELL","PRIESTLY, SHAVAUGHN",2026-03-09 21:50:29.000,2026-03-09 21:52:51.000,2026-03-09 21:51:06.000,37,37,0,2026-03-09 21:53:02.977,116,116,0,2026-03-09 21:54:29.000,240,240,0,2026-03-09 21:53:05.957,153,153,0,2026-03-09 21:53:05.957,3,2,1,2026-03-09 21:54:34.303,89,88,1,2026-03-09 22:27:52.643,2026-03-09 22:28:09.597,0,NULL,2026-03-09 22:28:09.633,2260,2260,0,NR-No Report
26-005942,2026-03-09 21:57:37.217,11,MON,9,21,D,NIGHT,EARLY,EMS,DIABETIC EMERGENCY ALS 1,1,Phone,"PRIESTLY, SHAVAUGHN","MACK, BRIANA",2026-03-09 21:57:37.217,2026-03-09 21:58:10.000,2026-03-09 21:57:37.217,0,0,0,2026-03-09 21:57:39.820,2,2,0,2026-03-09 21:57:37.217,0,NULL,0,2026-03-09 21:59:21.530,2,2,0,2026-03-09 21:59:21.530,102,101,1,2026-03-09 22:05:36.437,375,374,1,2026-03-09 23:24:51.453,2026-03-09 23:27:30.247,0,NULL,2026-03-09 23:27:30.350,5393,5393,0,UNDEFINED
26-018170,2026-03-09 22:26:23.000,11,MON,9,22,D,NIGHT,MIDS,POLICE,SUBJECT STOP,2,Radio,"LEWIS, LESLIE","LEWIS, LESLIE",2026-03-09 22:26:23.000,2026-03-09 22:32:56.000,2026-03-09 22:26:23.000,0,0,0,2026-03-09 22:26:23.000,0,0,0,2026-03-09 22:26:23.000,0,0,0,2026-03-09 22:26:34.047,0,0,0,2026-03-09 22:26:23.000,0,0,0,2026-03-09 22:26:23.000,0,0,0,2026-03-09 22:34:38.820,2026-03-09 22:34:43.817,0,NULL,2026-03-09 22:34:43.887,500,500,0,NR-No Report
26-018171,2026-03-09 22:27:26.000,11,MON,9,22,D,NIGHT,MIDS,POLICE,FLAG DOWN,2,OFFICER,"LEWIS, LESLIE","LEWIS, LESLIE",2026-03-09 22:27:25.000,2026-03-09 22:27:56.113,2026-03-09 22:27:41.000,16,15,1,2026-03-09 22:27:55.977,14,14,0,2026-03-09 22:30:50.000,205,204,1,2026-03-09 22:27:57.533,30,30,0,2026-03-09 22:27:57.533,2,1,1,2026-03-09 22:27:58.740,1,1,0,2026-03-09 22:49:27.750,2026-03-09 22:49:27.750,0,NULL,2026-03-09 22:49:27.853,1322,1322,0,NR-No Report
26-005943,2026-03-09 22:31:48.703,11,MON,9,22,D,NIGHT,MIDS,EMS,INJURED PERSON BLS,3,NOT CAPTURED,"LEWIS, LESLIE",Automatic Dispatch,2026-03-09 22:31:48.703,2026-03-09 22:34:09.000,2026-03-09 22:31:48.703,0,0,0,2026-03-09 22:31:51.270,3,2,1,2026-03-09 22:31:48.703,0,NULL,0,2026-03-09 22:33:15.990,3,2,1,2026-03-09 22:33:15.990,84,84,0,2026-03-09 22:36:52.920,217,216,1,2026-03-09 22:49:17.653,2026-03-09 23:34:01.690,0,NULL,2026-03-09 23:34:01.740,3733,3732,1,UNDEFINED
26-005944,2026-03-09 22:37:21.000,11,MON,9,22,D,NIGHT,MIDS,EMS,PUBLIC SERVICE EMS,4,E-911,"WILLIAMS, DARNELL",Automatic Dispatch,2026-03-09 22:37:21.000,2026-03-09 22:39:53.000,2026-03-09 22:38:09.000,48,48,0,2026-03-09 22:38:11.810,2,2,0,2026-03-09 22:38:46.000,85,85,0,2026-03-09 22:39:22.820,50,50,0,2026-03-09 22:39:22.820,71,71,0,2026-03-09 22:45:52.773,390,389,1,2026-03-09 22:53:54.523,2026-03-09 22:53:54.523,0,NULL,2026-03-09 22:53:54.740,993,993,0,UNDEFINED
26-018172,2026-03-09 22:38:00.000,11,MON,9,22,D,NIGHT,MIDS,POLICE,SUBJECT STOP,2,OFFICER,"DOGAN, KYLAH","DOGAN, KYLAH",2026-03-09 22:38:00.000,2026-03-09 22:38:07.000,2026-03-09 22:38:00.000,0,0,0,2026-03-09 22:38:00.000,0,0,0,2026-03-09 22:38:00.000,0,0,0,2026-03-09 22:38:05.060,0,0,0,2026-03-09 22:38:00.000,0,0,0,2026-03-09 22:38:00.000,0,0,0,2026-03-09 22:46:44.943,2026-03-09 22:50:20.120,0,NULL,2026-03-09 22:50:20.197,740,740,0,NR-No Report
26-018174,2026-03-09 22:45:56.000,11,MON,9,22,D,NIGHT,MIDS,POLICE,DISORDERLY CONDUCT,2,Phone,"DOGAN, KYLAH","LEWIS, LESLIE",2026-03-09 22:45:55.000,2026-03-09 22:46:22.000,2026-03-09 22:46:14.000,19,18,1,2026-03-09 22:46:28.233,14,14,0,2026-03-09 22:48:49.000,174,173,1,2026-03-09 22:46:33.543,33,33,0,2026-03-09 22:46:33.543,5,5,0,NULL,NULL,-9999,NULL,2026-03-09 22:49:46.760,2026-03-09 22:49:59.943,0,NULL,2026-03-09 22:50:00.040,244,244,0,NR-No Report
26-018176,2026-03-09 22:52:29.000,11,MON,9,22,D,NIGHT,MIDS,POLICE,TRAFFIC STOP,2,OFFICER,"LEWIS, LESLIE","LEWIS, LESLIE",2026-03-09 22:52:29.000,2026-03-09 22:52:32.000,2026-03-09 22:52:29.000,0,0,0,2026-03-09 22:52:29.000,0,0,0,2026-03-09 22:52:29.000,0,0,0,2026-03-09 22:52:42.000,0,0,0,2026-03-09 22:52:29.000,0,0,0,2026-03-09 22:52:29.000,0,0,0,2026-03-09 22:58:30.783,2026-03-09 23:00:34.660,0,NULL,2026-03-09 23:00:34.693,485,485,0,NR-No Report
26-018177,2026-03-09 22:55:03.000,11,MON,9,22,D,NIGHT,MIDS,POLICE,ON VIEW,2,NOT CAPTURED,"LEWIS, LESLIE","LEWIS, LESLIE",2026-03-09 22:55:03.000,2026-03-09 22:55:09.000,2026-03-09 22:55:03.000,0,0,0,2026-03-09 22:55:03.000,0,0,0,2026-03-09 22:55:03.000,0,0,0,2026-03-09 22:55:17.567,0,0,0,2026-03-09 22:55:03.000,0,0,0,2026-03-09 22:55:03.000,0,0,0,2026-03-09 22:59:25.703,2026-03-09 23:00:48.510,0,NULL,2026-03-09 23:00:48.820,345,345,0,NR-No Report
26-018178,2026-03-09 22:56:24.000,11,MON,9,22,D,NIGHT,MIDS,POLICE,TRAFFIC STOP,2,OFFICER,"LEWIS, LESLIE","LEWIS, LESLIE",2026-03-09 22:56:24.000,2026-03-09 22:56:27.000,2026-03-09 22:56:24.000,0,0,0,2026-03-09 22:56:24.000,0,0,0,2026-03-09 22:56:24.000,0,0,0,2026-03-09 22:56:41.440,0,0,0,2026-03-09 22:56:24.000,0,0,0,2026-03-09 22:56:24.000,0,0,0,2026-03-09 23:07:25.643,2026-03-09 23:20:49.993,0,NULL,2026-03-09 23:20:50.090,1465,1465,0,NR-No Report
26-005945,2026-03-09 22:56:29.000,11,MON,9,22,D,NIGHT,MIDS,EMS,TROUBLE BREATHING ALS 1,1,E-911,"JACKSON, MALIKA",Automatic Dispatch,2026-03-09 22:56:29.000,2026-03-09 22:59:33.000,2026-03-09 22:59:09.000,160,160,0,2026-03-09 22:59:12.153,3,3,0,2026-03-09 23:01:33.000,304,304,0,2026-03-09 22:59:19.870,163,163,0,2026-03-09 22:59:19.870,7,7,0,2026-03-09 23:02:25.153,186,185,1,2026-03-09 23:18:17.933,2026-03-10 00:26:43.040,0,NULL,2026-03-10 00:26:43.133,5414,5414,0,UNDEFINED
26-018180,2026-03-09 23:01:13.333,11,MON,9,23,D,NIGHT,MIDS,POLICE,MENTAL HEALTH CASE,2,E-911,"JACKSON, MALIKA","LEWIS, LESLIE",2026-03-09 23:01:13.333,2026-03-09 23:01:40.000,2026-03-09 23:01:13.333,0,1,-1,2026-03-09 23:08:00.090,407,406,1,2026-03-09 23:01:13.333,0,NULL,0,2026-03-09 23:08:02.770,407,406,1,2026-03-09 23:08:02.770,2,2,0,2026-03-09 23:09:39.073,97,96,1,2026-03-09 23:08:41.657,2026-03-09 23:12:41.057,0,NULL,2026-03-09 23:12:41.267,688,687,1,NR-No Report
26-018181,2026-03-09 23:05:02.000,11,MON,9,23,D,NIGHT,MIDS,POLICE,OFF DUTY DETAIL,8,OFFICER,"ESCOBAR, STEVEN R",NULL,2026-03-09 23:05:02.000,2026-03-10 03:11:15.000,2026-03-09 23:05:02.000,0,1,-1,2026-03-09 23:05:02.000,0,0,0,2026-03-09 23:05:02.000,0,NULL,0,2026-03-09 23:05:02.000,0,0,0,2026-03-09 23:05:02.000,0,0,0,2026-03-09 23:05:02.000,0,0,0,NULL,2026-03-10 04:46:05.000,0,NULL,NULL,20463,20463,0,NR-No Report
26-018182,2026-03-09 23:06:31.000,11,MON,9,23,D,NIGHT,MIDS,POLICE,ALARM COMMERCIAL,2,Phone,"WILLIAMS, DARNELL","LEWIS, LESLIE",2026-03-09 23:06:29.000,2026-03-09 23:06:57.000,2026-03-09 23:06:53.000,24,22,2,2026-03-09 23:07:10.453,17,17,0,2026-03-09 23:08:35.000,126,124,2,2026-03-09 23:07:15.437,41,41,0,2026-03-09 23:07:15.437,5,4,1,2026-03-09 23:08:22.797,67,67,0,2026-03-09 23:25:44.820,2026-03-09 23:39:39.327,0,NULL,2026-03-09 23:39:39.390,1990,1990,0,NR-No Report
26-018183,2026-03-09 23:07:05.000,11,MON,9,23,D,NIGHT,MIDS,POLICE,TRAFFIC STOP,2,OFFICER,"GASKILL, RYAN D",NULL,2026-03-09 23:07:05.000,2026-03-09 23:07:30.000,2026-03-09 23:07:05.000,0,1,-1,2026-03-09 23:07:05.000,0,0,0,2026-03-09 23:07:05.000,0,NULL,0,2026-03-09 23:07:05.000,0,0,0,2026-03-09 23:07:05.000,0,0,0,2026-03-09 23:07:05.000,0,0,0,2026-03-09 23:14:31.387,2026-03-09 23:14:31.387,0,NULL,2026-03-09 23:14:31.470,446,446,0,NR-No Report
26-018184,2026-03-09 23:09:53.000,11,MON,9,23,D,NIGHT,MIDS,POLICE,TRAFFIC STOP,2,OFFICER,"LEWIS, LESLIE","LEWIS, LESLIE",2026-03-09 23:09:53.000,NULL,2026-03-09 23:09:53.000,0,0,0,2026-03-09 23:09:53.000,0,0,0,2026-03-09 23:09:53.000,0,0,0,2026-03-09 23:10:03.287,0,0,0,2026-03-09 23:09:53.000,0,0,0,2026-03-09 23:09:53.000,0,0,0,2026-03-09 23:17:03.257,2026-03-09 23:17:24.967,0,NULL,2026-03-09 23:17:25.023,451,451,0,NR-No Report
26-018186,2026-03-09 23:16:18.000,11,MON,9,23,D,NIGHT,MIDS,POLICE,DOMESTIC VIOL NO INJ,2,E-911,"WILLIAMS, DARNELL","LEWIS, LESLIE",2026-03-09 23:16:18.000,2026-03-09 23:18:26.000,2026-03-09 23:16:46.000,28,28,0,2026-03-09 23:18:40.513,114,114,0,2026-03-09 23:41:00.000,1482,1482,0,2026-03-09 23:18:45.107,142,142,0,2026-03-09 23:18:45.107,5,4,1,2026-03-09 23:25:59.810,434,434,0,2026-03-09 23:18:49.903,2026-03-10 00:18:37.997,0,NULL,2026-03-10 00:18:38.063,3739,3739,0,NR-No Report
26-018187,2026-03-09 23:17:43.000,11,MON,9,23,D,NIGHT,MIDS,POLICE,TRAFFIC STOP,2,OFFICER,"LEONARD, JOHN T",NULL,2026-03-09 23:17:43.000,2026-03-09 23:18:01.000,2026-03-09 23:17:43.000,0,1,-1,2026-03-09 23:17:43.000,0,0,0,2026-03-09 23:17:43.000,0,NULL,0,2026-03-09 23:17:43.000,0,0,0,2026-03-09 23:17:43.000,0,0,0,2026-03-09 23:17:43.000,0,0,0,2026-03-09 23:22:13.023,2026-03-09 23:22:13.023,0,NULL,2026-03-09 23:22:13.040,270,270,0,NR-No Report
26-018189,2026-03-09 23:34:48.000,11,MON,9,23,D,NIGHT,MIDS,POLICE,TRAFFIC STOP,2,OFFICER,"GASKILL, RYAN D",NULL,2026-03-09 23:34:48.000,NULL,2026-03-09 23:34:48.000,0,1,-1,2026-03-09 23:34:48.000,0,0,0,2026-03-09 23:34:48.000,0,NULL,0,2026-03-09 23:34:48.000,0,0,0,2026-03-09 23:34:48.000,0,0,0,2026-03-09 23:34:48.000,0,0,0,2026-03-09 23:40:57.777,2026-03-09 23:40:57.777,0,NULL,2026-03-09 23:40:57.837,369,369,0,NR-No Report
26-018192,2026-03-09 23:57:17.000,11,MON,9,23,D,NIGHT,MIDS,POLICE,DOMESTIC VIOL NO INJ,2,E-911,"JACKSON, MALIKA","LEWIS, LESLIE",2026-03-09 23:57:16.000,2026-03-09 23:58:06.000,2026-03-09 23:57:59.000,43,42,1,2026-03-09 23:58:29.750,30,30,0,2026-03-10 00:00:28.000,192,191,1,2026-03-09 23:58:32.457,73,73,0,2026-03-09 23:58:32.457,3,2,1,2026-03-10 00:01:54.620,202,202,0,2026-03-09 23:59:22.113,2026-03-10 00:43:41.453,0,NULL,2026-03-10 00:43:41.543,2785,2785,0,NR-No Report
26-018194,2026-03-10 00:10:31.000,11,TUE,10,0,D,NIGHT,MIDS,POLICE,TRAFFIC STOP,2,OFFICER,"LEONARD, JOHN T",NULL,2026-03-10 00:10:31.000,NULL,2026-03-10 00:10:31.000,0,1,-1,2026-03-10 00:10:31.000,0,0,0,2026-03-10 00:10:31.000,0,NULL,0,2026-03-10 00:10:31.000,0,0,0,2026-03-10 00:10:31.000,0,0,0,2026-03-10 00:10:31.000,0,0,0,2026-03-10 00:16:07.667,2026-03-10 00:16:07.667,0,NULL,2026-03-10 00:16:07.903,336,336,0,NR-No Report
26-005946,2026-03-10 00:11:16.000,11,TUE,10,0,D,NIGHT,MIDS,EMS,CHEST PAIN ALS 1,1,E-911,"WILLIAMS, DARNELL","MACK, BRIANA",2026-03-10 00:11:15.000,2026-03-10 00:13:57.000,2026-03-10 00:12:10.000,55,54,1,2026-03-10 00:12:13.177,3,3,0,2026-03-10 00:18:48.000,453,452,1,2026-03-10 00:14:28.483,58,58,0,2026-03-10 00:14:28.483,135,135,0,2026-03-10 00:18:59.750,271,271,0,2026-03-10 00:16:10.807,2026-03-10 00:45:39.800,0,NULL,2026-03-10 00:45:40.807,2064,2064,0,UNDEFINED
26-018195,2026-03-10 00:22:10.000,11,TUE,10,0,D,NIGHT,MIDS,POLICE,SUBJECT STOP,2,OFFICER,"LEWIS, LESLIE","LEWIS, LESLIE",2026-03-10 00:22:08.000,2026-03-10 00:22:33.183,2026-03-10 00:22:27.000,19,17,2,2026-03-10 00:22:33.120,6,6,0,2026-03-10 00:22:36.000,28,26,2,2026-03-10 00:22:34.833,25,25,0,2026-03-10 00:22:34.833,1,1,0,2026-03-10 00:22:36.017,2,1,1,2026-03-10 00:34:34.160,2026-03-10 00:34:37.633,0,NULL,2026-03-10 00:34:37.720,749,749,0,NR-No Report
26-018196,2026-03-10 00:24:25.000,11,TUE,10,0,D,NIGHT,MIDS,POLICE,DWI - DRUNK/INTOX DRIVER,2,Phone,"DOGAN, KYLAH","LEWIS, LESLIE",2026-03-10 00:24:23.000,2026-03-10 00:26:32.000,2026-03-10 00:24:55.000,32,30,2,2026-03-10 00:26:49.393,114,114,0,2026-03-10 00:24:55.000,32,NULL,32,2026-03-10 00:26:59.460,146,146,0,2026-03-10 00:26:59.460,10,10,0,2026-03-10 00:31:31.223,272,271,1,2026-03-10 00:37:31.847,2026-03-10 00:38:55.207,0,NULL,2026-03-10 00:38:55.260,872,872,0,NR-No Report
26-005948,2026-03-10 00:26:16.000,11,TUE,10,0,D,NIGHT,MIDS,EMS,BACK PAIN BLS,3,E-911,"PRIESTLY, SHAVAUGHN",Automatic Dispatch,2026-03-10 00:26:15.000,2026-03-10 00:31:02.000,2026-03-10 00:28:01.000,106,105,1,2026-03-10 00:28:03.670,2,2,0,2026-03-10 00:30:57.000,282,281,1,2026-03-10 00:30:03.930,108,108,0,2026-03-10 00:30:03.930,120,120,0,2026-03-10 00:34:27.490,264,263,1,2026-03-10 01:12:11.460,2026-03-10 01:12:11.460,0,NULL,2026-03-10 01:12:11.687,2756,2756,0,UNDEFINED
26-005947,2026-03-10 00:26:21.803,11,TUE,10,0,D,NIGHT,MIDS,FIRE,MUTUAL FIRE ALARM,1,C2C,CAD to CAD Service 1,CAD to CAD Service 1,2026-03-10 00:24:22.000,NULL,2026-03-10 00:26:22.680,120,0,120,2026-03-10 00:26:22.740,0,0,0,NULL,NULL,NULL,NULL,2026-03-10 00:27:56.287,120,-9999,10119,2026-03-10 00:27:56.287,94,93,1,NULL,NULL,-9999,NULL,2026-03-10 00:29:38.507,2026-03-10 00:29:46.283,0,NULL,2026-03-10 00:29:46.587,324,324,0,UNDEFINED
26-018197,2026-03-10 00:41:13.000,11,TUE,10,0,D,NIGHT,MIDS,POLICE,POLICE INFORMATION,4,Phone,"PRIESTLY, SHAVAUGHN",NULL,2026-03-10 00:41:11.000,2026-03-10 00:42:15.000,2026-03-10 00:41:55.000,44,42,2,2026-03-10 00:42:53.083,58,58,0,2026-03-10 00:48:11.000,420,418,2,2026-03-10 00:42:57.880,102,102,0,2026-03-10 00:42:57.880,4,4,0,NULL,NULL,-9999,NULL,2026-03-10 01:44:51.510,2026-03-10 06:03:32.890,0,NULL,2026-03-10 06:03:32.947,19341,19341,0,RE-Report
26-018198,2026-03-10 01:01:09.000,11,TUE,10,1,D,NIGHT,MIDS,POLICE,SUICIDE IN PROG INJ/PILLS,1,E-911,"DOGAN, KYLAH","LEWIS, LESLIE",2026-03-10 01:01:09.000,2026-03-10 01:03:09.000,2026-03-10 01:03:05.000,116,116,0,2026-03-10 01:04:02.520,57,57,0,2026-03-10 01:13:54.000,765,765,0,2026-03-10 01:04:05.600,173,173,0,2026-03-10 01:04:05.600,3,3,0,2026-03-10 01:08:03.257,238,237,1,2026-03-10 01:30:25.170,2026-03-10 01:50:16.057,0,NULL,2026-03-10 01:50:16.057,2947,2948,-1,NR-No Report
26-005950,2026-03-10 01:07:29.000,11,TUE,10,1,D,NIGHT,MIDS,EMS,OVERDOSE ALS,2,NOT CAPTURED,"DOGAN, KYLAH",Automatic Dispatch,2026-03-10 01:07:29.000,2026-03-10 01:08:40.000,2026-03-10 01:07:29.000,0,NULL,0,2026-03-10 01:07:32.347,3,3,0,2026-03-10 01:07:29.000,0,0,0,2026-03-10 01:08:06.503,3,3,0,2026-03-10 01:08:06.503,34,34,0,2026-03-10 01:11:59.633,233,233,0,2026-03-10 01:20:47.270,2026-03-10 01:28:28.580,0,NULL,2026-03-10 01:28:29.587,1259,1259,0,UNDEFINED
26-018200,2026-03-10 01:11:17.000,11,TUE,10,1,D,NIGHT,MIDS,POLICE,FLAG DOWN,2,OFFICER,"VELASQUEZ, MAYNOR O",NULL,2026-03-10 01:11:17.000,NULL,2026-03-10 01:11:17.000,0,1,-1,2026-03-10 01:11:17.000,0,0,0,2026-03-10 01:11:17.000,0,NULL,0,2026-03-10 01:11:17.000,0,0,0,2026-03-10 01:11:17.000,0,0,0,2026-03-10 01:11:17.000,0,0,0,2026-03-10 01:11:33.903,2026-03-10 01:11:33.903,0,NULL,2026-03-10 01:11:34.037,16,16,0,NR-No Report
26-018201,2026-03-10 01:13:52.000,11,TUE,10,1,D,NIGHT,MIDS,POLICE,ALARM RESIDENTIAL NIGHTIME,1,Text,"PRIESTLY, SHAVAUGHN","LEWIS, LESLIE",2026-03-10 01:13:50.000,2026-03-10 01:14:32.000,2026-03-10 01:14:24.000,34,32,2,2026-03-10 01:14:41.247,17,17,0,2026-03-10 01:15:30.000,100,98,2,2026-03-10 01:14:43.613,51,51,0,2026-03-10 01:14:43.613,2,2,0,2026-03-10 01:19:01.413,258,257,1,2026-03-10 01:25:24.160,2026-03-10 01:27:06.873,0,NULL,2026-03-10 01:27:06.980,796,796,0,NR-No Report
26-018203,2026-03-10 01:37:42.000,11,TUE,10,1,D,NIGHT,MIDS,POLICE,TRAFFIC STOP,2,OFFICER,"LEWIS, LESLIE","LEWIS, LESLIE",2026-03-10 01:37:40.000,NULL,2026-03-10 01:38:04.000,24,22,2,2026-03-10 01:38:16.243,12,12,0,2026-03-10 01:38:04.000,24,NULL,24,2026-03-10 01:38:16.350,36,36,0,2026-03-10 01:38:16.350,0,0,0,2026-03-10 01:38:16.413,0,0,0,2026-03-10 01:42:14.380,2026-03-10 01:43:35.353,0,NULL,2026-03-10 01:43:35.443,355,355,0,NR-No Report
26-018204,2026-03-10 01:50:56.000,11,TUE,10,1,D,NIGHT,MIDS,POLICE,SUBJECT STOP,2,OFFICER,"LEWIS, LESLIE","LEWIS, LESLIE",2026-03-10 01:50:56.000,2026-03-10 01:54:55.000,2026-03-10 01:50:56.000,0,0,0,2026-03-10 01:50:56.000,0,0,0,2026-03-10 01:50:56.000,0,0,0,2026-03-10 01:51:14.857,0,0,0,2026-03-10 01:50:56.000,0,0,0,2026-03-10 01:50:56.000,0,0,0,2026-03-10 02:13:36.930,2026-03-10 02:14:13.133,0,NULL,2026-03-10 02:14:13.180,1397,1397,0,NR-No Report
26-005951,2026-03-10 01:53:16.000,11,TUE,10,1,D,NIGHT,MIDS,EMS,ALTERED LOC ALS 1,1,E-911,"WILLIAMS, DARNELL",Automatic Dispatch,2026-03-10 01:53:16.000,2026-03-10 01:56:38.000,2026-03-10 01:54:18.000,62,62,0,2026-03-10 01:54:20.873,2,2,0,2026-03-10 01:57:28.000,252,252,0,2026-03-10 01:55:48.240,64,64,0,2026-03-10 01:55:48.240,88,87,1,2026-03-10 01:59:11.320,203,203,0,2026-03-10 02:15:48.100,2026-03-10 03:06:25.543,0,NULL,2026-03-10 03:06:25.633,4389,4389,0,UNDEFINED
26-005952,2026-03-10 01:55:16.000,11,TUE,10,1,D,NIGHT,MIDS,EMS,ABDOMINAL PAIN BLS,3,E-911,"DOGAN, KYLAH",Automatic Dispatch,2026-03-10 01:55:15.000,2026-03-10 01:57:11.000,2026-03-10 01:56:19.000,64,63,1,2026-03-10 01:56:22.173,3,3,0,2026-03-10 01:59:28.000,253,252,1,2026-03-10 01:58:14.337,67,67,0,2026-03-10 01:58:14.337,112,112,0,2026-03-10 02:06:20.933,486,486,0,2026-03-10 02:19:47.503,2026-03-10 02:19:47.503,0,NULL,2026-03-10 02:19:47.693,1472,1472,0,UNDEFINED
26-018205,2026-03-10 01:57:18.000,11,TUE,10,1,D,NIGHT,MIDS,POLICE,SUSPICIOUS EVENT,2,Phone,"JACKSON, MALIKA","LEWIS, LESLIE",2026-03-10 01:57:17.000,2026-03-10 01:59:00.000,2026-03-10 01:58:08.000,51,50,1,2026-03-10 01:59:21.267,73,73,0,2026-03-10 01:59:29.000,132,131,1,2026-03-10 01:59:23.957,124,124,0,2026-03-10 01:59:23.957,2,2,0,2026-03-10 02:03:30.223,247,246,1,2026-03-10 02:08:33.753,2026-03-10 02:10:05.020,0,NULL,2026-03-10 02:10:05.070,768,768,0,NR-No Report
26-005953,2026-03-10 02:13:53.000,11,TUE,10,2,D,NIGHT,LATE,EMS,BLS EMERGENCY,3,E-911,"MACK, BRIANA",Automatic Dispatch,2026-03-10 02:13:52.000,2026-03-10 02:15:52.000,2026-03-10 02:15:26.000,94,93,1,2026-03-10 02:15:28.893,2,2,0,2026-03-10 02:21:39.000,467,466,1,2026-03-10 02:17:28.220,96,96,0,2026-03-10 02:17:28.220,120,119,1,2026-03-10 02:28:39.183,671,670,1,2026-03-10 03:17:52.383,2026-03-10 03:17:52.383,0,NULL,2026-03-10 03:17:52.460,3840,3840,0,UNDEFINED
26-018210,2026-03-10 02:33:36.000,11,TUE,10,2,D,NIGHT,LATE,POLICE,ASSIST CITIZEN DELAY,4,Phone,"MACK, BRIANA","LEWIS, LESLIE",2026-03-10 02:33:34.000,2026-03-10 02:43:31.000,2026-03-10 02:43:20.000,586,584,2,2026-03-10 02:43:42.083,22,22,0,2026-03-10 02:44:32.000,658,656,2,2026-03-10 02:43:45.137,608,608,0,2026-03-10 02:43:45.137,3,3,0,2026-03-10 02:44:49.530,64,64,0,2026-03-10 02:48:15.027,2026-03-10 02:48:15.027,0,NULL,2026-03-10 02:48:15.083,881,881,0,NR-No Report
26-005954,2026-03-10 02:39:55.000,11,TUE,10,2,D,NIGHT,LATE,FIRE,INVESTIGATION,3,Phone,"JACKSON, MALIKA",Automatic Dispatch,2026-03-10 02:39:53.000,2026-03-10 02:41:47.000,2026-03-10 02:40:44.000,51,49,2,2026-03-10 02:40:47.507,3,3,0,2026-03-10 02:41:40.000,107,105,2,2026-03-10 02:42:38.627,54,54,0,2026-03-10 02:42:38.627,111,111,0,2026-03-10 02:48:49.803,371,371,0,2026-03-10 02:49:25.063,2026-03-10 02:49:25.063,0,NULL,2026-03-10 02:49:25.257,572,572,0,UNDEFINED
26-018211,2026-03-10 02:47:53.000,11,TUE,10,2,D,NIGHT,LATE,POLICE,NOISE COMPLAINT DELAY,4,Phone,"JACKSON, MALIKA",NULL,2026-03-10 02:47:51.000,2026-03-10 02:50:03.000,2026-03-10 02:48:47.000,56,54,2,2026-03-10 02:55:10.910,383,383,0,2026-03-10 02:49:41.000,110,108,2,2026-03-10 02:55:13.220,439,439,0,2026-03-10 02:55:13.220,3,2,1,2026-03-10 02:55:14.513,1,1,0,2026-03-10 04:03:40.033,2026-03-10 04:20:40.680,0,NULL,2026-03-10 04:20:40.740,5569,5569,0,NR-No Report
26-018212,2026-03-10 03:02:06.000,11,TUE,10,3,D,NIGHT,LATE,POLICE,MENTAL HEALTH CASE,3,E-911,"JACKSON, MALIKA","DOGAN, KYLAH",2026-03-10 03:02:05.000,2026-03-10 03:04:56.000,2026-03-10 03:04:50.000,165,164,1,2026-03-10 03:38:47.197,2037,2037,0,2026-03-10 03:07:02.000,297,296,1,2026-03-10 03:38:51.560,2202,2202,0,2026-03-10 03:38:51.560,4,4,0,NULL,NULL,-9999,NULL,2026-03-10 04:30:03.890,2026-03-10 04:30:03.890,0,NULL,2026-03-10 04:30:03.903,5278,5278,0,NR-No Report
26-018213,2026-03-10 03:04:33.000,11,TUE,10,3,D,NIGHT,LATE,POLICE,ADMINISTRATIVE TASK,2,Phone,"MACK, BRIANA","DOGAN, KYLAH",2026-03-10 03:04:32.000,2026-03-10 03:07:12.000,2026-03-10 03:06:31.000,119,118,1,2026-03-10 03:07:07.727,36,36,0,2026-03-10 03:08:53.000,261,260,1,2026-03-10 03:07:08.077,155,155,0,2026-03-10 03:07:08.077,1,0,1,2026-03-10 03:18:09.580,661,661,0,NULL,2026-03-10 03:38:45.000,0,NULL,NULL,2053,2053,0,NR-No Report
26-018214,2026-03-10 03:18:11.000,11,TUE,10,3,D,NIGHT,LATE,POLICE,MVC CITY PROPERTY DAMAGE,2,Radio,"DOGAN, KYLAH",NULL,2026-03-10 03:18:11.000,2026-03-10 03:40:11.000,2026-03-10 03:18:11.000,0,0,0,2026-03-10 03:18:11.000,0,0,0,2026-03-10 03:18:11.000,0,0,0,2026-03-10 03:18:17.203,0,0,0,2026-03-10 03:18:11.000,0,0,0,2026-03-10 03:18:11.000,0,0,0,2026-03-10 03:47:59.990,2026-03-10 04:10:39.397,0,NULL,2026-03-10 04:10:39.467,3148,3148,0,RE-Report
26-018215,2026-03-10 03:23:35.000,11,TUE,10,3,D,NIGHT,LATE,POLICE,MENTAL HEALTH CASE,2,E-911,"MACK, BRIANA","DOGAN, KYLAH",2026-03-10 03:23:35.000,2026-03-10 03:26:56.000,2026-03-10 03:26:51.000,196,196,0,2026-03-10 03:27:51.803,60,60,0,2026-03-10 03:32:30.000,535,535,0,2026-03-10 03:28:00.573,256,256,0,2026-03-10 03:28:00.573,9,8,1,2026-03-10 03:34:37.293,397,396,1,2026-03-10 03:37:34.293,2026-03-10 05:13:26.800,0,NULL,2026-03-10 05:13:26.890,6591,6591,0,NR-No Report
26-018217,2026-03-10 04:25:12.000,11,TUE,10,4,D,NIGHT,LATE,POLICE,TRAFFIC STOP,2,OFFICER,"DOGAN, KYLAH","DOGAN, KYLAH",2026-03-10 04:25:12.000,NULL,2026-03-10 04:25:12.000,0,0,0,2026-03-10 04:25:12.000,0,0,0,2026-03-10 04:25:12.000,0,0,0,2026-03-10 04:31:36.703,0,0,0,2026-03-10 04:25:12.000,0,0,0,2026-03-10 04:25:12.000,0,0,0,2026-03-10 04:33:12.747,2026-03-10 04:33:14.057,0,NULL,2026-03-10 04:33:14.083,482,482,0,CI-Citation
26-005956,2026-03-10 04:46:22.610,11,TUE,10,4,D,NIGHT,LATE,EMS,MUTUAL ALS,1,C2C,CAD to CAD Service 1,CAD to CAD Service 1,2026-03-10 04:45:46.000,2026-03-10 07:08:21.000,2026-03-10 04:46:23.923,37,0,37,2026-03-10 04:46:24.003,1,0,1,NULL,NULL,NULL,NULL,2026-03-10 04:47:49.533,38,-9999,10037,2026-03-10 04:47:49.533,85,85,0,2026-03-10 04:53:38.840,349,349,0,2026-03-10 06:23:16.200,2026-03-10 07:11:14.767,0,NULL,2026-03-10 07:11:16.390,8728,8728,0,UNDEFINED
26-018219,2026-03-10 04:50:42.000,11,TUE,10,4,D,NIGHT,LATE,POLICE,DISORDERLY CONDUCT,2,Radio,"DOGAN, KYLAH","DOGAN, KYLAH",2026-03-10 04:50:40.000,2026-03-10 04:51:14.000,2026-03-10 04:50:52.000,12,10,2,2026-03-10 04:51:17.787,25,25,0,2026-03-10 05:06:16.000,936,934,2,2026-03-10 04:51:25.207,37,37,0,2026-03-10 04:51:25.207,8,0,8,2026-03-10 04:51:25.270,0,0,0,2026-03-10 05:16:02.053,2026-03-10 05:16:02.053,0,NULL,2026-03-10 05:16:02.137,1522,1522,0,NR-No Report
26-005957,2026-03-10 05:02:58.000,11,TUE,10,5,D,NIGHT,LATE,FIRE,FIRE ALARM,3,E-911,"JACKSON, MALIKA",Automatic Dispatch,2026-03-10 05:02:57.000,2026-03-10 05:07:31.000,2026-03-10 05:03:55.000,58,57,1,2026-03-10 05:03:58.680,3,3,0,2026-03-10 05:06:23.000,206,205,1,2026-03-10 05:05:08.127,61,61,0,2026-03-10 05:05:08.127,70,69,1,2026-03-10 05:21:22.983,974,974,0,2026-03-10 05:32:48.613,2026-03-10 05:32:48.613,0,NULL,2026-03-10 05:32:48.793,1791,1791,0,UNDEFINED
26-018221,2026-03-10 05:06:01.000,11,TUE,10,5,D,NIGHT,LATE,POLICE,ALARM COMMERCIAL,2,Phone,"LEWIS, LESLIE","DOGAN, KYLAH",2026-03-10 05:05:59.000,2026-03-10 05:07:41.000,2026-03-10 05:07:34.000,95,93,2,2026-03-10 05:09:39.437,125,125,0,2026-03-10 05:08:21.000,142,140,2,2026-03-10 05:09:41.523,220,220,0,2026-03-10 05:09:41.523,2,2,0,2026-03-10 05:09:41.523,0,0,0,2026-03-10 05:17:37.990,2026-03-10 05:20:24.417,0,NULL,2026-03-10 05:20:24.460,865,865,0,FALSE-False Alarm
26-018222,2026-03-10 05:22:41.000,11,TUE,10,5,D,NIGHT,LATE,POLICE,TRESPASSING IN PROG,2,Radio,"DOGAN, KYLAH",NULL,2026-03-10 05:22:40.000,2026-03-10 05:23:00.000,2026-03-10 05:22:50.000,10,9,1,2026-03-10 05:23:03.510,13,13,0,2026-03-10 05:29:13.000,393,392,1,2026-03-10 05:23:07.503,23,23,0,2026-03-10 05:23:07.503,4,3,1,2026-03-10 05:23:15.120,8,7,1,2026-03-10 05:32:01.523,2026-03-10 05:53:42.000,0,NULL,NULL,1862,1862,0,NR-No Report
26-018223,2026-03-10 05:38:15.000,11,TUE,10,5,D,NIGHT,LATE,POLICE,TRAFFIC STOP,2,OFFICER,"GASKILL, RYAN D",NULL,2026-03-10 05:38:15.000,NULL,2026-03-10 05:38:15.000,0,1,-1,2026-03-10 05:38:15.000,0,0,0,2026-03-10 05:38:15.000,0,NULL,0,2026-03-10 05:38:15.000,0,0,0,2026-03-10 05:38:15.000,0,0,0,2026-03-10 05:38:15.000,0,0,0,2026-03-10 05:45:48.307,2026-03-10 05:45:48.307,0,NULL,2026-03-10 05:45:48.383,453,453,0,NR-No Report
26-018224,2026-03-10 05:39:56.000,11,TUE,10,5,D,NIGHT,LATE,POLICE,OFF DUTY DETAIL,8,OFFICER,"RIGGLE, BEATRIZ I.",NULL,2026-03-10 05:39:56.000,2026-03-10 05:40:03.000,2026-03-10 05:39:56.000,0,1,-1,2026-03-10 05:39:56.000,0,0,0,2026-03-10 05:39:56.000,0,NULL,0,2026-03-10 05:39:56.000,0,0,0,2026-03-10 05:39:56.000,0,0,0,2026-03-10 05:39:56.000,0,0,0,2026-03-10 08:06:06.423,2026-03-10 08:06:06.423,0,NULL,2026-03-10 08:06:06.500,8770,8770,0,NR-No Report
26-018226,2026-03-10 06:07:43.000,11,TUE,10,6,B,DAY,EARLY,POLICE,CREDIT CARD FRAUD DELAY,4,Phone,"PATTERSON, JAHAIRA","WELCH, KIMBERLY",2026-03-10 06:07:41.000,NULL,2026-03-10 06:07:58.000,17,15,2,2026-03-10 06:08:11.193,13,13,0,2026-03-10 06:08:13.000,32,30,2,2026-03-10 06:08:11.327,30,30,0,2026-03-10 06:08:11.327,0,0,0,2026-03-10 06:08:11.417,0,0,0,2026-03-10 13:48:29.900,2026-03-10 13:48:29.900,0,NULL,2026-03-10 13:48:29.993,27648,27648,0,RE-Report
26-018228,2026-03-10 06:17:32.000,11,TUE,10,6,B,DAY,EARLY,POLICE,SUBJECT STOP,2,Radio,"WALKER, JUANITA",NULL,2026-03-10 06:17:32.000,2026-03-10 06:17:52.000,2026-03-10 06:17:32.000,0,0,0,2026-03-10 06:17:32.000,0,0,0,2026-03-10 06:17:32.000,0,0,0,2026-03-10 06:17:36.980,0,0,0,2026-03-10 06:17:32.000,0,0,0,2026-03-10 06:17:32.000,0,0,0,2026-03-10 06:20:19.480,2026-03-10 06:21:06.413,0,NULL,2026-03-10 06:21:06.483,214,214,0,NR-No Report
26-005958,2026-03-10 06:53:32.413,11,TUE,10,6,B,DAY,EARLY,FIRE,MUTUAL GAS LEAK,1,C2C,CAD to CAD Service 1,CAD to CAD Service 1,2026-03-10 06:51:35.000,NULL,2026-03-10 06:53:33.130,118,0,118,2026-03-10 06:53:33.210,0,0,0,NULL,NULL,NULL,NULL,2026-03-10 06:54:27.500,118,-9999,10117,2026-03-10 06:54:27.500,54,53,1,2026-03-10 06:57:29.423,182,181,1,2026-03-10 07:01:09.623,2026-03-10 07:05:34.100,0,NULL,2026-03-10 07:05:34.130,839,839,0,CAD2CAD
26-005959,2026-03-10 07:25:19.000,11,TUE,10,7,B,DAY,EARLY,EMS,TROUBLE BREATHING ALS 1,1,E-911,"PATTERSON, JAHAIRA",Automatic Dispatch,2026-03-10 07:25:18.000,2026-03-10 07:26:10.000,2026-03-10 07:25:49.000,31,30,1,2026-03-10 07:26:11.250,22,22,0,2026-03-10 07:35:11.000,593,592,1,2026-03-10 07:26:56.823,53,53,0,2026-03-10 07:26:56.823,45,45,0,2026-03-10 07:32:25.270,329,328,1,2026-03-10 07:38:33.217,2026-03-10 08:05:50.710,0,NULL,2026-03-10 08:05:50.817,2432,2432,0,UNDEFINED
26-005960,2026-03-10 07:28:32.000,11,TUE,10,7,B,DAY,EARLY,FIRE,FIRE ALARM,3,Phone,"PEREZ, CARLOS",Automatic Dispatch,2026-03-10 07:28:30.000,2026-03-10 07:29:49.000,2026-03-10 07:29:12.000,42,40,2,2026-03-10 07:29:15.150,3,3,0,2026-03-10 07:30:43.000,133,131,2,2026-03-10 07:29:31.923,45,45,0,2026-03-10 07:29:31.923,16,16,0,NULL,NULL,-9999,NULL,2026-03-10 07:31:46.807,2026-03-10 07:31:46.807,0,NULL,2026-03-10 07:31:46.920,196,196,0,UNDEFINED
26-018232,2026-03-10 07:28:33.000,11,TUE,10,7,B,DAY,EARLY,POLICE,TRAFFIC COMPLAINT,4,Phone,"PATTERSON, JAHAIRA","WALKER, JUANITA",2026-03-10 07:28:31.000,2026-03-10 07:30:36.000,2026-03-10 07:29:34.000,63,61,2,2026-03-10 07:35:46.797,372,372,0,2026-03-10 07:29:34.000,63,NULL,63,2026-03-10 07:35:50.597,435,435,0,2026-03-10 07:35:50.597,4,3,1,2026-03-10 07:49:50.460,840,839,1,2026-03-10 08:14:57.647,2026-03-10 08:14:57.647,0,NULL,2026-03-10 08:14:57.790,2786,2786,0,NR-No Report
26-018233,2026-03-10 07:32:57.000,11,TUE,10,7,B,DAY,EARLY,POLICE,TRAFFIC STOP,2,OFFICER,"HAMED, HOSSAM R",NULL,2026-03-10 07:32:57.000,2026-03-10 07:33:10.000,2026-03-10 07:32:57.000,0,3,-3,2026-03-10 07:32:57.000,0,0,0,2026-03-10 07:32:57.000,0,NULL,0,2026-03-10 07:32:57.000,0,0,0,2026-03-10 07:32:57.000,0,0,0,2026-03-10 07:32:57.000,0,0,0,2026-03-10 07:38:14.323,2026-03-10 07:38:14.323,0,NULL,2026-03-10 07:38:14.413,317,317,0,CI-Citation
26-018235,2026-03-10 07:33:53.000,11,TUE,10,7,B,DAY,EARLY,POLICE,NOISE COMPLAINT IN PROG,4,Phone,"GARCIA, VILMA","WALKER, JUANITA",2026-03-10 07:33:51.000,2026-03-10 07:39:52.000,2026-03-10 07:34:47.000,56,54,2,2026-03-10 07:49:14.467,867,867,0,2026-03-10 07:35:13.000,82,80,2,2026-03-10 07:49:24.437,923,923,0,2026-03-10 07:49:24.437,10,9,1,2026-03-10 07:59:40.590,616,616,0,2026-03-10 07:49:47.273,2026-03-10 08:05:39.210,0,NULL,2026-03-10 08:05:39.310,1908,1908,0,NR-No Report
26-018234,2026-03-10 07:34:15.000,11,TUE,10,7,B,DAY,EARLY,POLICE,DISABLED MOTORIST,2,Radio,"WALKER, JUANITA",NULL,2026-03-10 07:34:15.000,2026-03-10 07:34:39.000,2026-03-10 07:34:15.000,0,0,0,2026-03-10 07:34:15.000,0,0,0,2026-03-10 07:34:15.000,0,0,0,2026-03-10 07:50:29.370,0,0,0,2026-03-10 07:34:15.000,0,0,0,2026-03-10 07:34:15.000,0,0,0,2026-03-10 07:54:32.240,2026-03-10 08:47:43.293,0,NULL,2026-03-10 08:47:43.387,4408,4408,0,NR-No Report
26-018236,2026-03-10 07:36:17.000,11,TUE,10,7,B,DAY,EARLY,POLICE,TRNSPORT PRISONER MED LOCAL,4,Radio,"WALKER, JUANITA","WALKER, JUANITA",2026-03-10 07:36:17.000,2026-03-10 07:36:26.000,2026-03-10 07:36:17.000,0,0,0,2026-03-10 07:36:17.000,0,0,0,2026-03-10 07:36:17.000,0,0,0,NULL,0,0,0,2026-03-10 07:36:17.000,0,0,0,2026-03-10 07:36:17.000,0,0,0,NULL,2026-03-10 09:25:47.000,0,NULL,NULL,6570,6570,0,NR-No Report
26-018237,2026-03-10 07:38:34.000,11,TUE,10,7,B,DAY,EARLY,POLICE,WARRANT SERVICE,2,Phone,"PATTERSON, JAHAIRA","PATTERSON, JAHAIRA",2026-03-10 07:38:32.000,2026-03-10 09:57:28.000,2026-03-10 07:38:46.000,14,12,2,2026-03-10 07:39:06.883,20,20,0,2026-03-10 08:14:43.000,2171,2169,2,2026-03-10 07:39:07.323,34,34,0,2026-03-10 07:39:07.323,1,0,1,2026-03-10 07:39:07.527,0,0,0,2026-03-10 11:01:39.187,2026-03-10 18:00:41.000,0,NULL,NULL,37329,37329,0,NR-No Report
26-005961,2026-03-10 07:49:18.000,11,TUE,10,7,B,DAY,EARLY,FIRE,FIRE ALARM,3,E-911,"VALENTIN, EMERITA",Automatic Dispatch,2026-03-10 07:49:16.000,2026-03-10 07:50:47.000,2026-03-10 07:49:57.000,41,39,2,2026-03-10 07:50:00.243,3,3,0,2026-03-10 07:50:50.000,94,92,2,2026-03-10 07:51:07.163,44,44,0,2026-03-10 07:51:07.163,67,66,1,2026-03-10 07:56:20.320,313,313,0,2026-03-10 08:17:23.247,2026-03-10 08:17:23.247,0,NULL,2026-03-10 08:17:23.413,1687,1687,0,UNDEFINED
26-018238,2026-03-10 07:49:55.000,11,TUE,10,7,B,DAY,EARLY,POLICE,MVC PROPERTY DAMAGE,2,Phone,"BRYANT, THEO","FLOURNOY, ERICKA",2026-03-10 07:49:53.000,2026-03-10 07:52:05.000,2026-03-10 07:51:52.000,119,117,2,2026-03-10 08:01:15.507,563,563,0,2026-03-10 07:52:50.000,177,175,2,2026-03-10 08:01:19.137,682,682,0,2026-03-10 08:01:19.137,4,3,1,2026-03-10 08:17:50.890,991,991,0,NULL,2026-03-10 08:20:00.000,0,NULL,NULL,1807,1807,0,NR-No Report
26-018240,2026-03-10 07:56:40.000,11,TUE,10,7,B,DAY,EARLY,POLICE,PARKING COMPLAINT,4,Phone,"VALENTIN, EMERITA",NULL,2026-03-10 07:56:39.000,NULL,2026-03-10 07:58:03.000,84,83,1,2026-03-10 08:10:30.087,747,747,0,2026-03-10 07:58:57.000,138,137,1,2026-03-10 08:10:30.087,831,831,0,2026-03-10 08:10:30.087,0,-9999,9999,NULL,NULL,-9999,NULL,2026-03-10 08:47:58.517,2026-03-10 08:47:58.517,0,NULL,2026-03-10 08:47:58.643,3079,3079,0,NR-No Report
26-018239,2026-03-10 07:56:45.000,11,TUE,10,7,B,DAY,EARLY,POLICE,OFF DUTY DETAIL,8,OFFICER,"BOUSKA, BREANNA P",NULL,2026-03-10 07:56:45.000,2026-03-10 14:15:35.000,2026-03-10 07:56:45.000,0,1,-1,2026-03-10 07:56:45.000,0,0,0,2026-03-10 07:56:45.000,0,NULL,0,2026-03-10 07:56:45.000,0,0,0,2026-03-10 07:56:45.000,0,0,0,2026-03-10 07:56:45.000,0,0,0,2026-03-10 15:43:26.443,2026-03-10 15:48:32.110,0,NULL,2026-03-10 15:48:32.140,28307,28307,0,NR-No Report
26-018242,2026-03-10 08:08:26.000,11,TUE,10,8,B,DAY,EARLY,POLICE,PARKING COMPLAINT,3,Phone,"PATTERSON, JAHAIRA",NULL,2026-03-10 08:08:24.000,2026-03-10 09:11:01.000,2026-03-10 08:09:20.000,56,54,2,2026-03-10 08:18:47.823,567,567,0,2026-03-10 08:14:41.000,377,375,2,2026-03-10 08:18:47.823,623,623,0,2026-03-10 08:18:47.823,0,0,0,2026-03-10 09:06:24.927,2857,2857,0,2026-03-10 09:48:19.573,2026-03-10 09:48:19.573,0,NULL,2026-03-10 09:48:19.643,5995,5995,0,CI-Citation
26-018243,2026-03-10 08:12:10.000,11,TUE,10,8,B,DAY,EARLY,POLICE,OFF DUTY DETAIL,8,OFFICER,"BROWN, BRIDGET C",NULL,2026-03-10 08:12:10.000,2026-03-10 14:15:46.000,2026-03-10 08:12:10.000,0,1,-1,2026-03-10 08:12:10.000,0,0,0,2026-03-10 08:12:10.000,0,NULL,0,2026-03-10 08:12:10.000,0,0,0,2026-03-10 08:12:10.000,0,0,0,2026-03-10 08:12:10.000,0,0,0,2026-03-10 16:46:20.110,2026-03-10 17:20:55.230,0,NULL,2026-03-10 17:20:55.277,32925,32925,0,NR-No Report
26-018246,2026-03-10 08:12:39.000,11,TUE,10,8,B,DAY,EARLY,POLICE,PARKING COMPLAINT,3,Phone,"PATTERSON, JAHAIRA",NULL,2026-03-10 08:12:36.000,2026-03-10 08:15:54.000,2026-03-10 08:14:37.000,121,118,3,2026-03-10 08:15:57.037,80,80,0,2026-03-10 08:14:40.000,124,121,3,2026-03-10 08:15:57.037,201,201,0,2026-03-10 08:15:57.037,0,0,0,2026-03-10 08:33:41.830,1064,1064,0,2026-03-10 08:36:44.237,2026-03-10 08:36:44.237,0,NULL,2026-03-10 08:36:44.443,1448,1448,0,NR-No Report
26-018245,2026-03-10 08:13:28.000,11,TUE,10,8,B,DAY,EARLY,POLICE,TRNSPORT PRISONER ALX COURT,4,Phone,"FLOURNOY, ERICKA","FLOURNOY, ERICKA",2026-03-10 08:13:25.000,2026-03-10 08:15:10.783,2026-03-10 08:14:28.000,63,60,3,2026-03-10 08:15:10.653,42,42,0,2026-03-10 08:14:42.000,77,74,3,2026-03-10 08:18:35.147,105,105,0,2026-03-10 08:18:35.147,205,204,1,NULL,NULL,-9999,NULL,NULL,2026-03-10 08:23:43.000,0,NULL,NULL,618,618,0,NR-No Report
26-018247,2026-03-10 08:14:01.000,11,TUE,10,8,B,DAY,EARLY,POLICE,PARKING COMPLAINT,3,Phone,"MAIORIELLO, BERMARI","FLOURNOY, ERICKA",2026-03-10 08:13:59.000,2026-03-10 08:35:00.000,2026-03-10 08:14:37.000,38,36,2,2026-03-10 08:42:41.077,1684,1684,0,2026-03-10 08:15:30.000,91,89,2,2026-03-10 08:48:03.957,1722,1722,0,2026-03-10 08:48:03.957,322,-9999,10321,NULL,NULL,-9999,NULL,2026-03-10 09:37:44.430,2026-03-10 09:37:44.430,0,NULL,2026-03-10 09:37:44.477,5025,5025,0,NR-No Report
26-018244,2026-03-10 08:14:20.000,11,TUE,10,8,B,DAY,EARLY,POLICE,TRAFFIC STOP,2,OFFICER,"HAMED, HOSSAM R",NULL,2026-03-10 08:14:20.000,2026-03-10 08:14:47.000,2026-03-10 08:14:20.000,0,0,0,2026-03-10 08:14:20.000,0,0,0,2026-03-10 08:14:20.000,0,NULL,0,2026-03-10 08:14:20.000,0,0,0,2026-03-10 08:14:20.000,0,0,0,2026-03-10 08:14:20.000,0,0,0,2026-03-10 08:21:58.013,2026-03-10 08:21:58.013,0,NULL,2026-03-10 08:21:58.360,458,458,0,CI-Citation
26-018248,2026-03-10 08:18:45.000,11,TUE,10,8,B,DAY,EARLY,POLICE,DISABLED MOTORIST,2,OFFICER,"FLOURNOY, ERICKA","FLOURNOY, ERICKA",2026-03-10 08:18:43.000,NULL,2026-03-10 08:19:31.000,48,46,2,2026-03-10 08:20:09.347,38,38,0,2026-03-10 08:19:42.000,59,57,2,2026-03-10 08:20:09.437,86,86,0,2026-03-10 08:20:09.437,0,0,0,2026-03-10 08:20:09.500,0,0,0,2026-03-10 09:34:18.620,2026-03-10 09:34:18.620,0,NULL,2026-03-10 09:34:18.833,4535,4535,0,NR-No Report
26-018249,2026-03-10 08:30:31.000,11,TUE,10,8,B,DAY,EARLY,POLICE,TRAFFIC STOP,2,OFFICER,"HAMED, HOSSAM R",NULL,2026-03-10 08:30:31.000,2026-03-10 08:31:27.000,2026-03-10 08:30:31.000,0,1,-1,2026-03-10 08:30:31.000,0,0,0,2026-03-10 08:30:31.000,0,NULL,0,2026-03-10 08:30:31.000,0,0,0,2026-03-10 08:30:31.000,0,0,0,2026-03-10 08:30:31.000,0,0,0,2026-03-10 08:36:50.197,2026-03-10 08:36:50.197,0,NULL,2026-03-10 08:36:50.270,379,379,0,CI-Citation
26-018250,2026-03-10 08:36:28.000,11,TUE,10,8,B,DAY,EARLY,POLICE,ALARM RESIDENTIAL,2,Phone,"COOPER, KAKILA","FLOURNOY, ERICKA",2026-03-10 08:36:28.000,2026-03-10 08:37:58.000,2026-03-10 08:36:47.000,19,19,0,2026-03-10 08:38:17.607,90,90,0,2026-03-10 09:02:48.000,1580,1580,0,2026-03-10 08:38:20.940,109,109,0,2026-03-10 08:38:20.940,3,3,0,2026-03-10 08:59:42.743,1282,1281,1,2026-03-10 09:02:51.950,2026-03-10 09:02:51.950,0,NULL,2026-03-10 09:02:51.977,1583,1583,0,FALSE-False Alarm
26-018252,2026-03-10 08:38:30.000,11,TUE,10,8,B,DAY,EARLY,POLICE,PARKING COMPLAINT,4,Phone,"MAIORIELLO, BERMARI","FLOURNOY, ERICKA",2026-03-10 08:38:28.000,NULL,2026-03-10 08:40:53.000,145,143,2,2026-03-10 08:44:50.693,237,237,0,2026-03-10 08:41:13.000,165,163,2,2026-03-10 08:45:37.147,382,382,0,2026-03-10 08:45:37.147,47,46,1,2026-03-10 08:49:16.870,219,219,0,2026-03-10 08:58:54.697,2026-03-10 08:58:54.697,0,NULL,2026-03-10 08:58:55.377,1226,1226,0,CI-Citation
26-018251,2026-03-10 08:38:30.000,11,TUE,10,8,B,DAY,EARLY,POLICE,TRAFFIC STOP,2,OFFICER,"PAULINO, GUSTAVO A",NULL,2026-03-10 08:38:30.000,2026-03-10 08:38:43.000,2026-03-10 08:38:30.000,0,1,-1,2026-03-10 08:38:30.000,0,0,0,2026-03-10 08:38:30.000,0,NULL,0,2026-03-10 08:38:30.000,0,0,0,2026-03-10 08:38:30.000,0,0,0,2026-03-10 08:38:30.000,0,0,0,2026-03-10 08:47:50.727,2026-03-10 08:47:50.727,0,NULL,2026-03-10 08:47:50.813,560,560,0,CI-Citation
26-018253,2026-03-10 08:41:10.000,11,TUE,10,8,B,DAY,EARLY,POLICE,TRAFFIC STOP,2,OFFICER,"HAMED, HOSSAM R",NULL,2026-03-10 08:41:10.000,2026-03-10 08:41:29.000,2026-03-10 08:41:10.000,0,2,-2,2026-03-10 08:41:10.000,0,0,0,2026-03-10 08:41:10.000,0,NULL,0,2026-03-10 08:41:10.000,0,0,0,2026-03-10 08:41:10.000,0,0,0,2026-03-10 08:41:10.000,0,0,0,2026-03-10 08:48:10.610,2026-03-10 08:48:10.610,0,NULL,2026-03-10 08:48:10.677,420,420,0,CI-Citation
26-018254,2026-03-10 08:43:33.000,11,TUE,10,8,B,DAY,EARLY,POLICE,PARKING COMPLAINT,4,Phone,"MAIORIELLO, BERMARI",NULL,2026-03-10 08:43:31.000,NULL,2026-03-10 08:44:51.000,80,78,2,2026-03-10 08:58:58.390,847,847,0,2026-03-10 08:44:58.000,87,85,2,2026-03-10 08:58:58.390,927,927,0,2026-03-10 08:58:58.390,0,-9999,9999,2026-03-10 09:06:13.923,435,435,0,2026-03-10 09:21:40.010,2026-03-10 09:21:40.010,0,NULL,2026-03-10 09:21:41.093,2289,2289,0,NR-No Report
26-018255,2026-03-10 08:53:15.000,11,TUE,10,8,B,DAY,EARLY,POLICE,PARKING COMPLAINT,4,Phone,"GARCIA, VILMA",NULL,2026-03-10 08:53:13.000,NULL,2026-03-10 08:53:39.000,26,24,2,2026-03-10 10:41:03.913,6444,6444,0,2026-03-10 08:54:10.000,57,55,2,2026-03-10 10:41:03.913,6470,6470,0,2026-03-10 10:41:03.913,0,0,0,2026-03-10 10:52:27.470,684,683,1,2026-03-10 10:53:24.703,2026-03-10 10:53:24.703,0,NULL,2026-03-10 10:53:25.147,7211,7211,0,NR-No Report
26-018256,2026-03-10 08:57:32.000,11,TUE,10,8,B,DAY,EARLY,POLICE,OFF DUTY DETAIL,8,OFFICER,"ESCOBAR, STEVEN R",NULL,2026-03-10 08:57:32.000,2026-03-10 14:16:04.000,2026-03-10 08:57:32.000,0,1,-1,2026-03-10 08:57:32.000,0,0,0,2026-03-10 08:57:32.000,0,NULL,0,2026-03-10 08:57:32.000,0,0,0,2026-03-10 08:57:32.000,0,0,0,2026-03-10 08:57:32.000,0,0,0,2026-03-10 17:18:18.677,2026-03-10 17:18:18.677,0,NULL,2026-03-10 17:18:18.803,30046,30046,0,NR-No Report
26-018258,2026-03-10 09:01:18.000,11,TUE,10,9,B,DAY,EARLY,POLICE,TRAFFIC STOP,2,OFFICER,"HAMED, HOSSAM R",NULL,2026-03-10 09:01:18.000,2026-03-10 09:01:40.000,2026-03-10 09:01:18.000,0,2,-2,2026-03-10 09:01:18.000,0,0,0,2026-03-10 09:01:18.000,0,NULL,0,2026-03-10 09:01:18.000,0,0,0,2026-03-10 09:01:18.000,0,0,0,2026-03-10 09:01:18.000,0,0,0,2026-03-10 09:10:52.100,2026-03-10 09:10:52.100,0,NULL,2026-03-10 09:10:52.250,574,574,0,CI-Citation
26-018261,2026-03-10 09:01:35.000,11,TUE,10,9,B,DAY,EARLY,POLICE,PARKING COMPLAINT,4,Phone,"MAIORIELLO, BERMARI",NULL,2026-03-10 09:01:34.000,NULL,2026-03-10 09:03:21.000,107,106,1,2026-03-10 09:04:01.867,40,40,0,2026-03-10 09:03:31.000,117,116,1,2026-03-10 09:04:01.867,147,147,0,2026-03-10 09:04:01.867,0,0,0,2026-03-10 09:40:37.017,2196,2195,1,2026-03-10 09:50:22.283,2026-03-10 09:50:22.283,0,NULL,2026-03-10 09:50:22.503,2928,2928,0,NR-No Report
26-018260,2026-03-10 09:01:40.000,11,TUE,10,9,B,DAY,EARLY,POLICE,PARKING COMPLAINT,4,Phone,"PATTERSON, JAHAIRA",NULL,2026-03-10 09:01:39.000,NULL,2026-03-10 09:02:20.000,41,40,1,2026-03-10 09:21:49.013,1169,1169,0,2026-03-10 09:02:20.000,41,NULL,41,2026-03-10 09:21:49.013,1210,1210,0,2026-03-10 09:21:49.013,0,-9999,9999,2026-03-10 09:24:34.943,165,165,0,2026-03-10 09:28:53.203,2026-03-10 09:28:53.203,0,NULL,2026-03-10 09:28:53.780,1634,1634,0,CI-Citation
26-018262,2026-03-10 09:04:02.000,11,TUE,10,9,B,DAY,EARLY,POLICE,CREDIT CARD FRAUD DELAY,4,Phone,"PICKERAL, LAUREN",NULL,2026-03-10 09:04:00.000,2026-03-10 09:09:36.000,2026-03-10 09:05:51.000,111,109,2,2026-03-10 09:43:21.223,2250,2250,0,2026-03-10 09:05:53.000,113,111,2,2026-03-10 09:43:28.050,2361,2361,0,2026-03-10 09:43:28.050,7,6,1,2026-03-10 09:50:06.053,398,398,0,2026-03-10 17:16:58.840,2026-03-10 17:16:58.840,0,NULL,2026-03-10 17:16:58.913,29578,29578,0,RE-Report
26-005963,2026-03-10 09:10:33.000,11,TUE,10,9,B,DAY,EARLY,EMS,BLS EMERGENCY,3,E-911,"PEREZ, CARLOS",Automatic Dispatch,2026-03-10 09:10:33.000,2026-03-10 09:12:45.000,2026-03-10 09:11:33.000,60,60,0,2026-03-10 09:11:35.677,2,2,0,2026-03-10 09:15:16.000,283,283,0,2026-03-10 09:12:48.837,62,62,0,2026-03-10 09:12:48.837,73,73,0,2026-03-10 09:18:03.260,315,314,1,2026-03-10 10:04:30.213,2026-03-10 10:04:30.213,0,NULL,2026-03-10 10:04:30.287,3237,3237,0,UNDEFINED
26-018263,2026-03-10 09:17:49.000,11,TUE,10,9,B,DAY,EARLY,POLICE,TRAFFIC STOP,2,OFFICER,"PAULINO, GUSTAVO A",NULL,2026-03-10 09:17:49.000,2026-03-10 09:18:08.000,2026-03-10 09:17:49.000,0,3,-3,2026-03-10 09:17:49.000,0,0,0,2026-03-10 09:17:49.000,0,NULL,0,2026-03-10 09:17:49.000,0,0,0,2026-03-10 09:17:49.000,0,0,0,2026-03-10 09:17:49.000,0,0,0,2026-03-10 09:22:45.377,2026-03-10 09:22:45.377,0,NULL,2026-03-10 09:22:45.430,296,296,0,CI-Citation
26-018265,2026-03-10 09:21:15.000,11,TUE,10,9,B,DAY,EARLY,POLICE,TRAFFIC STOP,2,OFFICER,"KIM, DANIEL H",NULL,2026-03-10 09:21:15.000,2026-03-10 09:21:37.000,2026-03-10 09:21:15.000,0,1,-1,2026-03-10 09:21:15.000,0,0,0,2026-03-10 09:21:15.000,0,NULL,0,2026-03-10 09:21:15.000,0,0,0,2026-03-10 09:21:15.000,0,0,0,2026-03-10 09:21:15.000,0,0,0,2026-03-10 09:26:11.397,2026-03-10 09:26:11.397,0,NULL,2026-03-10 09:26:11.917,296,296,0,CI-Citation
26-018267,2026-03-10 09:29:02.000,11,TUE,10,9,B,DAY,EARLY,POLICE,TRAFFIC STOP,2,OFFICER,"LEACH, JOSHUA C",NULL,2026-03-10 09:29:02.000,2026-03-10 09:29:14.000,2026-03-10 09:29:02.000,0,1,-1,2026-03-10 09:29:02.000,0,0,0,2026-03-10 09:29:02.000,0,NULL,0,2026-03-10 09:29:02.000,0,0,0,2026-03-10 09:29:02.000,0,0,0,2026-03-10 09:29:02.000,0,0,0,2026-03-10 09:35:06.540,2026-03-10 09:35:06.540,0,NULL,2026-03-10 09:35:06.553,364,364,0,CI-Citation
26-018268,2026-03-10 09:29:40.000,11,TUE,10,9,B,DAY,EARLY,POLICE,SUSPICIOUS EVENT,2,Phone,"MAIORIELLO, BERMARI","FLOURNOY, ERICKA",2026-03-10 09:29:38.000,2026-03-10 09:34:51.000,2026-03-10 09:30:42.000,64,62,2,2026-03-10 09:35:14.043,272,272,0,2026-03-10 09:33:34.000,236,234,2,2026-03-10 09:35:19.153,336,336,0,2026-03-10 09:35:19.153,5,5,0,2026-03-10 09:38:51.877,212,212,0,2026-03-10 09:44:28.793,2026-03-10 09:55:15.880,0,NULL,2026-03-10 09:55:15.953,1537,1537,0,NR-No Report
26-018269,2026-03-10 09:34:19.000,11,TUE,10,9,B,DAY,EARLY,POLICE,TRAFFIC STOP,2,OFFICER,"PAULINO, GUSTAVO A",NULL,2026-03-10 09:34:19.000,2026-03-10 09:34:39.000,2026-03-10 09:34:19.000,0,1,-1,2026-03-10 09:34:19.000,0,0,0,2026-03-10 09:34:19.000,0,NULL,0,2026-03-10 09:34:19.000,0,0,0,2026-03-10 09:34:19.000,0,0,0,2026-03-10 09:34:19.000,0,0,0,2026-03-10 09:36:43.910,2026-03-10 09:36:43.910,0,NULL,2026-03-10 09:36:43.970,144,144,0,NR-No Report
26-018271,2026-03-10 09:40:45.000,11,TUE,10,9,B,DAY,EARLY,POLICE,PARKING COMPLAINT,4,Phone,"PICKERAL, LAUREN",NULL,2026-03-10 09:40:43.000,NULL,2026-03-10 09:41:22.000,39,37,2,2026-03-10 09:50:51.767,569,569,0,2026-03-10 09:42:23.000,100,98,2,2026-03-10 09:50:51.767,608,608,0,2026-03-10 09:50:51.767,0,0,0,2026-03-10 10:08:41.403,1070,1069,1,2026-03-10 10:40:49.527,2026-03-10 10:40:49.527,0,NULL,2026-03-10 10:40:50.020,3606,3606,0,CI-Citation
26-005964,2026-03-10 09:46:29.000,11,TUE,10,9,B,DAY,EARLY,EMS,TROUBLE BREATHING ALS 1,1,E-911,"MARVRAY, ESMOND","COOPER, KAKILA",2026-03-10 09:46:28.000,2026-03-10 09:48:07.000,2026-03-10 09:47:10.000,42,41,1,2026-03-10 09:47:12.693,2,2,0,2026-03-10 10:02:39.000,971,970,1,2026-03-10 09:48:43.717,44,44,0,2026-03-10 09:48:43.717,91,91,0,2026-03-10 09:52:56.597,253,252,1,2026-03-10 09:48:57.423,2026-03-10 10:42:07.383,0,NULL,2026-03-10 10:42:07.683,3339,3339,0,UNDEFINED
26-018272,2026-03-10 09:53:31.000,11,TUE,10,9,B,DAY,EARLY,POLICE,POLICE INFORMATION,4,OFFICER,"PATTERSON, JAHAIRA","PATTERSON, JAHAIRA",2026-03-10 09:53:29.000,NULL,2026-03-10 09:53:46.000,17,15,2,2026-03-10 09:53:55.833,9,9,0,2026-03-10 09:54:02.000,33,31,2,2026-03-10 09:53:55.923,26,26,0,2026-03-10 09:53:55.923,0,0,0,2026-03-10 09:53:55.980,0,0,0,2026-03-10 10:00:05.953,2026-03-10 10:00:05.953,0,NULL,2026-03-10 10:00:06.167,396,396,0,RE-Report
26-018274,2026-03-10 09:55:59.000,11,TUE,10,9,B,DAY,EARLY,POLICE,DISORDERLY CONDUCT,2,E-911,"BRYANT, THEO","FLOURNOY, ERICKA",2026-03-10 09:55:57.000,2026-03-10 09:58:00.000,2026-03-10 09:56:52.000,55,53,2,2026-03-10 10:01:24.337,272,272,0,2026-03-10 09:57:26.000,89,87,2,2026-03-10 10:01:30.867,327,327,0,2026-03-10 10:01:30.867,6,6,0,NULL,NULL,-9999,NULL,NULL,2026-03-10 10:05:38.000,0,NULL,NULL,581,581,0,NR-No Report
26-005965,2026-03-10 09:57:47.000,11,TUE,10,9,B,DAY,EARLY,EMS,CHEST PAIN ALS 1,1,E-911,"PEREZ, CARLOS","COOPER, KAKILA",2026-03-10 09:57:46.000,2026-03-10 09:59:26.000,2026-03-10 09:58:48.000,62,61,1,2026-03-10 09:58:51.887,3,3,0,2026-03-10 10:02:01.000,255,254,1,2026-03-10 09:59:52.603,65,65,0,2026-03-10 09:59:52.603,61,60,1,2026-03-10 10:08:00.687,488,488,0,2026-03-10 10:04:38.283,2026-03-10 11:46:01.040,0,NULL,2026-03-10 11:46:01.113,6495,6495,0,UNDEFINED
26-018275,2026-03-10 10:02:13.000,11,TUE,10,10,B,DAY,MIDS,POLICE,TRAFFIC STOP,2,OFFICER,"PAULINO, GUSTAVO A",NULL,2026-03-10 10:02:13.000,2026-03-10 10:02:27.000,2026-03-10 10:02:13.000,0,0,0,2026-03-10 10:02:13.000,0,0,0,2026-03-10 10:02:13.000,0,NULL,0,2026-03-10 10:02:13.000,0,0,0,2026-03-10 10:02:13.000,0,0,0,2026-03-10 10:02:13.000,0,0,0,2026-03-10 10:06:22.007,2026-03-10 10:06:22.007,0,NULL,2026-03-10 10:06:22.083,249,249,0,NR-No Report
26-018277,2026-03-10 10:05:20.000,11,TUE,10,10,B,DAY,MIDS,POLICE,POLICE INFORMATION,4,Phone,"PICKERAL, LAUREN","PICKERAL, LAUREN",2026-03-10 10:05:19.000,2026-03-10 10:05:47.000,2026-03-10 10:05:39.000,20,19,1,2026-03-10 10:05:54.357,15,15,0,2026-03-10 10:06:01.000,42,41,1,2026-03-10 10:05:54.550,35,35,0,2026-03-10 10:05:54.550,0,0,0,2026-03-10 10:05:54.633,0,0,0,2026-03-10 10:09:31.140,2026-03-10 10:09:31.140,0,NULL,2026-03-10 10:09:31.177,252,252,0,RE-Report
26-018278,2026-03-10 10:06:11.000,11,TUE,10,10,B,DAY,MIDS,POLICE,DISORDERLY CONDUCT,2,Phone,"PICKERAL, LAUREN","WALKER, JUANITA",2026-03-10 10:06:10.000,2026-03-10 10:12:20.000,2026-03-10 10:06:41.000,31,30,1,2026-03-10 10:12:31.470,350,350,0,2026-03-10 10:07:19.000,69,68,1,2026-03-10 10:12:35.433,381,381,0,2026-03-10 10:12:35.433,4,3,1,2026-03-10 10:18:53.633,378,378,0,2026-03-10 10:51:38.807,2026-03-10 10:59:14.680,0,NULL,2026-03-10 10:59:15.250,3184,3184,0,NR-No Report
26-018279,2026-03-10 10:06:27.000,11,TUE,10,10,B,DAY,MIDS,POLICE,RUNAWAY NOT ON SCENE,2,Phone,"GARCIA, VILMA",NULL,2026-03-10 10:06:26.000,2026-03-10 10:16:58.000,2026-03-10 10:15:34.000,548,547,1,2026-03-10 11:14:49.217,3555,3555,0,2026-03-10 10:17:54.000,688,687,1,2026-03-10 11:15:27.733,4103,4103,0,2026-03-10 11:15:27.733,38,38,0,2026-03-10 11:24:26.240,539,538,1,2026-03-10 11:39:20.663,2026-03-10 17:37:18.670,0,NULL,2026-03-10 17:37:18.710,27052,27052,0,RE-Report
26-005966,2026-03-10 10:12:14.000,11,TUE,10,10,B,DAY,MIDS,FIRE,FIRE ALARM,3,Phone,"MAIORIELLO, BERMARI",Automatic Dispatch,2026-03-10 10:12:12.000,2026-03-10 10:14:30.000,2026-03-10 10:13:24.000,72,70,2,2026-03-10 10:13:26.560,2,2,0,2026-03-10 10:14:15.000,123,121,2,2026-03-10 10:14:16.263,74,74,0,2026-03-10 10:14:16.263,50,49,1,2026-03-10 10:17:01.577,165,165,0,2026-03-10 10:26:34.947,2026-03-10 10:26:34.947,0,NULL,2026-03-10 10:26:36.113,862,862,0,UNDEFINED
26-018280,2026-03-10 10:13:22.000,11,TUE,10,10,B,DAY,MIDS,POLICE,FALSE PRETENSE/SWINDLE DELAY,4,Phone,"PATTERSON, JAHAIRA",NULL,2026-03-10 10:13:21.000,2026-03-10 10:18:21.000,2026-03-10 10:16:53.000,212,211,1,2026-03-10 10:53:41.753,2208,2208,0,2026-03-10 15:29:46.000,18985,18984,1,2026-03-10 10:53:46.437,2420,2420,0,2026-03-10 10:53:46.437,5,4,1,2026-03-10 10:59:50.693,364,364,0,2026-03-10 17:43:07.937,2026-03-10 17:43:07.937,0,NULL,2026-03-10 17:43:08.133,26986,26986,0,RE-Report
26-018281,2026-03-10 10:21:34.000,11,TUE,10,10,B,DAY,MIDS,POLICE,MENTAL HEALTH CASE,2,E-911,"BRYANT, THEO",NULL,2026-03-10 10:21:32.000,2026-03-10 10:22:35.000,2026-03-10 10:22:30.000,58,56,2,2026-03-10 10:23:49.393,79,79,0,2026-03-10 10:22:50.000,78,76,2,2026-03-10 10:23:53.587,137,137,0,2026-03-10 10:23:53.587,4,4,0,2026-03-10 10:33:56.947,603,603,0,2026-03-10 11:14:34.283,2026-03-10 15:44:22.870,0,NULL,2026-03-10 15:44:22.900,19370,19370,0,RE-Report
26-018283,2026-03-10 10:23:29.000,11,TUE,10,10,B,DAY,MIDS,POLICE,TROUBLE UNKNOWN EMS,2,E-911,"GARCIA, VILMA","WALKER, JUANITA",2026-03-10 10:23:28.000,2026-03-10 10:26:57.000,2026-03-10 10:26:00.000,152,151,1,2026-03-10 10:27:25.753,85,85,0,2026-03-10 10:28:29.000,301,300,1,2026-03-10 10:27:37.507,237,237,0,2026-03-10 10:27:37.507,12,11,1,2026-03-10 10:32:45.733,308,308,0,2026-03-10 10:36:08.390,2026-03-10 10:36:17.000,0,NULL,NULL,769,769,0,NR-No Report
26-018282,2026-03-10 10:24:32.000,11,TUE,10,10,B,DAY,MIDS,POLICE,TRAFFIC STOP,2,OFFICER,"PAULINO, GUSTAVO A",NULL,2026-03-10 10:24:32.000,NULL,2026-03-10 10:24:32.000,0,1,-1,2026-03-10 10:24:32.000,0,0,0,2026-03-10 10:24:32.000,0,NULL,0,2026-03-10 10:24:32.000,0,0,0,2026-03-10 10:24:32.000,0,0,0,2026-03-10 10:24:32.000,0,0,0,2026-03-10 10:29:08.673,2026-03-10 10:29:08.673,0,NULL,2026-03-10 10:29:08.730,276,276,0,NR-No Report
26-005967,2026-03-10 10:26:00.000,11,TUE,10,10,B,DAY,MIDS,EMS,UNKNOWN MEDICAL ALS 1,1,NOT CAPTURED,"GARCIA, VILMA",Automatic Dispatch,2026-03-10 10:26:00.000,2026-03-10 10:26:43.000,2026-03-10 10:26:00.000,0,NULL,0,2026-03-10 10:26:03.033,3,3,0,2026-03-10 10:26:00.000,0,0,0,2026-03-10 10:27:36.307,3,2,1,2026-03-10 10:27:36.307,93,93,0,2026-03-10 10:31:56.357,260,260,0,2026-03-10 10:35:18.853,2026-03-10 10:36:28.123,0,NULL,2026-03-10 10:36:28.380,628,627,1,UNDEFINED
26-018286,2026-03-10 10:26:35.000,11,TUE,10,10,B,DAY,MIDS,POLICE,DISABLED MOTORIST,2,Phone,"PATTERSON, JAHAIRA","WALKER, JUANITA",2026-03-10 10:26:34.000,2026-03-10 10:31:26.000,2026-03-10 10:28:36.000,122,121,1,2026-03-10 10:31:59.973,203,203,0,2026-03-10 10:28:36.000,122,NULL,122,2026-03-10 10:32:08.973,325,325,0,2026-03-10 10:32:08.973,9,8,1,2026-03-10 10:37:50.767,342,341,1,2026-03-10 10:46:05.767,2026-03-10 10:46:05.767,0,NULL,2026-03-10 10:46:06.163,1171,1171,0,NR-No Report
26-018288,2026-03-10 10:28:29.000,11,TUE,10,10,B,DAY,MIDS,POLICE,PARKING COMPLAINT,4,Phone,"BRYANT, THEO",NULL,2026-03-10 10:28:27.000,NULL,2026-03-10 10:31:05.000,158,156,2,2026-03-10 10:55:33.293,1468,1468,0,2026-03-10 10:32:12.000,225,223,2,2026-03-10 10:55:33.293,1626,1626,0,2026-03-10 10:55:33.293,0,0,0,2026-03-10 11:02:38.690,425,425,0,2026-03-10 11:26:54.353,2026-03-10 11:26:54.353,0,NULL,2026-03-10 11:26:54.633,3507,3507,0,NR-No Report
26-005968,2026-03-10 10:36:49.000,11,TUE,10,10,B,DAY,MIDS,EMS,UNCONSCIOUS ALS 2,1,E-911,"PEREZ, CARLOS",Automatic Dispatch,2026-03-10 10:36:49.000,2026-03-10 10:39:24.000,2026-03-10 10:38:07.000,78,78,0,2026-03-10 10:38:11.113,4,4,0,2026-03-10 10:41:50.000,301,301,0,2026-03-10 10:38:42.430,82,82,0,2026-03-10 10:38:42.430,31,31,0,2026-03-10 10:43:32.743,290,290,0,2026-03-10 11:01:18.990,2026-03-10 11:57:44.457,0,NULL,2026-03-10 11:57:44.927,4855,4855,0,UNDEFINED
26-018295,2026-03-10 10:47:59.000,11,TUE,10,10,B,DAY,MIDS,POLICE,PARKING COMPLAINT,4,Phone,"LAWRENCE, MEGAN",NULL,2026-03-10 10:47:57.000,2026-03-10 10:48:49.000,2026-03-10 10:48:41.000,44,42,2,2026-03-10 12:22:57.483,5656,5656,0,2026-03-10 10:50:40.000,163,161,2,2026-03-10 12:22:57.483,5700,5700,0,2026-03-10 12:22:57.483,0,0,0,NULL,NULL,-9999,NULL,2026-03-10 12:24:01.203,2026-03-10 12:24:01.203,0,NULL,2026-03-10 12:24:02.493,5764,5764,0,NR-No Report
26-018296,2026-03-10 10:48:19.000,11,TUE,10,10,B,DAY,MIDS,POLICE,SUSPICIOUS EVENT,4,Phone,"BRYANT, THEO",NULL,2026-03-10 10:48:17.000,2026-03-10 10:52:51.000,2026-03-10 10:50:52.000,155,153,2,2026-03-10 10:55:28.843,276,276,0,2026-03-10 10:54:06.000,349,347,2,2026-03-10 10:55:28.843,431,431,0,2026-03-10 10:55:28.843,0,0,0,NULL,NULL,-9999,NULL,2026-03-10 11:47:01.447,2026-03-10 11:47:01.447,0,NULL,2026-03-10 11:47:01.570,3524,3524,0,NR-No Report
26-005969,2026-03-10 10:51:49.000,11,TUE,10,10,B,DAY,MIDS,EMS,FALL BLS,3,E-911,"PEREZ, CARLOS",Automatic Dispatch,2026-03-10 10:51:48.000,2026-03-10 10:54:21.000,2026-03-10 10:52:55.000,67,66,1,2026-03-10 10:52:58.123,3,3,0,2026-03-10 10:58:58.000,430,429,1,2026-03-10 10:53:58.520,70,70,0,2026-03-10 10:53:58.520,60,60,0,2026-03-10 11:12:57.780,1139,1139,0,2026-03-10 11:50:06.967,2026-03-10 11:50:06.967,0,NULL,2026-03-10 11:50:07.083,3498,3498,0,UNDEFINED
26-018298,2026-03-10 10:52:45.000,11,TUE,10,10,B,DAY,MIDS,POLICE,MENTAL HEALTH CASE,2,Phone,"LAWRENCE, MEGAN",NULL,2026-03-10 10:52:43.000,2026-03-10 10:53:49.000,2026-03-10 10:53:18.000,35,33,2,2026-03-10 10:55:24.937,126,126,0,2026-03-10 10:55:01.000,138,136,2,2026-03-10 10:55:33.880,161,161,0,2026-03-10 10:55:33.880,9,8,1,2026-03-10 11:23:14.480,1661,1660,1,2026-03-10 12:20:14.757,2026-03-10 21:49:05.463,0,NULL,2026-03-10 21:49:05.713,39382,39382,0,RE-Report
26-005970,2026-03-10 10:55:12.687,11,TUE,10,10,B,DAY,MIDS,FIRE,MUTUAL ODOR OF SMOKE,1,C2C,CAD to CAD Service 1,CAD to CAD Service 1,2026-03-10 10:53:39.000,NULL,2026-03-10 10:55:13.610,94,0,94,2026-03-10 10:55:13.687,0,0,0,NULL,NULL,NULL,NULL,2026-03-10 10:55:47.470,94,116,-22,2026-03-10 10:55:47.470,34,33,1,2026-03-10 11:03:18.187,451,450,1,2026-03-10 11:06:16.653,2026-03-10 11:49:02.823,0,NULL,2026-03-10 11:49:02.900,3323,3323,0,CAD2CAD
26-018299,2026-03-10 10:58:33.000,11,TUE,10,10,B,DAY,MIDS,POLICE,CIVIL PROCESS EVICTION,4,Radio,"WALKER, JUANITA","WALKER, JUANITA",2026-03-10 10:58:33.000,2026-03-10 10:58:39.473,2026-03-10 10:58:33.000,0,0,0,2026-03-10 10:58:33.000,0,0,0,2026-03-10 10:58:33.000,0,0,0,2026-03-10 11:04:14.030,0,0,0,2026-03-10 10:58:33.000,0,0,0,2026-03-10 10:58:33.000,0,0,0,2026-03-10 11:07:58.337,2026-03-10 11:09:54.497,0,NULL,2026-03-10 11:09:54.790,681,681,0,RE-Report
26-005971,2026-03-10 11:02:29.373,11,TUE,10,11,B,DAY,MIDS,EMS,MUTUAL ALS,1,C2C,CAD to CAD Service 1,CAD to CAD Service 1,2026-03-10 10:58:54.000,NULL,2026-03-10 11:02:31.877,217,0,217,2026-03-10 11:02:32.080,1,0,1,NULL,NULL,NULL,NULL,2026-03-10 11:03:18.227,218,-9999,10217,2026-03-10 11:03:18.227,46,46,0,2026-03-10 11:07:57.287,279,279,0,2026-03-10 11:18:20.677,2026-03-10 11:22:43.437,0,NULL,2026-03-10 11:22:44.343,1429,1429,0,UNDEFINED
26-018302,2026-03-10 11:08:17.000,11,TUE,10,11,B,DAY,MIDS,POLICE,TRAFFIC STOP,2,OFFICER,"HAMED, HOSSAM R",NULL,2026-03-10 11:08:17.000,2026-03-10 11:08:30.000,2026-03-10 11:08:17.000,0,1,-1,2026-03-10 11:08:17.000,0,0,0,2026-03-10 11:08:17.000,0,NULL,0,2026-03-10 11:08:17.000,0,0,0,2026-03-10 11:08:17.000,0,0,0,2026-03-10 11:08:17.000,0,0,0,2026-03-10 11:16:10.297,2026-03-10 11:16:10.297,0,NULL,2026-03-10 11:16:10.340,473,473,0,CI-Citation
26-018304,2026-03-10 11:18:07.000,11,TUE,10,11,B,DAY,MIDS,POLICE,ABANDONED AUTO,4,Phone,"BRYANT, THEO","WELCH, KIMBERLY",2026-03-10 11:18:05.000,2026-03-10 12:20:24.000,2026-03-10 11:20:04.000,119,117,2,2026-03-10 12:31:10.180,4266,4266,0,2026-03-10 11:20:09.000,124,122,2,2026-03-10 12:35:07.803,4385,4385,0,2026-03-10 12:35:07.803,237,237,0,2026-03-10 12:44:08.347,541,540,1,2026-03-10 12:52:38.253,2026-03-10 12:52:38.253,0,NULL,2026-03-10 12:52:38.363,5673,5673,0,NR-No Report
26-018305,2026-03-10 11:23:10.000,11,TUE,10,11,B,DAY,MIDS,POLICE,DOMESTIC VIOL NO INJ,2,E-911,"PEREZ, CARLOS","WALKER, JUANITA",2026-03-10 11:23:10.000,2026-03-10 11:26:37.000,2026-03-10 11:24:21.000,71,71,0,2026-03-10 11:29:28.403,307,307,0,2026-03-10 11:28:17.000,307,307,0,2026-03-10 11:30:06.693,378,378,0,2026-03-10 11:30:06.693,38,4,34,2026-03-10 11:50:36.383,1230,1229,1,2026-03-10 12:35:31.247,2026-03-10 12:36:56.760,0,NULL,2026-03-10 12:36:56.900,4426,4426,0,NR-No Report
26-005972,2026-03-10 11:25:28.873,11,TUE,10,11,B,DAY,MIDS,EMS,MUTUAL ALS,1,C2C,CAD to CAD Service 1,CAD to CAD Service 1,2026-03-10 11:25:08.000,NULL,2026-03-10 11:25:31.797,23,0,23,2026-03-10 11:25:32.280,1,0,1,NULL,NULL,NULL,NULL,2026-03-10 11:26:06.547,24,37,-13,2026-03-10 11:26:06.547,34,34,0,2026-03-10 11:30:04.497,238,237,1,2026-03-10 11:47:00.440,2026-03-10 12:37:48.817,0,NULL,2026-03-10 12:37:48.927,4360,4360,0,UNDEFINED
26-018306,2026-03-10 11:25:47.000,11,TUE,10,11,B,DAY,MIDS,POLICE,LARCENY COMMERCIAL DELAY,4,Phone,"LAWRENCE, MEGAN","WELCH, KIMBERLY",2026-03-10 11:25:46.000,2026-03-10 11:28:06.000,2026-03-10 11:27:27.000,101,100,1,2026-03-10 13:09:33.720,6126,6126,0,2026-03-10 11:35:37.000,591,590,1,2026-03-10 13:10:15.620,6227,6227,0,2026-03-10 13:10:15.620,42,41,1,NULL,NULL,-9999,NULL,2026-03-10 13:11:56.970,2026-03-10 13:31:11.677,0,NULL,2026-03-10 13:31:11.780,7525,7525,0,NR-No Report
26-005973,2026-03-10 11:31:37.347,11,TUE,10,11,B,DAY,MIDS,FIRE,MUTUAL ODOR OF SMOKE,1,C2C,CAD to CAD Service 1,CAD to CAD Service 1,2026-03-10 11:29:43.000,NULL,2026-03-10 11:31:38.063,115,0,115,2026-03-10 11:31:38.110,0,0,0,NULL,NULL,NULL,NULL,2026-03-10 11:32:29.753,115,128,-13,2026-03-10 11:32:29.753,51,51,0,2026-03-10 11:40:05.557,456,455,1,2026-03-10 11:44:56.557,2026-03-10 11:48:06.367,0,NULL,2026-03-10 11:48:06.443,1103,1103,0,CAD2CAD
26-018310,2026-03-10 11:33:24.000,11,TUE,10,11,B,DAY,MIDS,POLICE,ASSIST CITIZEN DELAY,4,E-911,"GARCIA, VILMA","WELCH, KIMBERLY",2026-03-10 11:33:24.000,2026-03-10 11:42:42.000,2026-03-10 11:38:17.000,293,293,0,2026-03-10 12:27:24.880,2947,2947,0,2026-03-10 11:39:35.000,371,371,0,2026-03-10 12:27:46.477,3240,3240,0,2026-03-10 12:27:46.477,22,21,1,2026-03-10 12:43:46.060,960,959,1,2026-03-10 13:12:49.060,2026-03-10 13:12:49.060,0,NULL,2026-03-10 13:12:49.230,5965,5965,0,NR-No Report
26-018309,2026-03-10 11:34:02.000,11,TUE,10,11,B,DAY,MIDS,POLICE,TROUBLE UNKNOWN EMS,2,E-911,"PEREZ, CARLOS","WALKER, JUANITA",2026-03-10 11:34:00.000,2026-03-10 11:47:25.000,2026-03-10 11:36:20.000,140,138,2,2026-03-10 11:41:43.743,323,323,0,2026-03-10 11:37:52.000,232,230,2,2026-03-10 11:41:57.033,463,463,0,2026-03-10 11:41:57.033,14,13,1,NULL,NULL,-9999,NULL,2026-03-10 11:42:09.093,2026-03-10 11:47:59.000,0,NULL,NULL,839,839,0,NR-No Report
26-005974,2026-03-10 11:34:54.000,11,TUE,10,11,B,DAY,MIDS,EMS,BLS EMERGENCY,3,E-911,"BRYANT, THEO",Automatic Dispatch,2026-03-10 11:34:52.000,2026-03-10 11:37:07.000,2026-03-10 11:36:00.000,68,66,2,2026-03-10 11:36:04.273,4,4,0,2026-03-10 11:37:01.000,129,127,2,2026-03-10 11:37:48.690,72,72,0,2026-03-10 11:37:48.690,104,104,0,2026-03-10 11:42:14.423,266,265,1,2026-03-10 12:20:19.897,2026-03-10 12:20:19.897,0,NULL,2026-03-10 12:20:20.113,2727,2727,0,UNDEFINED
26-018308,2026-03-10 11:35:29.000,11,TUE,10,11,B,DAY,MIDS,POLICE,CIVIL PROCESS EVICTION,4,Radio,"WALKER, JUANITA","WALKER, JUANITA",2026-03-10 11:35:29.000,2026-03-10 11:35:37.967,2026-03-10 11:35:29.000,0,0,0,2026-03-10 11:35:29.000,0,0,0,2026-03-10 11:35:29.000,0,0,0,2026-03-10 11:35:50.183,0,0,0,2026-03-10 11:35:29.000,0,0,0,2026-03-10 11:35:29.000,0,0,0,2026-03-10 11:54:06.470,2026-03-10 13:12:49.000,0,NULL,NULL,5840,5840,0,NR-No Report
26-005975,2026-03-10 11:36:21.000,11,TUE,10,11,B,DAY,MIDS,EMS,UNKNOWN MEDICAL ALS 1,1,NOT CAPTURED,"PEREZ, CARLOS",Automatic Dispatch,2026-03-10 11:36:21.000,2026-03-10 11:37:48.000,2026-03-10 11:36:21.000,0,NULL,0,2026-03-10 11:36:23.930,2,2,0,2026-03-10 11:36:21.000,0,0,0,2026-03-10 11:37:17.810,2,2,0,2026-03-10 11:37:17.810,54,53,1,2026-03-10 11:41:03.020,226,225,1,2026-03-10 11:41:45.777,2026-03-10 11:41:53.287,0,NULL,2026-03-10 11:41:53.543,332,332,0,UNDEFINED
26-018311,2026-03-10 11:38:27.000,11,TUE,10,11,B,DAY,MIDS,POLICE,TROUBLE UNKNOWN NO EMS,2,Phone,"PEREZ, CARLOS","WALKER, JUANITA",2026-03-10 11:38:26.000,2026-03-10 11:42:22.000,2026-03-10 11:40:06.000,100,99,1,2026-03-10 11:42:38.637,152,152,0,2026-03-10 11:41:06.000,160,159,1,2026-03-10 11:42:51.920,252,252,0,2026-03-10 11:42:51.920,13,13,0,2026-03-10 11:49:13.373,382,381,1,2026-03-10 11:52:39.860,2026-03-10 11:53:00.783,0,NULL,2026-03-10 11:53:00.963,874,874,0,NR-No Report
26-018313,2026-03-10 11:50:08.000,11,TUE,10,11,B,DAY,MIDS,POLICE,DISORDERLY CONDUCT,2,Phone,"PICKERAL, LAUREN","WELCH, KIMBERLY",2026-03-10 11:50:07.000,2026-03-10 11:51:45.000,2026-03-10 11:51:26.000,79,78,1,2026-03-10 12:16:24.157,1498,1498,0,2026-03-10 11:52:16.000,129,128,1,2026-03-10 12:16:27.270,1577,1577,0,2026-03-10 12:16:27.270,3,3,0,2026-03-10 12:20:58.970,271,271,0,2026-03-10 12:23:42.503,2026-03-10 12:26:25.087,0,NULL,2026-03-10 12:26:25.220,2178,2178,0,NR-No Report
26-018314,2026-03-10 11:50:31.000,11,TUE,10,11,B,DAY,MIDS,POLICE,DISORDERLY CONDUCT,2,Phone,"BRYANT, THEO","WELCH, KIMBERLY",2026-03-10 11:50:29.000,2026-03-10 11:53:05.000,2026-03-10 11:52:48.000,139,137,2,2026-03-10 11:55:00.997,132,132,0,2026-03-10 11:53:07.000,158,156,2,2026-03-10 11:57:25.877,271,271,0,2026-03-10 11:57:25.877,145,144,1,2026-03-10 12:00:39.717,194,193,1,2026-03-10 12:00:51.560,2026-03-10 12:15:59.213,0,NULL,2026-03-10 12:15:59.263,1530,1530,0,NR-No Report
26-018315,2026-03-10 11:54:29.000,11,TUE,10,11,B,DAY,MIDS,POLICE,POLICE INFORMATION,4,Phone,"LAWRENCE, MEGAN","LAWRENCE, MEGAN",2026-03-10 11:54:27.000,2026-03-10 11:55:08.040,2026-03-10 11:54:45.000,18,16,2,2026-03-10 11:55:07.910,22,22,0,2026-03-10 11:55:25.000,58,56,2,2026-03-10 11:55:36.803,40,40,0,2026-03-10 11:55:36.803,29,28,1,2026-03-10 11:55:36.803,0,0,0,2026-03-10 12:05:52.723,2026-03-10 12:05:52.723,0,NULL,2026-03-10 12:05:52.813,685,685,0,RE-Report
26-005976,2026-03-10 11:55:53.000,11,TUE,10,11,B,DAY,MIDS,FIRE,FIRE ALARM,3,Phone,"LAWRENCE, MEGAN",Automatic Dispatch,2026-03-10 11:55:51.000,2026-03-10 11:58:24.000,2026-03-10 11:56:29.000,38,36,2,2026-03-10 11:56:31.650,2,2,0,2026-03-10 11:58:48.000,177,175,2,2026-03-10 11:57:53.737,40,40,0,2026-03-10 11:57:53.737,82,82,0,2026-03-10 12:01:14.340,201,200,1,2026-03-10 12:21:27.127,2026-03-10 12:21:27.127,0,NULL,2026-03-10 12:21:27.747,1536,1536,0,UNDEFINED
26-018316,2026-03-10 11:57:07.000,11,TUE,10,11,B,DAY,MIDS,POLICE,ASSIST CITIZEN DELAY,4,Radio,"WALKER, JUANITA","WELCH, KIMBERLY",2026-03-10 11:57:07.000,2026-03-10 11:57:16.000,2026-03-10 11:57:07.000,0,0,0,2026-03-10 11:57:07.000,0,0,0,2026-03-10 11:57:07.000,0,0,0,2026-03-10 11:58:44.467,0,0,0,2026-03-10 11:57:07.000,0,0,0,2026-03-10 11:57:07.000,0,0,0,2026-03-10 12:02:41.910,2026-03-10 12:10:49.463,0,NULL,2026-03-10 12:10:49.500,822,822,0,NR-No Report
26-005977,2026-03-10 11:58:56.110,11,TUE,10,11,B,DAY,MIDS,EMS,SEIZURE ALS 1,1,NOT CAPTURED,"WALKER, JUANITA",Automatic Dispatch,2026-03-10 11:58:56.110,2026-03-10 12:00:22.000,2026-03-10 11:58:56.110,0,0,0,2026-03-10 11:58:58.853,2,2,0,2026-03-10 11:58:56.110,0,NULL,0,2026-03-10 11:59:45.040,2,2,0,2026-03-10 11:59:45.040,47,46,1,2026-03-10 12:02:39.617,174,174,0,2026-03-10 12:16:26.080,2026-03-10 13:03:28.410,0,NULL,2026-03-10 13:03:28.937,3872,3872,0,UNDEFINED
26-018318,2026-03-10 12:03:33.000,11,TUE,10,12,B,DAY,MIDS,POLICE,SEXUAL OFFENSE IN PROG,1,E-911,"GARCIA, VILMA",NULL,2026-03-10 12:03:32.000,2026-03-10 12:05:28.000,2026-03-10 12:05:24.000,112,111,1,2026-03-10 12:06:06.513,42,42,0,2026-03-10 12:11:23.000,471,470,1,2026-03-10 12:06:06.513,154,154,0,2026-03-10 12:06:06.513,0,0,0,2026-03-10 12:11:03.583,297,297,0,2026-03-10 12:49:43.663,2026-03-10 21:16:14.373,0,NULL,2026-03-10 21:16:14.523,33162,33162,0,NR-No Report
26-005978,2026-03-10 12:05:25.000,11,TUE,10,12,B,DAY,MIDS,EMS,ABDOMINAL PAIN BLS,3,E-911,"PEREZ, CARLOS",Automatic Dispatch,2026-03-10 12:05:24.000,2026-03-10 12:07:21.000,2026-03-10 12:06:10.000,46,45,1,2026-03-10 12:06:13.900,3,3,0,2026-03-10 12:09:00.000,216,215,1,2026-03-10 12:07:13.757,49,49,0,2026-03-10 12:07:13.757,60,59,1,2026-03-10 12:15:29.790,496,496,0,2026-03-10 12:58:10.230,2026-03-10 12:58:10.230,0,NULL,2026-03-10 12:58:10.410,3166,3166,0,UNDEFINED
26-005979,2026-03-10 12:05:40.000,11,TUE,10,12,B,DAY,MIDS,FIRE,FIRE ALARM,3,Phone,"MAIORIELLO, BERMARI",Automatic Dispatch,2026-03-10 12:05:39.000,2026-03-10 12:07:41.000,2026-03-10 12:06:35.000,56,55,1,2026-03-10 12:06:38.237,3,3,0,2026-03-10 12:07:24.000,105,104,1,2026-03-10 12:08:19.083,59,59,0,2026-03-10 12:08:19.083,101,100,1,2026-03-10 12:12:29.570,250,250,0,2026-03-10 12:25:27.037,2026-03-10 12:25:27.037,0,NULL,2026-03-10 12:25:27.550,1188,1188,0,UNDEFINED
26-005980,2026-03-10 12:06:11.000,11,TUE,10,12,B,DAY,MIDS,EMS,ALTERED LOC ALS 1,1,E-911,"WALKER, JUANITA",Automatic Dispatch,2026-03-10 12:06:09.000,2026-03-10 12:08:57.000,2026-03-10 12:07:13.000,64,62,2,2026-03-10 12:07:15.743,2,2,0,2026-03-10 12:09:27.000,198,196,2,2026-03-10 12:08:04.153,66,66,0,2026-03-10 12:08:04.153,49,48,1,2026-03-10 12:12:14.967,250,250,0,2026-03-10 12:32:19.313,2026-03-10 13:32:00.177,0,NULL,2026-03-10 13:32:00.323,5151,5151,0,UNDEFINED
26-005981,2026-03-10 12:14:53.000,11,TUE,10,12,B,DAY,MIDS,FIRE,ELEVATOR,3,Phone,"MAIORIELLO, BERMARI","FLOURNOY, ERICKA",2026-03-10 12:14:51.000,2026-03-10 12:17:56.747,2026-03-10 12:15:22.000,31,29,2,2026-03-10 12:15:24.533,2,2,0,2026-03-10 12:17:48.000,177,175,2,2026-03-10 12:17:28.227,33,33,0,2026-03-10 12:17:28.227,124,123,1,2026-03-10 12:21:06.760,218,218,0,2026-03-10 12:24:03.193,2026-03-10 12:25:02.130,0,NULL,2026-03-10 12:25:02.193,611,611,0,CAD2CAD
26-018320,2026-03-10 12:15:35.000,11,TUE,10,12,B,DAY,MIDS,POLICE,PARKING COMPLAINT,4,Phone,"PEREZ, CARLOS",NULL,2026-03-10 12:15:32.000,NULL,2026-03-10 12:16:27.000,55,52,3,2026-03-10 12:24:45.000,498,497,1,2026-03-10 12:16:39.000,67,64,3,2026-03-10 12:24:45.000,553,552,1,2026-03-10 12:24:45.000,0,-9999,9999,2026-03-10 12:42:46.350,1081,1081,0,2026-03-10 12:56:47.680,2026-03-10 12:56:47.680,0,NULL,2026-03-10 12:56:48.070,2475,2475,0,CI-Citation
26-018322,2026-03-10 12:26:36.000,11,TUE,10,12,B,DAY,MIDS,POLICE,ASSIST CITIZEN DELAY,4,Phone,"GARCIA, VILMA","WELCH, KIMBERLY",2026-03-10 12:26:36.000,2026-03-10 12:28:35.000,2026-03-10 12:28:14.000,98,98,0,2026-03-10 12:28:51.333,37,37,0,2026-03-10 12:28:44.000,128,128,0,2026-03-10 12:28:56.110,135,135,0,2026-03-10 12:28:56.110,5,4,1,2026-03-10 12:42:19.763,803,803,0,2026-03-10 17:09:09.890,2026-03-10 17:09:09.890,0,NULL,2026-03-10 17:09:09.950,16953,16953,0,NR-No Report
26-018324,2026-03-10 12:29:46.000,11,TUE,10,12,B,DAY,MIDS,POLICE,DISORDERLY CONDUCT,2,E-911,"PERALTA, ANNETTE","WELCH, KIMBERLY",2026-03-10 12:29:44.000,2026-03-10 12:41:46.000,2026-03-10 12:31:28.000,104,102,2,2026-03-10 12:44:59.443,811,811,0,2026-03-10 12:33:02.000,198,196,2,2026-03-10 12:45:03.353,915,915,0,2026-03-10 12:45:03.353,4,3,1,2026-03-10 12:58:33.600,810,810,0,2026-03-10 13:14:17.467,2026-03-10 13:15:03.137,0,NULL,2026-03-10 13:15:03.230,2719,2719,0,NR-No Report
26-018325,2026-03-10 12:30:52.000,11,TUE,10,12,B,DAY,MIDS,POLICE,PUBLIC SERVICE MULTI OFFICER,4,Phone,"MAIORIELLO, BERMARI",NULL,2026-03-10 12:30:50.000,2026-03-10 12:48:48.000,2026-03-10 12:34:07.000,197,195,2,2026-03-10 13:16:33.430,2546,2546,0,2026-03-10 12:35:25.000,275,273,2,2026-03-10 13:16:41.650,2743,2743,0,2026-03-10 13:16:41.650,8,8,0,2026-03-10 13:42:17.503,1536,1535,1,2026-03-10 13:37:42.583,2026-03-10 14:53:56.000,0,NULL,NULL,8586,8586,0,NR-No Report
26-005982,2026-03-10 12:31:51.473,11,TUE,10,12,B,DAY,MIDS,FIRE,MUTUAL GAS LEAK,1,C2C,CAD to CAD Service 1,CAD to CAD Service 1,2026-03-10 12:29:31.000,NULL,2026-03-10 12:31:51.973,140,0,140,2026-03-10 12:31:52.007,1,0,1,NULL,NULL,NULL,NULL,2026-03-10 12:32:30.070,141,253,-112,2026-03-10 12:32:30.070,38,36,2,2026-03-10 12:37:57.940,327,327,0,2026-03-10 12:34:40.490,2026-03-10 12:58:04.207,0,NULL,2026-03-10 12:58:04.317,1713,1713,0,CAD2CAD
26-018326,2026-03-10 12:34:40.000,11,TUE,10,12,B,DAY,MIDS,POLICE,HOME VISIT CHECK,4,Phone,"PICKERAL, LAUREN","PICKERAL, LAUREN",2026-03-10 12:34:38.000,2026-03-10 12:44:58.000,2026-03-10 12:35:13.000,35,33,2,2026-03-10 12:35:27.320,14,14,0,2026-03-10 12:35:33.000,55,53,2,2026-03-10 12:35:27.387,49,49,0,2026-03-10 12:35:27.387,0,0,0,2026-03-10 12:36:53.460,86,86,0,2026-03-10 12:47:29.907,2026-03-10 12:48:37.000,0,NULL,NULL,839,839,0,NR-No Report
26-005983,2026-03-10 12:37:28.247,11,TUE,10,12,B,DAY,MIDS,EMS,MUTUAL ALS,1,C2C,CAD to CAD Service 1,CAD to CAD Service 1,2026-03-10 12:35:56.000,NULL,2026-03-10 12:37:29.950,93,0,93,2026-03-10 12:37:30.060,1,0,1,NULL,NULL,NULL,NULL,2026-03-10 12:37:47.923,94,142,-48,2026-03-10 12:37:47.923,17,0,17,2026-03-10 12:41:43.300,236,235,1,2026-03-10 12:39:27.483,2026-03-10 13:49:48.937,0,NULL,2026-03-10 13:49:49.030,4432,4432,0,CAD2CAD
26-018327,2026-03-10 12:37:44.000,11,TUE,10,12,B,DAY,MIDS,POLICE,TRAFFIC STOP,2,OFFICER,"PAULINO, GUSTAVO A",NULL,2026-03-10 12:37:44.000,2026-03-10 12:37:52.000,2026-03-10 12:37:44.000,0,1,-1,2026-03-10 12:37:44.000,0,0,0,2026-03-10 12:37:44.000,0,NULL,0,2026-03-10 12:37:44.000,0,0,0,2026-03-10 12:37:44.000,0,0,0,2026-03-10 12:37:44.000,0,0,0,2026-03-10 12:42:08.130,2026-03-10 12:42:08.130,0,NULL,2026-03-10 12:42:08.203,264,264,0,CI-Citation
26-005984,2026-03-10 12:47:35.000,11,TUE,10,12,B,DAY,MIDS,EMS,FALL BLS,3,E-911,"PEREZ, CARLOS","FLOURNOY, ERICKA",2026-03-10 12:47:34.000,2026-03-10 12:49:36.000,2026-03-10 12:48:55.000,81,80,1,2026-03-10 12:48:59.613,4,4,0,2026-03-10 12:51:25.000,231,230,1,2026-03-10 12:49:51.503,85,85,0,2026-03-10 12:49:51.503,52,51,1,2026-03-10 12:53:57.037,246,245,1,2026-03-10 12:49:54.547,2026-03-10 14:07:58.543,0,NULL,2026-03-10 14:07:58.590,4824,4824,0,CAD2CAD
26-018328,2026-03-10 12:48:15.000,11,TUE,10,12,B,DAY,MIDS,POLICE,TRAFFIC STOP,2,OFFICER,"PAULINO, GUSTAVO A",NULL,2026-03-10 12:48:15.000,2026-03-10 12:48:58.000,2026-03-10 12:48:15.000,0,1,-1,2026-03-10 12:48:15.000,0,0,0,2026-03-10 12:48:15.000,0,NULL,0,2026-03-10 12:48:15.000,0,0,0,2026-03-10 12:48:15.000,0,0,0,2026-03-10 12:48:15.000,0,0,0,2026-03-10 12:53:50.413,2026-03-10 12:53:50.413,0,NULL,2026-03-10 12:53:50.480,335,335,0,CI-Citation
26-018330,2026-03-10 12:49:42.000,11,TUE,10,12,B,DAY,MIDS,POLICE,TROUBLE UNKNOWN NO EMS,2,E-911,"GARCIA, VILMA","WELCH, KIMBERLY",2026-03-10 12:49:41.000,2026-03-10 12:50:58.000,2026-03-10 12:50:41.000,60,59,1,2026-03-10 12:56:18.943,337,337,0,2026-03-10 12:55:35.000,354,353,1,2026-03-10 12:56:24.213,397,397,0,2026-03-10 12:56:24.213,6,5,1,2026-03-10 13:05:17.917,533,533,0,2026-03-10 12:58:12.183,2026-03-10 15:29:42.630,0,NULL,2026-03-10 15:29:42.733,9601,9601,0,NR-No Report
26-018331,2026-03-10 12:51:42.000,11,TUE,10,12,B,DAY,MIDS,POLICE,SUSPICIOUS EVENT,2,Phone,"MAIORIELLO, BERMARI","WELCH, KIMBERLY",2026-03-10 12:51:40.000,2026-03-10 12:55:39.000,2026-03-10 12:53:06.000,86,84,2,2026-03-10 12:59:06.533,360,360,0,2026-03-10 12:55:39.000,239,237,2,2026-03-10 12:59:50.723,446,446,0,2026-03-10 12:59:50.723,44,4,40,2026-03-10 13:00:13.657,23,22,1,2026-03-10 13:05:17.073,2026-03-10 13:13:29.383,0,NULL,2026-03-10 13:13:29.517,1309,1309,0,NR-No Report
26-005985,2026-03-10 12:53:28.000,11,TUE,10,12,B,DAY,MIDS,EMS,HEART PROBLEMS ALS 1,1,E-911,"WALKER, JUANITA","FLOURNOY, ERICKA",2026-03-10 12:53:27.000,2026-03-10 12:55:18.000,2026-03-10 12:54:21.000,54,53,1,2026-03-10 12:54:24.177,3,3,0,2026-03-10 12:56:49.000,202,201,1,2026-03-10 12:56:16.820,57,57,0,2026-03-10 12:56:16.820,112,112,0,2026-03-10 12:58:36.057,140,139,1,2026-03-10 12:58:03.390,2026-03-10 16:06:23.340,0,NULL,2026-03-10 16:06:23.403,11576,11576,0,CAD2CAD
26-018332,2026-03-10 13:00:27.000,11,TUE,10,13,B,DAY,MIDS,POLICE,TRAFFIC STOP,2,OFFICER,"PAULINO, GUSTAVO A",NULL,2026-03-10 13:00:27.000,2026-03-10 13:00:40.000,2026-03-10 13:00:27.000,0,3,-3,2026-03-10 13:00:27.000,0,0,0,2026-03-10 13:00:27.000,0,NULL,0,2026-03-10 13:00:27.000,0,0,0,2026-03-10 13:00:27.000,0,0,0,2026-03-10 13:00:27.000,0,0,0,2026-03-10 13:05:19.277,2026-03-10 13:05:19.277,0,NULL,2026-03-10 13:05:19.387,292,292,0,CI-Citation
26-005986,2026-03-10 13:02:44.000,11,TUE,10,13,B,DAY,MIDS,EMS,STROKE ALS 2,1,E-911,"WALKER, JUANITA",Automatic Dispatch,2026-03-10 13:02:44.000,2026-03-10 13:04:24.000,2026-03-10 13:03:10.000,26,26,0,2026-03-10 13:03:13.673,3,3,0,2026-03-10 13:07:48.000,304,304,0,2026-03-10 13:04:55.420,29,29,0,2026-03-10 13:04:55.420,102,101,1,2026-03-10 13:06:41.293,106,105,1,2026-03-10 13:19:05.653,2026-03-10 14:34:35.217,0,NULL,2026-03-10 14:34:36.193,5511,5511,0,UNDEFINED
26-018334,2026-03-10 13:11:04.000,11,TUE,10,13,B,DAY,MIDS,POLICE,TRAFFIC STOP,2,OFFICER,"MAYNARD, BRUCE S","WELCH, KIMBERLY",2026-03-10 13:11:04.000,2026-03-10 13:12:08.000,2026-03-10 13:11:04.000,0,1,-1,2026-03-10 13:11:04.000,0,0,0,2026-03-10 13:11:04.000,0,NULL,0,2026-03-10 13:11:04.000,0,0,0,2026-03-10 13:11:04.000,0,0,0,2026-03-10 13:11:04.000,0,0,0,2026-03-10 13:12:33.693,2026-03-10 13:23:07.330,0,NULL,2026-03-10 13:23:07.360,723,723,0,CI-Citation
26-018336,2026-03-10 13:17:06.000,11,TUE,10,13,B,DAY,MIDS,POLICE,ADMINISTRATIVE TASK,2,Phone,"VALENTIN, EMERITA","WELCH, KIMBERLY",2026-03-10 13:17:04.000,2026-03-10 13:20:52.000,2026-03-10 13:19:35.000,151,149,2,2026-03-10 13:21:53.790,138,138,0,2026-03-10 13:20:37.000,213,211,2,2026-03-10 13:22:08.840,289,289,0,2026-03-10 13:22:08.840,15,15,0,2026-03-10 13:35:06.790,778,777,1,2026-03-10 14:22:19.660,2026-03-10 14:22:19.660,0,NULL,2026-03-10 14:22:20.170,3915,3915,0,NR-No Report
26-005987,2026-03-10 13:17:31.000,11,TUE,10,13,B,DAY,MIDS,EMS,STROKE ALS 2,1,E-911,"GARCIA, VILMA",Automatic Dispatch,2026-03-10 13:17:30.000,2026-03-10 13:19:24.000,2026-03-10 13:18:07.000,37,36,1,2026-03-10 13:18:10.827,3,3,0,2026-03-10 13:20:18.000,168,167,1,2026-03-10 13:18:54.733,40,40,0,2026-03-10 13:18:54.733,44,43,1,2026-03-10 13:21:57.440,183,182,1,2026-03-10 13:38:18.103,2026-03-10 14:48:11.660,0,NULL,2026-03-10 14:48:12.173,5441,5441,0,UNDEFINED
26-005988,2026-03-10 13:21:28.000,11,TUE,10,13,B,DAY,MIDS,EMS,ABDOMINAL PAIN BLS,3,E-911,"PERALTA, ANNETTE",Automatic Dispatch,2026-03-10 13:21:26.000,2026-03-10 13:24:26.000,2026-03-10 13:23:43.000,137,135,2,2026-03-10 13:23:45.750,2,2,0,2026-03-10 13:26:39.000,313,311,2,2026-03-10 13:24:41.093,139,139,0,2026-03-10 13:24:41.093,56,55,1,2026-03-10 13:33:12.823,511,511,0,2026-03-10 14:27:58.293,2026-03-10 14:27:58.293,0,NULL,2026-03-10 14:27:58.457,3992,3992,0,UNDEFINED
26-018337,2026-03-10 13:22:31.000,11,TUE,10,13,B,DAY,MIDS,POLICE,POLICE INFORMATION,4,Phone,"VALENTIN, EMERITA","VALENTIN, EMERITA",2026-03-10 13:22:29.000,NULL,2026-03-10 13:22:47.000,18,16,2,2026-03-10 13:22:52.923,5,5,0,2026-03-10 13:23:03.000,34,32,2,2026-03-10 13:22:53.027,23,23,0,2026-03-10 13:22:53.027,1,0,1,2026-03-10 13:22:53.090,0,0,0,2026-03-10 13:27:36.233,2026-03-10 13:27:36.233,0,NULL,2026-03-10 13:27:36.240,307,307,0,RE-Report
26-005990,2026-03-10 13:27:55.000,11,TUE,10,13,B,DAY,MIDS,FIRE,FIRE ALARM,3,E-911,"COOPER, KAKILA",Automatic Dispatch,2026-03-10 13:27:52.000,2026-03-10 13:31:36.000,2026-03-10 13:29:51.000,119,116,3,2026-03-10 13:29:53.450,2,2,0,2026-03-10 13:32:28.000,276,273,3,2026-03-10 13:30:55.777,121,121,0,2026-03-10 13:30:55.777,62,62,0,2026-03-10 13:36:49.263,354,353,1,2026-03-10 13:57:01.160,2026-03-10 13:57:01.160,0,NULL,2026-03-10 13:57:01.990,1749,1749,0,UNDEFINED
26-018341,2026-03-10 13:29:02.000,11,TUE,10,13,B,DAY,MIDS,POLICE,DISORDERLY CONDUCT,2,E-911,"WALKER, JUANITA","WELCH, KIMBERLY",2026-03-10 13:29:01.000,2026-03-10 13:32:15.000,2026-03-10 13:32:01.000,180,179,1,2026-03-10 13:44:04.667,723,723,0,2026-03-10 13:32:10.000,189,188,1,2026-03-10 13:47:14.080,903,903,0,2026-03-10 13:47:14.080,190,189,1,2026-03-10 14:02:26.823,912,912,0,NULL,2026-03-10 14:06:28.000,0,NULL,NULL,2247,2247,0,NR-No Report
26-018339,2026-03-10 13:29:56.000,11,TUE,10,13,B,DAY,MIDS,POLICE,HOME VISIT CHECK,4,Phone,"LAWRENCE, MEGAN",NULL,2026-03-10 13:29:56.000,2026-03-10 13:30:02.000,2026-03-10 13:29:56.000,0,0,0,2026-03-10 13:29:56.000,0,0,0,2026-03-10 13:29:56.000,0,0,0,2026-03-10 13:54:15.483,0,0,0,2026-03-10 13:29:56.000,0,0,0,2026-03-10 13:29:56.000,0,0,0,2026-03-10 13:52:34.193,2026-03-10 13:56:59.000,0,NULL,NULL,1623,1623,0,NR-No Report
26-005991,2026-03-10 13:30:33.000,11,TUE,10,13,B,DAY,MIDS,EMS,FALL BLS,3,Phone,"VALENTIN, EMERITA",Automatic Dispatch,2026-03-10 13:30:31.000,2026-03-10 13:32:31.000,2026-03-10 13:31:25.000,54,52,2,2026-03-10 13:31:27.863,2,2,0,2026-03-10 13:33:34.000,183,181,2,2026-03-10 13:33:01.723,56,56,0,2026-03-10 13:33:01.723,94,93,1,2026-03-10 13:38:47.027,346,345,1,2026-03-10 13:53:19.093,2026-03-10 13:53:19.093,0,NULL,2026-03-10 13:53:19.357,1368,1368,0,CAD2CAD
26-018340,2026-03-10 13:31:12.000,11,TUE,10,13,B,DAY,MIDS,POLICE,PUBLIC SERVICE MULTI OFFICER,2,Phone,"LAWRENCE, MEGAN",NULL,2026-03-10 13:31:10.000,2026-03-10 13:32:16.000,2026-03-10 13:31:45.000,35,33,2,2026-03-10 14:19:06.840,2841,2841,0,2026-03-10 13:36:22.000,312,310,2,2026-03-10 14:19:11.190,2876,2876,0,2026-03-10 14:19:11.190,5,4,1,2026-03-10 14:28:31.493,560,560,0,2026-03-10 14:20:03.057,2026-03-10 19:13:09.160,0,NULL,2026-03-10 19:13:09.380,20519,20519,0,RE-Report
26-005992,2026-03-10 13:32:06.777,11,TUE,10,13,B,DAY,MIDS,EMS,MUTUAL BLS,1,C2C,CAD to CAD Service 1,CAD to CAD Service 1,2026-03-10 13:31:13.000,NULL,2026-03-10 13:32:07.603,54,0,54,2026-03-10 13:32:07.713,0,0,0,NULL,NULL,NULL,NULL,2026-03-10 13:32:37.313,54,-9999,10053,2026-03-10 13:32:37.313,30,29,1,2026-03-10 13:41:45.330,548,548,0,2026-03-10 14:34:58.010,2026-03-10 14:34:58.010,0,NULL,2026-03-10 14:34:58.443,3825,3825,0,UNDEFINED
26-005993,2026-03-10 13:32:11.000,11,TUE,10,13,B,DAY,MIDS,EMS,ABDOMINAL PAIN BLS,3,E-911,"PEREZ, CARLOS",Automatic Dispatch,2026-03-10 13:32:10.000,2026-03-10 13:33:54.000,2026-03-10 13:33:17.000,67,66,1,2026-03-10 13:33:19.527,2,2,0,2026-03-10 13:35:57.000,227,226,1,2026-03-10 13:33:59.497,69,69,0,2026-03-10 13:33:59.497,40,39,1,2026-03-10 13:37:48.067,229,228,1,2026-03-10 14:01:59.563,2026-03-10 14:49:43.350,0,NULL,2026-03-10 14:49:43.410,4653,4653,0,CAD2CAD
26-005994,2026-03-10 13:48:57.000,11,TUE,10,13,B,DAY,MIDS,FIRE,MVC BUS,1,E-911,"COOPER, KAKILA","FLOURNOY, ERICKA",2026-03-10 13:48:57.000,2026-03-10 13:52:44.000,2026-03-10 13:51:54.000,177,177,0,2026-03-10 13:51:57.030,3,3,0,2026-03-10 14:03:45.000,888,888,0,2026-03-10 13:52:43.373,180,180,0,2026-03-10 13:52:43.373,46,46,0,2026-03-10 13:56:56.390,253,253,0,2026-03-10 13:53:17.403,2026-03-10 14:53:01.607,0,NULL,2026-03-10 14:53:02.003,3844,3844,0,UNDEFINED
26-018344,2026-03-10 13:49:10.000,11,TUE,10,13,B,DAY,MIDS,POLICE,PARKING COMPLAINT,4,Phone,"PICKERAL, LAUREN",NULL,2026-03-10 13:49:08.000,2026-03-10 13:56:03.000,2026-03-10 13:50:07.000,59,57,2,2026-03-10 13:55:10.500,303,303,0,2026-03-10 13:51:31.000,143,141,2,2026-03-10 13:55:10.500,362,362,0,2026-03-10 13:55:10.500,0,0,0,2026-03-10 14:02:01.750,411,411,0,2026-03-10 14:35:17.137,2026-03-10 14:35:17.137,0,NULL,2026-03-10 14:35:17.737,2769,2769,0,CI-Citation
26-018345,2026-03-10 13:53:54.317,11,TUE,10,13,B,DAY,MIDS,POLICE,MVC CITY PROPERTY DAMAGE,2,Phone,"COOPER, KAKILA",NULL,2026-03-10 13:53:54.317,2026-03-10 13:58:28.000,2026-03-10 13:53:54.317,0,0,0,2026-03-10 14:32:37.363,2323,2323,0,2026-03-10 13:53:54.317,0,NULL,0,2026-03-10 14:32:40.910,2323,2323,0,2026-03-10 14:32:40.910,3,3,0,2026-03-10 14:47:39.440,899,898,1,2026-03-10 23:24:44.623,2026-03-10 23:24:44.623,0,NULL,2026-03-10 23:24:44.767,34250,34250,0,RE-Report
26-018346,2026-03-10 13:56:05.000,11,TUE,10,13,B,DAY,MIDS,POLICE,HOME VISIT CHECK,4,Phone,"GARCIA, VILMA","GARCIA, VILMA",2026-03-10 13:56:04.000,2026-03-10 13:57:07.000,2026-03-10 13:56:42.000,38,37,1,2026-03-10 13:57:17.943,35,35,0,2026-03-10 13:57:56.000,112,111,1,2026-03-10 13:59:47.987,73,73,0,2026-03-10 13:59:47.987,150,149,1,2026-03-10 13:59:47.987,0,0,0,NULL,2026-03-10 14:32:21.000,0,NULL,NULL,2177,2177,0,NR-No Report
26-018347,2026-03-10 13:57:09.000,11,TUE,10,13,B,DAY,MIDS,POLICE,GLA DELAY,4,Phone,"LAWRENCE, MEGAN",NULL,2026-03-10 13:57:06.000,2026-03-10 14:01:00.000,2026-03-10 13:58:00.000,54,51,3,2026-03-10 14:07:22.877,562,562,0,2026-03-10 14:02:39.000,333,330,3,2026-03-10 14:07:22.877,616,616,0,2026-03-10 14:07:22.877,0,0,0,NULL,NULL,-9999,NULL,2026-03-10 15:07:16.187,2026-03-10 15:07:16.187,0,NULL,2026-03-10 15:07:16.313,4210,4210,0,NR-No Report
26-018349,2026-03-10 14:01:56.000,11,TUE,10,14,B,DAY,LATE,POLICE,DISORDERLY CONDUCT,2,Phone,"GARCIA, VILMA","WALKER, JUANITA",2026-03-10 14:01:54.000,2026-03-10 14:07:03.000,2026-03-10 14:04:01.000,127,125,2,2026-03-10 14:25:04.540,1263,1263,0,2026-03-10 14:05:27.000,213,211,2,2026-03-10 14:25:09.663,1390,1390,0,2026-03-10 14:25:09.663,5,5,0,2026-03-10 14:32:16.767,427,427,0,2026-03-10 14:59:19.337,2026-03-10 15:12:09.147,0,NULL,2026-03-10 15:12:09.200,4215,4215,0,NR-No Report
26-018350,2026-03-10 14:04:59.000,11,TUE,10,14,B,DAY,LATE,POLICE,BURGLARY SHED/OTHER DELAY,4,Phone,"VALENTIN, EMERITA",NULL,2026-03-10 14:04:57.000,2026-03-10 14:08:53.000,2026-03-10 14:07:03.000,126,124,2,2026-03-10 15:13:35.807,3992,3992,0,2026-03-10 14:09:08.000,251,249,2,2026-03-10 15:13:39.757,4118,4118,0,2026-03-10 15:13:39.757,4,3,1,NULL,NULL,-9999,NULL,2026-03-10 17:54:18.487,2026-03-10 17:54:18.487,0,NULL,2026-03-10 17:54:18.573,13761,13761,0,RE-Report
26-018351,2026-03-10 14:08:48.000,11,TUE,10,14,B,DAY,LATE,POLICE,PARKING COMPLAINT,4,Phone,"MAIORIELLO, BERMARI",NULL,2026-03-10 14:08:46.000,NULL,2026-03-10 14:09:48.000,62,60,2,2026-03-10 14:15:40.780,352,352,0,2026-03-10 14:10:35.000,109,107,2,2026-03-10 14:15:40.780,414,414,0,2026-03-10 14:15:40.780,0,-9999,9999,2026-03-10 14:33:04.193,1044,1043,1,2026-03-10 14:36:18.343,2026-03-10 14:36:18.343,0,NULL,2026-03-10 14:36:18.493,1652,1652,0,NR-No Report
26-018352,2026-03-10 14:15:28.000,11,TUE,10,14,B,DAY,LATE,POLICE,OFF DUTY DETAIL,8,OFFICER,"VILLANUEVA, RODNEY M",NULL,2026-03-10 14:15:28.000,2026-03-10 14:16:14.000,2026-03-10 14:15:28.000,0,0,0,2026-03-10 14:15:28.000,0,0,0,2026-03-10 14:15:28.000,0,NULL,0,2026-03-10 14:15:28.000,0,0,0,2026-03-10 14:15:28.000,0,0,0,2026-03-10 14:15:28.000,0,0,0,2026-03-10 15:45:44.007,2026-03-10 15:45:44.007,0,NULL,2026-03-10 15:45:44.057,5416,5416,0,NR-No Report
26-005995,2026-03-10 14:17:11.000,11,TUE,10,14,B,DAY,LATE,EMS,BLS EMERGENCY,3,E-911,"COOPER, KAKILA",Automatic Dispatch,2026-03-10 14:17:11.000,2026-03-10 14:18:47.000,2026-03-10 14:17:37.000,26,26,0,2026-03-10 14:17:40.023,3,3,0,2026-03-10 14:19:54.000,163,163,0,2026-03-10 14:19:19.440,29,29,0,2026-03-10 14:19:19.440,99,99,0,2026-03-10 14:27:34.610,495,495,0,2026-03-10 15:20:14.743,2026-03-10 15:20:14.743,0,NULL,2026-03-10 15:20:14.863,3783,3783,0,UNDEFINED
26-018355,2026-03-10 14:27:14.000,11,TUE,10,14,B,DAY,LATE,POLICE,OFF DUTY DETAIL,8,OFFICER,"JONES, MARCELL L",NULL,2026-03-10 14:27:14.000,2026-03-10 14:28:15.000,2026-03-10 14:27:14.000,0,2,-2,2026-03-10 14:27:14.000,0,0,0,2026-03-10 14:27:14.000,0,NULL,0,2026-03-10 14:27:14.000,0,0,0,2026-03-10 14:27:14.000,0,0,0,2026-03-10 14:27:14.000,0,0,0,2026-03-10 17:31:07.260,2026-03-10 17:31:07.260,0,NULL,2026-03-10 17:31:07.357,11033,11033,0,NR-No Report
26-018361,2026-03-10 14:28:07.000,11,TUE,10,14,B,DAY,LATE,POLICE,SUSPICIOUS EVENT,2,Phone,"COOPER, KAKILA","WALKER, JUANITA",2026-03-10 14:28:06.000,2026-03-10 14:39:36.000,2026-03-10 14:39:29.000,683,682,1,2026-03-10 14:58:58.557,1169,1169,0,2026-03-10 14:41:17.000,791,790,1,2026-03-10 14:59:05.483,1852,1852,0,2026-03-10 14:59:05.483,7,6,1,2026-03-10 15:06:50.030,465,464,1,2026-03-10 18:49:14.967,2026-03-10 18:49:14.967,0,NULL,2026-03-10 18:49:14.993,15668,15668,0,RE-Report
26-018357,2026-03-10 14:29:53.000,11,TUE,10,14,B,DAY,LATE,POLICE,HOME VISIT CHECK,4,Phone,"MAIORIELLO, BERMARI","MAIORIELLO, BERMARI",2026-03-10 14:29:52.000,2026-03-10 14:32:34.483,2026-03-10 14:31:45.000,113,112,1,2026-03-10 14:32:34.347,49,49,0,2026-03-10 14:33:43.000,231,230,1,2026-03-10 14:32:43.553,162,162,0,2026-03-10 14:32:43.553,9,9,0,2026-03-10 14:32:43.553,0,0,0,2026-03-10 15:58:54.017,2026-03-10 16:00:19.000,0,NULL,NULL,5427,5427,0,NR-No Report
26-018358,2026-03-10 14:34:36.000,11,TUE,10,14,B,DAY,LATE,POLICE,TRAFFIC STOP,2,OFFICER,"JOHNSON, TIAZ J.",NULL,2026-03-10 14:34:36.000,2026-03-10 14:34:51.000,2026-03-10 14:34:36.000,0,1,-1,2026-03-10 14:34:36.000,0,0,0,2026-03-10 14:34:36.000,0,NULL,0,2026-03-10 14:34:36.000,0,0,0,2026-03-10 14:34:36.000,0,0,0,2026-03-10 14:34:36.000,0,0,0,2026-03-10 15:03:46.623,2026-03-10 15:03:46.623,0,NULL,2026-03-10 15:03:46.697,1750,1750,0,CI-Citation
26-005996,2026-03-10 14:42:55.000,11,TUE,10,14,B,DAY,LATE,EMS,BACK PAIN BLS,3,E-911,"PEREZ, CARLOS",Automatic Dispatch,2026-03-10 14:42:54.000,2026-03-10 14:44:54.000,2026-03-10 14:43:58.000,64,63,1,2026-03-10 14:44:00.927,2,2,0,2026-03-10 14:46:10.000,196,195,1,2026-03-10 14:44:09.383,66,66,0,2026-03-10 14:44:09.383,9,8,1,2026-03-10 14:53:13.473,544,544,0,2026-03-10 15:50:01.973,2026-03-10 15:50:01.973,0,NULL,2026-03-10 15:50:02.770,4027,4027,0,UNDEFINED
26-018362,2026-03-10 14:49:13.000,11,TUE,10,14,B,DAY,LATE,POLICE,WARRANT SERVICE,2,Radio,"WALKER, JUANITA","WALKER, JUANITA",2026-03-10 14:49:13.000,2026-03-10 14:49:42.237,2026-03-10 14:49:13.000,0,0,0,2026-03-10 14:49:13.000,0,0,0,2026-03-10 14:49:13.000,0,0,0,2026-03-10 14:49:45.773,0,0,0,2026-03-10 14:49:13.000,0,0,0,2026-03-10 14:49:13.000,0,0,0,2026-03-10 15:37:20.140,2026-03-10 17:14:39.757,0,NULL,2026-03-10 17:14:39.790,8726,8726,0,NR-No Report
26-018363,2026-03-10 14:51:54.000,11,TUE,10,14,B,DAY,LATE,POLICE,PARKING COMPLAINT,4,Phone,"PICKERAL, LAUREN",NULL,2026-03-10 14:51:52.000,NULL,2026-03-10 14:52:39.000,47,45,2,2026-03-10 15:24:18.840,1899,1899,0,2026-03-10 14:52:46.000,54,52,2,2026-03-10 15:24:18.840,1946,1946,0,2026-03-10 15:24:18.840,0,0,0,2026-03-10 15:25:34.190,76,75,1,2026-03-10 15:25:42.740,2026-03-10 15:37:39.807,0,NULL,2026-03-10 15:37:39.887,2747,2747,0,NR-No Report
26-018365,2026-03-10 14:59:12.000,11,TUE,10,14,B,DAY,LATE,POLICE,PARKING COMPLAINT,4,Phone,"VALENTIN, EMERITA",NULL,2026-03-10 14:59:10.000,NULL,2026-03-10 14:59:26.000,16,14,2,2026-03-10 15:06:29.283,423,423,0,2026-03-10 15:00:28.000,78,76,2,2026-03-10 15:06:29.283,439,439,0,2026-03-10 15:06:29.283,0,0,0,NULL,NULL,-9999,NULL,2026-03-10 15:07:53.977,2026-03-10 15:07:53.977,0,NULL,2026-03-10 15:07:54.500,523,523,0,NR-No Report
26-018368,2026-03-10 15:01:37.000,11,TUE,10,15,B,DAY,LATE,POLICE,OFF DUTY DETAIL,8,OFFICER,"HENRY, CHELSEA E",NULL,2026-03-10 15:01:37.000,2026-03-10 18:16:52.000,2026-03-10 15:01:37.000,0,1,-1,2026-03-10 15:01:37.000,0,0,0,2026-03-10 15:01:37.000,0,NULL,0,2026-03-10 15:01:37.000,0,0,0,2026-03-10 15:01:37.000,0,0,0,2026-03-10 15:01:37.000,0,0,0,2026-03-10 22:12:10.440,2026-03-10 22:12:10.440,0,NULL,2026-03-10 22:12:10.530,25833,25833,0,NR-No Report
26-018370,2026-03-10 15:04:24.000,11,TUE,10,15,B,DAY,LATE,POLICE,ASSIST CITIZEN PROMPT,3,Phone,"VALENTIN, EMERITA","WALKER, JUANITA",2026-03-10 15:04:22.000,2026-03-10 15:09:21.000,2026-03-10 15:08:55.000,273,271,2,2026-03-10 15:11:22.333,147,147,0,2026-03-10 15:08:55.000,273,NULL,273,2026-03-10 15:12:28.647,420,420,0,2026-03-10 15:12:28.647,66,21,45,2026-03-10 15:13:51.683,83,83,0,2026-03-10 15:39:11.623,2026-03-10 15:42:36.683,0,NULL,2026-03-10 15:42:36.713,2294,2294,0,NR-No Report
26-018369,2026-03-10 15:07:16.000,11,TUE,10,15,B,DAY,LATE,POLICE,TRESPASSING IN PROG,2,E-911,"BRYANT, THEO","WALKER, JUANITA",2026-03-10 15:07:16.000,2026-03-10 15:08:06.000,2026-03-10 15:08:02.000,46,46,0,2026-03-10 15:08:34.363,32,32,0,2026-03-10 15:09:03.000,107,107,0,2026-03-10 15:08:42.180,78,78,0,2026-03-10 15:08:42.180,8,7,1,2026-03-10 15:10:35.110,113,112,1,2026-03-10 15:47:52.313,2026-03-10 15:59:07.077,0,NULL,2026-03-10 15:59:07.263,3111,3111,0,NR-No Report
26-018372,2026-03-10 15:09:22.000,11,TUE,10,15,B,DAY,LATE,POLICE,MVC PROPERTY DAMAGE,2,E-911,"PERALTA, ANNETTE","WALKER, JUANITA",2026-03-10 15:09:21.000,2026-03-10 15:14:08.000,2026-03-10 15:10:37.000,76,75,1,2026-03-10 15:14:14.363,217,217,0,2026-03-10 15:11:00.000,99,98,1,2026-03-10 15:14:18.543,293,293,0,2026-03-10 15:14:18.543,4,4,0,2026-03-10 15:14:49.003,31,30,1,2026-03-10 15:54:10.857,2026-03-10 15:54:10.857,0,NULL,2026-03-10 15:54:10.900,2689,2689,0,NR-No Report
26-005997,2026-03-10 15:14:05.000,11,TUE,10,15,B,DAY,LATE,EMS,CHEST PAIN ALS 1,1,E-911,"BRYANT, THEO",Automatic Dispatch,2026-03-10 15:14:05.000,2026-03-10 15:15:30.000,2026-03-10 15:15:22.000,77,77,0,2026-03-10 15:15:24.450,2,2,0,2026-03-10 15:16:09.000,124,124,0,2026-03-10 15:16:43.287,79,79,0,2026-03-10 15:16:43.287,79,78,1,2026-03-10 15:19:03.903,140,140,0,2026-03-10 15:39:56.143,2026-03-10 16:18:34.993,0,NULL,2026-03-10 16:18:35.003,3869,3869,0,UNDEFINED
26-018373,2026-03-10 15:14:16.000,11,TUE,10,15,B,DAY,LATE,POLICE,IDENTITY FRAUD DELAY,4,Phone,"LAWRENCE, MEGAN",NULL,2026-03-10 15:14:16.000,NULL,2026-03-10 15:14:38.000,22,22,0,2026-03-10 15:17:37.473,179,179,0,2026-03-10 15:16:53.000,157,157,0,2026-03-10 15:17:37.473,201,201,0,2026-03-10 15:17:37.473,0,0,0,NULL,NULL,-9999,NULL,2026-03-10 16:37:52.037,2026-03-10 16:37:52.037,0,NULL,2026-03-10 16:37:52.180,5016,5016,0,RE-Report
26-005998,2026-03-10 15:23:23.327,11,TUE,10,15,B,DAY,LATE,EMS,MUTUAL BLS,1,C2C,CAD to CAD Service 1,CAD to CAD Service 1,2026-03-10 15:21:49.000,NULL,2026-03-10 15:23:23.983,94,0,94,2026-03-10 15:23:24.077,1,0,1,NULL,NULL,NULL,NULL,2026-03-10 15:25:47.810,95,-9999,10094,2026-03-10 15:25:47.810,143,143,0,2026-03-10 15:31:01.040,314,313,1,2026-03-10 15:34:08.647,2026-03-10 15:34:08.647,0,NULL,2026-03-10 15:34:09.097,739,739,0,UNDEFINED
26-005999,2026-03-10 15:24:53.973,11,TUE,10,15,B,DAY,LATE,EMS,MUTUAL ALS,1,C2C,CAD to CAD Service 1,CAD to CAD Service 1,2026-03-10 15:22:42.000,NULL,2026-03-10 15:24:54.913,132,0,132,2026-03-10 15:24:54.977,0,0,0,NULL,NULL,NULL,NULL,2026-03-10 15:25:18.533,132,156,-24,2026-03-10 15:25:18.533,24,0,24,2026-03-10 15:30:58.930,340,340,0,2026-03-10 15:32:24.303,2026-03-10 16:31:43.403,0,NULL,2026-03-10 16:31:43.527,4141,4141,0,UNDEFINED
26-006000,2026-03-10 15:25:22.410,11,TUE,10,15,B,DAY,LATE,FIRE,MUTUAL FIRE ALARM,1,C2C,CAD to CAD Service 1,CAD to CAD Service 1,2026-03-10 15:24:46.000,NULL,2026-03-10 15:25:23.380,37,0,37,2026-03-10 15:25:23.490,0,0,0,NULL,NULL,NULL,NULL,2026-03-10 15:26:22.437,37,-9999,10036,2026-03-10 15:26:22.437,59,58,1,2026-03-10 15:28:03.403,101,100,1,2026-03-10 15:33:11.453,2026-03-10 16:12:07.660,0,NULL,2026-03-10 16:12:07.723,2841,2841,0,CAD2CAD
26-006001,2026-03-10 15:47:58.000,11,TUE,10,15,B,DAY,LATE,EMS,FALL BLS,3,Phone,"VALENTIN, EMERITA",Automatic Dispatch,2026-03-10 15:47:56.000,2026-03-10 15:50:35.000,2026-03-10 15:49:58.000,122,120,2,2026-03-10 15:50:00.777,2,2,0,2026-03-10 15:59:52.000,716,714,2,2026-03-10 15:50:45.253,124,124,0,2026-03-10 15:50:45.253,45,44,1,2026-03-10 15:56:39.230,354,353,1,2026-03-10 17:07:43.420,2026-03-10 17:07:43.420,0,NULL,2026-03-10 17:07:43.550,4787,4787,0,UNDEFINED
26-018380,2026-03-10 15:48:30.000,11,TUE,10,15,B,DAY,LATE,POLICE,PARKING COMPLAINT,4,Phone,"MAIORIELLO, BERMARI",NULL,2026-03-10 15:48:28.000,NULL,2026-03-10 15:50:23.000,115,113,2,2026-03-10 15:56:06.767,343,343,0,2026-03-10 15:50:53.000,145,143,2,2026-03-10 15:56:06.767,458,458,0,2026-03-10 15:56:06.767,0,0,0,NULL,NULL,-9999,NULL,2026-03-10 16:18:37.220,2026-03-10 16:18:37.220,0,NULL,2026-03-10 16:18:37.827,1809,1809,0,NR-No Report
26-018379,2026-03-10 15:49:32.000,11,TUE,10,15,B,DAY,LATE,POLICE,OFF DUTY DETAIL,8,OFFICER,"BACHMAN, ARIANA R",NULL,2026-03-10 15:49:32.000,2026-03-10 18:17:07.000,2026-03-10 15:49:32.000,0,0,0,2026-03-10 15:49:32.000,0,0,0,2026-03-10 15:49:32.000,0,NULL,0,2026-03-10 15:49:32.000,0,0,0,2026-03-10 15:49:32.000,0,0,0,2026-03-10 15:49:32.000,0,0,0,2026-03-10 20:01:33.193,2026-03-11 01:41:28.000,0,NULL,NULL,35516,35516,0,NR-No Report
26-018381,2026-03-10 15:53:01.000,11,TUE,10,15,B,DAY,LATE,POLICE,TRAFFIC STOP,2,OFFICER,"MAYNARD, BRUCE S",NULL,2026-03-10 15:53:01.000,2026-03-10 15:53:52.000,2026-03-10 15:53:01.000,0,1,-1,2026-03-10 15:53:01.000,0,0,0,2026-03-10 15:53:01.000,0,NULL,0,2026-03-10 15:53:01.000,0,0,0,2026-03-10 15:53:01.000,0,0,0,2026-03-10 15:53:01.000,0,0,0,2026-03-10 16:00:55.567,2026-03-10 16:00:55.567,0,NULL,2026-03-10 16:00:55.640,474,474,0,NR-No Report
26-018382,2026-03-10 15:53:54.000,11,TUE,10,15,B,DAY,LATE,POLICE,TRESPASSING IN PROG,2,Phone,"PATTERSON, JAHAIRA","WELCH, KIMBERLY",2026-03-10 15:53:54.000,2026-03-10 15:56:00.000,2026-03-10 15:54:46.000,52,52,0,2026-03-10 16:00:36.897,350,350,0,2026-03-10 16:00:09.000,375,375,0,2026-03-10 16:00:43.497,402,402,0,2026-03-10 16:00:43.497,7,6,1,2026-03-10 16:09:18.360,515,514,1,2026-03-10 16:03:04.127,2026-03-10 19:22:53.540,0,NULL,2026-03-10 19:22:53.570,12539,12539,0,NR-No Report
26-006002,2026-03-10 15:58:22.123,11,TUE,10,15,B,DAY,LATE,FIRE,MUTUAL OUTSIDE FIRE,1,E-911,CAD to CAD Service 1,CAD to CAD Service 1,2026-03-10 15:56:23.000,2026-03-10 15:58:34.000,2026-03-10 15:58:22.983,119,0,119,2026-03-10 15:58:23.063,1,0,1,NULL,NULL,NULL,NULL,2026-03-10 16:00:06.037,120,-9999,10119,2026-03-10 16:00:06.037,103,102,1,2026-03-10 16:10:27.530,621,621,0,2026-03-10 16:14:10.060,2026-03-10 16:14:10.060,0,NULL,2026-03-10 16:14:10.460,1067,1067,0,UNDEFINED
26-018384,2026-03-10 15:58:36.000,11,TUE,10,15,B,DAY,LATE,POLICE,PARKING COMPLAINT,4,Phone,"LAWRENCE, MEGAN",NULL,2026-03-10 15:58:34.000,NULL,2026-03-10 15:59:25.000,51,49,2,2026-03-10 16:00:24.837,59,59,0,2026-03-10 16:02:09.000,215,213,2,2026-03-10 16:00:24.837,110,110,0,2026-03-10 16:00:24.837,0,0,0,2026-03-10 16:14:26.350,842,841,1,2026-03-10 16:25:25.647,2026-03-10 16:25:25.647,0,NULL,2026-03-10 16:25:26.090,1611,1611,0,NR-No Report
26-018383,2026-03-10 15:59:10.000,11,TUE,10,15,B,DAY,LATE,POLICE,HOME VISIT CHECK,4,Phone,"VALENTIN, EMERITA","VALENTIN, EMERITA",2026-03-10 15:59:10.000,2026-03-10 15:59:37.000,2026-03-10 15:59:10.000,0,0,0,2026-03-10 15:59:10.000,0,0,0,2026-03-10 15:59:10.000,0,0,0,2026-03-10 15:59:35.813,0,0,0,2026-03-10 15:59:10.000,0,0,0,2026-03-10 15:59:10.000,0,0,0,2026-03-10 16:44:55.333,2026-03-10 17:01:58.373,0,NULL,2026-03-10 17:01:58.640,3768,3768,0,NR-No Report
26-018385,2026-03-10 15:59:32.000,11,TUE,10,15,B,DAY,LATE,POLICE,ANIMAL COMPLAINT,4,Phone,"MAIORIELLO, BERMARI","LAWRENCE, MEGAN",2026-03-10 15:59:30.000,2026-03-10 16:04:52.000,2026-03-10 16:02:27.000,177,175,2,2026-03-10 16:15:08.980,761,761,0,2026-03-10 16:03:33.000,243,241,2,NULL,938,938,0,NULL,NULL,-9999,NULL,NULL,NULL,-9999,NULL,NULL,2026-03-10 16:16:58.000,0,NULL,NULL,1048,1048,0,ACOR-Animal Control Report
26-018386,2026-03-10 16:14:17.000,11,TUE,10,16,B,DAY,LATE,POLICE,TRAFFIC STOP,2,OFFICER,"MAYNARD, BRUCE S",NULL,2026-03-10 16:14:17.000,2026-03-10 16:14:28.000,2026-03-10 16:14:17.000,0,1,-1,2026-03-10 16:14:17.000,0,0,0,2026-03-10 16:14:17.000,0,NULL,0,2026-03-10 16:14:17.000,0,0,0,2026-03-10 16:14:17.000,0,0,0,2026-03-10 16:14:17.000,0,0,0,2026-03-10 16:22:02.607,2026-03-10 16:22:02.607,0,NULL,2026-03-10 16:22:02.747,465,465,0,NR-No Report
26-006003,2026-03-10 16:17:30.000,11,TUE,10,16,B,DAY,LATE,FIRE,FIRE ALARM,3,Phone,"PICKERAL, LAUREN",Automatic Dispatch,2026-03-10 16:17:28.000,2026-03-10 16:19:33.000,2026-03-10 16:17:53.000,25,23,2,2026-03-10 16:17:56.313,3,3,0,2026-03-10 16:19:32.000,124,122,2,2026-03-10 16:19:31.477,28,28,0,2026-03-10 16:19:31.477,95,95,0,2026-03-10 16:21:53.923,142,142,0,2026-03-10 16:48:11.773,2026-03-10 16:48:11.773,0,NULL,2026-03-10 16:48:12.207,1843,1843,0,UNDEFINED
26-006004,2026-03-10 16:19:04.000,11,TUE,10,16,B,DAY,LATE,EMS,FALL BLS,3,E-911,"BRYANT, THEO",Automatic Dispatch,2026-03-10 16:19:04.000,2026-03-10 16:22:00.000,2026-03-10 16:20:26.000,82,82,0,2026-03-10 16:20:29.050,3,3,0,2026-03-10 16:23:53.000,289,289,0,2026-03-10 16:21:45.873,85,85,0,2026-03-10 16:21:45.873,76,76,0,2026-03-10 16:29:06.740,441,440,1,2026-03-10 17:33:06.370,2026-03-10 17:33:06.370,0,NULL,2026-03-10 17:33:06.477,4442,4442,0,UNDEFINED
26-006006,2026-03-10 16:20:23.000,11,TUE,10,16,B,DAY,LATE,EMS,FALL BLS,3,E-911,"GARCIA, VILMA",Automatic Dispatch,2026-03-10 16:20:23.000,2026-03-10 16:26:07.000,2026-03-10 16:24:45.000,262,262,0,2026-03-10 16:24:48.120,3,3,0,2026-03-10 16:31:13.000,650,650,0,2026-03-10 16:25:02.930,265,265,0,2026-03-10 16:25:02.930,14,14,0,2026-03-10 16:31:23.520,381,380,1,2026-03-10 17:31:29.447,2026-03-10 17:31:29.447,0,NULL,2026-03-10 17:31:29.730,4266,4266,0,UNDEFINED
26-006005,2026-03-10 16:23:37.110,11,TUE,10,16,B,DAY,LATE,EMS,MUTUAL BLS,1,C2C,CAD to CAD Service 1,CAD to CAD Service 1,2026-03-10 16:22:54.000,NULL,2026-03-10 16:23:37.953,43,0,43,2026-03-10 16:23:38.017,1,0,1,NULL,NULL,NULL,NULL,2026-03-10 16:25:04.117,44,-9999,10043,2026-03-10 16:25:04.117,86,86,0,2026-03-10 16:31:24.930,380,380,0,2026-03-10 17:25:47.113,2026-03-10 17:25:47.113,0,NULL,2026-03-10 17:25:47.143,3773,3773,0,UNDEFINED
26-018387,2026-03-10 16:24:57.000,11,TUE,10,16,B,DAY,LATE,POLICE,OFF DUTY DETAIL,8,OFFICER,"ROBBINS, SADAIAH S",NULL,2026-03-10 16:24:57.000,2026-03-10 16:25:10.000,2026-03-10 16:24:57.000,0,1,-1,2026-03-10 16:24:57.000,0,0,0,2026-03-10 16:24:57.000,0,NULL,0,2026-03-10 16:24:57.000,0,0,0,2026-03-10 16:24:57.000,0,0,0,2026-03-10 16:24:57.000,0,0,0,2026-03-10 21:07:53.353,2026-03-10 21:10:27.237,0,NULL,2026-03-10 21:10:27.327,17130,17130,0,NR-No Report
26-006007,2026-03-10 16:26:10.857,11,TUE,10,16,B,DAY,LATE,EMS,UNCONSCIOUS ALS 2,1,NOT CAPTURED,"WELCH, KIMBERLY",Automatic Dispatch,2026-03-10 16:26:10.857,2026-03-10 16:26:37.000,2026-03-10 16:26:10.857,0,1,-1,2026-03-10 16:26:14.643,4,3,1,2026-03-10 16:26:10.857,0,NULL,0,2026-03-10 16:27:24.403,4,3,1,2026-03-10 16:27:24.403,70,69,1,2026-03-10 16:29:09.217,105,104,1,2026-03-10 16:46:31.103,2026-03-10 17:35:35.253,0,NULL,2026-03-10 17:35:35.817,4165,4164,1,UNDEFINED
26-018388,2026-03-10 16:28:48.000,11,TUE,10,16,B,DAY,LATE,POLICE,MVC HIT/RUN PED STRUCK,2,Phone,"LAWRENCE, MEGAN",NULL,2026-03-10 16:28:46.000,2026-03-10 16:31:19.000,2026-03-10 16:31:14.000,148,146,2,2026-03-10 16:31:53.763,39,39,0,2026-03-10 16:45:45.000,1019,1017,2,2026-03-10 16:31:57.937,187,187,0,2026-03-10 16:31:57.937,4,4,0,2026-03-10 16:49:22.757,1045,1044,1,2026-03-10 17:15:54.763,2026-03-10 19:33:21.897,0,NULL,2026-03-10 19:33:21.960,11075,11075,0,RE-Report
26-018389,2026-03-10 16:29:14.000,11,TUE,10,16,B,DAY,LATE,POLICE,PARKING COMPLAINT,4,Phone,"FLOURNOY, ERICKA",NULL,2026-03-10 16:29:12.000,NULL,2026-03-10 16:31:17.000,125,123,2,2026-03-10 16:44:29.867,792,792,0,2026-03-10 16:31:18.000,126,124,2,2026-03-10 16:44:29.867,917,917,0,2026-03-10 16:44:29.867,0,0,0,NULL,NULL,-9999,NULL,2026-03-10 16:53:47.703,2026-03-10 16:53:47.703,0,NULL,2026-03-10 16:54:01.527,1475,1475,0,RE-Report
26-006008,2026-03-10 16:31:14.000,11,TUE,10,16,B,DAY,LATE,EMS,PEDESTRIAN STRUCK ALS 1 - SUPV,1,NOT CAPTURED,"LAWRENCE, MEGAN",Automatic Dispatch,2026-03-10 16:31:14.000,2026-03-10 16:32:00.000,2026-03-10 16:31:14.000,0,NULL,0,2026-03-10 16:31:17.533,3,3,0,2026-03-10 16:31:14.000,0,0,0,2026-03-10 16:32:00.793,3,2,1,2026-03-10 16:32:00.793,43,43,0,NULL,NULL,-9999,NULL,2026-03-10 16:33:30.173,2026-03-10 16:34:26.953,0,NULL,2026-03-10 16:34:27.047,192,191,1,CAD2CAD
26-018390,2026-03-10 16:31:37.000,11,TUE,10,16,B,DAY,LATE,POLICE,TRAFFIC STOP,2,OFFICER,"MAYNARD, BRUCE S",NULL,2026-03-10 16:31:37.000,2026-03-10 16:45:15.000,2026-03-10 16:31:37.000,0,1,-1,2026-03-10 16:31:37.000,0,0,0,2026-03-10 16:31:37.000,0,NULL,0,2026-03-10 16:31:37.000,0,0,0,2026-03-10 16:31:37.000,0,0,0,2026-03-10 16:31:37.000,0,0,0,2026-03-10 16:47:10.533,2026-03-10 16:47:10.533,0,NULL,2026-03-10 16:47:10.637,933,933,0,CI-Citation
26-018391,2026-03-10 16:40:08.000,11,TUE,10,16,B,DAY,LATE,POLICE,ADMINISTRATIVE TASK,2,Phone,"GARCIA, VILMA","WELCH, KIMBERLY",2026-03-10 16:40:05.000,2026-03-10 16:46:50.000,2026-03-10 16:42:29.000,144,141,3,2026-03-10 16:48:25.087,356,356,0,2026-03-10 16:42:47.000,162,159,3,2026-03-10 16:48:32.553,500,500,0,2026-03-10 16:48:32.553,7,7,0,NULL,NULL,-9999,NULL,2026-03-10 17:42:18.753,2026-03-10 17:42:18.753,0,NULL,2026-03-10 17:42:19.143,3733,3733,0,NR-No Report
26-018392,2026-03-10 16:43:32.000,11,TUE,10,16,B,DAY,LATE,POLICE,HOME VISIT CHECK,4,Phone,"MAIORIELLO, BERMARI",NULL,2026-03-10 16:43:31.000,NULL,2026-03-10 16:45:01.000,90,89,1,2026-03-10 16:45:07.607,6,6,0,2026-03-10 16:45:01.000,90,NULL,90,2026-03-10 16:45:07.607,96,96,0,2026-03-10 16:45:07.607,0,-9999,9999,2026-03-10 16:45:11.057,4,3,1,2026-03-10 16:45:46.643,2026-03-10 16:45:46.643,0,NULL,2026-03-10 16:45:46.657,135,135,0,NR-No Report
26-018393,2026-03-10 16:45:24.000,11,TUE,10,16,B,DAY,LATE,POLICE,HOME VISIT CHECK,4,Phone,"MAIORIELLO, BERMARI",NULL,2026-03-10 16:45:22.000,NULL,2026-03-10 16:46:09.000,47,45,2,2026-03-10 16:46:15.420,6,6,0,2026-03-10 16:46:09.000,47,NULL,47,2026-03-10 16:46:15.420,53,53,0,2026-03-10 16:46:15.420,0,-9999,9999,2026-03-10 16:46:41.500,26,26,0,2026-03-10 16:46:47.853,2026-03-10 16:46:47.853,0,NULL,2026-03-10 16:46:47.917,85,85,0,NR-No Report
26-018394,2026-03-10 16:46:35.000,11,TUE,10,16,B,DAY,LATE,POLICE,HOME VISIT CHECK,4,Phone,"MAIORIELLO, BERMARI",NULL,2026-03-10 16:46:34.000,NULL,2026-03-10 16:47:14.000,40,39,1,2026-03-10 16:47:46.183,32,32,0,2026-03-10 16:49:12.000,158,157,1,2026-03-10 16:47:46.183,72,72,0,2026-03-10 16:47:46.183,0,-9999,9999,2026-03-10 16:47:48.150,2,1,1,2026-03-10 16:53:57.777,2026-03-10 16:53:57.777,0,NULL,2026-03-10 16:53:57.793,443,443,0,NR-No Report
26-018399,2026-03-10 16:48:35.000,11,TUE,10,16,B,DAY,LATE,POLICE,DOMESTIC VIOL NO INJ,2,Phone,"BRYANT, THEO",NULL,2026-03-10 16:48:33.000,2026-03-10 17:04:16.000,2026-03-10 16:57:22.000,529,527,2,2026-03-10 17:24:41.727,1639,1639,0,2026-03-10 16:57:30.000,537,535,2,2026-03-10 17:24:48.207,2168,2168,0,2026-03-10 17:24:48.207,7,6,1,2026-03-10 17:33:06.903,498,498,0,2026-03-10 18:53:55.743,2026-03-10 23:24:56.583,0,NULL,2026-03-10 23:24:56.863,23783,23783,0,RE-Report
26-018396,2026-03-10 16:50:16.000,11,TUE,10,16,B,DAY,LATE,POLICE,WALK IN HQ LOBBY,3,Phone,"LAWRENCE, MEGAN","PRIESTLY, SHAVAUGHN",2026-03-10 16:50:15.000,2026-03-10 21:49:07.000,2026-03-10 16:51:24.000,69,68,1,2026-03-10 22:40:43.063,20959,3105,17854,2026-03-10 16:53:11.000,176,175,1,2026-03-10 22:40:47.227,21028,21028,0,2026-03-10 22:40:47.227,4,4,0,NULL,NULL,-9999,NULL,2026-03-11 00:15:45.543,2026-03-10 16:53:11.000,1,2026-03-10 16:55:57.090,2026-03-11 00:15:45.783,176,26730,-26554,RE-Report
26-018397,2026-03-10 16:52:49.000,11,TUE,10,16,B,DAY,LATE,POLICE,MVC PROPERTY DAMAGE,2,Phone,"VALENTIN, EMERITA","WELCH, KIMBERLY",2026-03-10 16:52:47.000,2026-03-10 16:58:30.000,2026-03-10 16:53:53.000,66,64,2,2026-03-10 16:58:27.457,274,274,0,2026-03-10 16:56:30.000,223,221,2,2026-03-10 16:58:37.043,340,340,0,2026-03-10 16:58:37.043,10,9,1,2026-03-10 17:13:36.750,899,899,0,2026-03-10 18:15:35.550,2026-03-10 18:15:35.550,0,NULL,2026-03-10 18:15:35.620,4968,4968,0,NR-No Report
26-018398,2026-03-10 16:53:01.000,11,TUE,10,16,B,DAY,LATE,POLICE,PARKING COMPLAINT,4,Phone,"PERALTA, ANNETTE",NULL,2026-03-10 16:52:59.000,2026-03-10 17:21:26.000,2026-03-10 16:55:26.000,147,145,2,2026-03-10 17:02:58.177,452,452,0,2026-03-10 16:55:29.000,150,148,2,2026-03-10 17:02:58.177,599,599,0,2026-03-10 17:02:58.177,0,-9999,9999,2026-03-10 17:04:06.887,68,68,0,2026-03-10 18:00:15.603,2026-03-10 18:00:15.603,0,NULL,2026-03-10 18:00:15.637,4036,4036,0,CI-Citation
26-018402,2026-03-10 16:59:02.000,11,TUE,10,16,B,DAY,LATE,POLICE,DISORDERLY CONDUCT,2,Phone,"PEREZ, CARLOS","WELCH, KIMBERLY",2026-03-10 16:59:00.000,2026-03-10 17:05:31.000,2026-03-10 17:01:12.000,132,130,2,2026-03-10 17:09:58.737,526,526,0,2026-03-10 17:01:15.000,135,133,2,2026-03-10 17:10:42.410,658,658,0,2026-03-10 17:10:42.410,44,43,1,2026-03-10 17:19:30.107,528,527,1,2026-03-10 17:48:07.970,2026-03-10 17:48:07.970,0,NULL,2026-03-10 17:48:08.077,2947,2947,0,NR-No Report
26-018404,2026-03-10 17:04:19.000,11,TUE,10,17,B,DAY,LATE,POLICE,HAZARD,2,Phone,"GARCIA, VILMA","WELCH, KIMBERLY",2026-03-10 17:04:17.000,2026-03-10 17:09:11.000,2026-03-10 17:08:10.000,233,231,2,2026-03-10 17:11:03.643,173,173,0,2026-03-10 17:08:39.000,262,260,2,2026-03-10 17:11:25.310,406,406,0,2026-03-10 17:11:25.310,22,21,1,2026-03-10 17:26:07.547,882,882,0,2026-03-10 17:43:57.150,2026-03-10 17:43:57.150,0,NULL,2026-03-10 17:43:57.267,2380,2380,0,NR-No Report
26-018403,2026-03-10 17:05:52.000,11,TUE,10,17,B,DAY,LATE,POLICE,DIP - DRUNK/INTOX PERSON,2,Phone,"VALENTIN, EMERITA","WELCH, KIMBERLY",2026-03-10 17:05:50.000,2026-03-10 17:09:48.000,2026-03-10 17:07:24.000,94,92,2,2026-03-10 17:25:41.273,1097,1097,0,2026-03-10 17:09:34.000,224,222,2,2026-03-10 17:25:43.290,1191,1191,0,2026-03-10 17:25:43.290,2,2,0,2026-03-10 17:31:01.950,318,318,0,2026-03-10 17:45:34.923,2026-03-10 17:46:14.550,0,NULL,2026-03-10 17:46:14.640,2424,2424,0,NR-No Report
26-006010,2026-03-10 17:13:06.000,11,TUE,10,17,B,DAY,LATE,EMS,ALTERED LOC ALS 1,1,E-911,"PERALTA, ANNETTE","COOPER, KAKILA",2026-03-10 17:13:04.000,2026-03-10 17:15:13.000,2026-03-10 17:13:54.000,50,48,2,2026-03-10 17:13:58.280,4,4,0,2026-03-10 17:18:26.000,322,320,2,2026-03-10 17:15:29.790,54,54,0,2026-03-10 17:15:29.790,91,0,91,2026-03-10 17:18:51.530,202,201,1,2026-03-10 17:15:39.197,2026-03-10 18:21:25.750,0,NULL,2026-03-10 18:21:26.247,4101,4101,0,UNDEFINED
26-018409,2026-03-10 17:19:07.000,11,TUE,10,17,B,DAY,LATE,POLICE,MVC HIT/RUN NO INJ DELAY,4,E-911,"WALKER, JUANITA","DOGAN, KYLAH",2026-03-10 17:19:07.000,2026-03-10 22:18:22.000,2026-03-10 17:21:29.000,142,142,0,2026-03-10 21:36:32.020,15303,15303,0,2026-03-10 17:21:39.000,152,152,0,2026-03-10 21:36:32.083,15445,15445,0,2026-03-10 21:36:32.083,0,0,0,2026-03-10 21:45:23.917,531,531,0,NULL,2026-03-10 22:44:11.000,0,NULL,NULL,19504,19504,0,RE-Report
26-018408,2026-03-10 17:20:21.000,11,TUE,10,17,B,DAY,LATE,POLICE,ALARM COMMERCIAL,2,Phone,"PICKERAL, LAUREN","WELCH, KIMBERLY",2026-03-10 17:20:20.000,2026-03-10 17:22:41.000,2026-03-10 17:21:14.000,54,53,1,2026-03-10 17:22:38.060,84,84,0,2026-03-10 17:22:07.000,107,106,1,NULL,138,138,0,NULL,NULL,-9999,NULL,NULL,NULL,-9999,NULL,2026-03-10 17:23:46.247,2026-03-10 17:23:46.247,0,NULL,2026-03-10 17:23:46.363,206,206,0,FALSE-False Alarm
26-018411,2026-03-10 17:25:24.000,11,TUE,10,17,B,DAY,LATE,POLICE,TROUBLE UNKNOWN NO EMS,2,Phone,"GARCIA, VILMA","WELCH, KIMBERLY",2026-03-10 17:25:22.000,2026-03-10 17:26:54.000,2026-03-10 17:26:38.000,76,74,2,2026-03-10 17:30:09.883,211,211,0,2026-03-10 17:27:57.000,155,153,2,2026-03-10 17:30:12.763,287,287,0,2026-03-10 17:30:12.763,3,2,1,2026-03-10 17:39:16.890,544,544,0,2026-03-10 18:00:18.177,2026-03-10 18:00:18.177,0,NULL,2026-03-10 18:00:18.510,2096,2096,0,NR-No Report
26-018410,2026-03-10 17:26:13.000,11,TUE,10,17,B,DAY,LATE,POLICE,TRAFFIC STOP,2,OFFICER,"RAHIM, AHMAD",NULL,2026-03-10 17:26:13.000,2026-03-10 17:30:13.000,2026-03-10 17:26:13.000,0,1,-1,2026-03-10 17:26:13.000,0,0,0,2026-03-10 17:26:13.000,0,NULL,0,2026-03-10 17:26:13.000,0,0,0,2026-03-10 17:26:13.000,0,0,0,2026-03-10 17:26:13.000,0,0,0,2026-03-10 17:35:34.990,2026-03-10 17:35:34.990,0,NULL,2026-03-10 17:35:35.090,561,561,0,NR-No Report
26-006011,2026-03-10 17:39:30.000,11,TUE,10,17,B,DAY,LATE,FIRE,FIRE ALARM,3,Phone,"LAWRENCE, MEGAN",Automatic Dispatch,2026-03-10 17:39:29.000,2026-03-10 17:40:24.000,2026-03-10 17:40:09.000,40,39,1,2026-03-10 17:40:12.223,3,3,0,2026-03-10 17:42:12.000,163,162,1,2026-03-10 17:40:23.327,43,43,0,2026-03-10 17:40:23.327,11,11,0,2026-03-10 17:42:53.953,150,150,0,2026-03-10 17:52:36.400,2026-03-10 17:52:36.400,0,NULL,2026-03-10 17:52:37.073,787,787,0,UNDEFINED
26-018415,2026-03-10 17:41:44.000,11,TUE,10,17,B,DAY,LATE,POLICE,FLAG DOWN,2,OFFICER,"RAHIM, AHMAD",NULL,2026-03-10 17:41:44.000,2026-03-10 17:42:02.000,2026-03-10 17:41:44.000,0,2,-2,2026-03-10 17:41:44.000,0,0,0,2026-03-10 17:41:44.000,0,NULL,0,2026-03-10 17:41:44.000,0,0,0,2026-03-10 17:41:44.000,0,0,0,2026-03-10 17:41:44.000,0,0,0,2026-03-10 17:48:15.027,2026-03-10 17:48:15.027,0,NULL,2026-03-10 17:48:15.873,391,391,0,NR-No Report
26-018416,2026-03-10 17:41:49.000,11,TUE,10,17,B,DAY,LATE,POLICE,TRNSPORT PRISONER MED LOCAL,4,Phone,"VALENTIN, EMERITA","VALENTIN, EMERITA",2026-03-10 17:41:48.000,2026-03-10 18:41:54.000,2026-03-10 17:43:41.000,113,112,1,2026-03-10 17:43:54.900,13,13,0,2026-03-10 17:47:51.000,363,362,1,2026-03-10 17:43:55.110,126,126,0,2026-03-10 17:43:55.110,1,0,1,NULL,NULL,-9999,NULL,NULL,2026-03-10 21:53:04.000,0,NULL,NULL,15076,15076,0,NR-No Report
26-006013,2026-03-10 17:41:49.000,11,TUE,10,17,B,DAY,LATE,EMS,HEART PROBLEMS ALS 1,1,E-911,"GARCIA, VILMA",Automatic Dispatch,2026-03-10 17:41:48.000,NULL,2026-03-10 17:43:14.000,86,85,1,2026-03-10 17:43:16.323,2,2,0,2026-03-10 17:45:16.000,208,207,1,2026-03-10 17:43:49.033,88,88,0,2026-03-10 17:43:49.033,33,32,1,2026-03-10 17:47:13.527,204,204,0,2026-03-10 18:15:52.897,2026-03-10 18:51:11.983,0,NULL,2026-03-10 18:51:12.353,4163,4163,0,UNDEFINED
26-006012,2026-03-10 17:42:25.740,11,TUE,10,17,B,DAY,LATE,EMS,MUTUAL BLS,1,C2C,CAD to CAD Service 1,CAD to CAD Service 1,2026-03-10 17:40:22.000,NULL,2026-03-10 17:42:26.880,124,0,124,2026-03-10 17:42:27.020,1,0,1,NULL,NULL,NULL,NULL,2026-03-10 17:42:56.173,125,134,-9,2026-03-10 17:42:56.173,29,0,29,2026-03-10 17:47:59.070,303,302,1,2026-03-10 17:44:04.230,2026-03-10 18:55:47.913,0,NULL,2026-03-10 18:55:47.993,4525,4525,0,CAD2CAD
26-018417,2026-03-10 17:44:55.000,11,TUE,10,17,B,DAY,LATE,POLICE,SUBJECT STOP,2,OFFICER,"WALKER, JUANITA","WALKER, JUANITA",2026-03-10 17:44:55.000,2026-03-10 17:45:33.787,2026-03-10 17:44:55.000,0,0,0,2026-03-10 17:44:55.000,0,0,0,2026-03-10 17:44:55.000,0,0,0,2026-03-10 17:45:38.457,0,0,0,2026-03-10 17:44:55.000,0,0,0,2026-03-10 17:44:55.000,0,0,0,2026-03-10 17:46:48.073,2026-03-10 17:55:27.950,0,NULL,2026-03-10 17:55:28.140,632,632,0,NR-No Report
26-018419,2026-03-10 17:46:15.000,11,TUE,10,17,B,DAY,LATE,POLICE,DIP - DRUNK/INTOX PERSON,2,Phone,"PATTERSON, JAHAIRA",NULL,2026-03-10 17:46:14.000,2026-03-10 17:47:36.000,2026-03-10 17:47:04.000,50,49,1,2026-03-10 17:47:47.250,43,43,0,2026-03-10 17:48:16.000,122,121,1,2026-03-10 17:47:50.107,93,93,0,2026-03-10 17:47:50.107,3,2,1,2026-03-10 18:38:56.690,3066,3066,0,2026-03-10 23:35:01.327,2026-03-10 23:35:01.327,0,NULL,2026-03-10 23:35:01.417,20927,20927,0,RE-Report
26-018420,2026-03-10 17:50:49.000,11,TUE,10,17,B,DAY,LATE,POLICE,TROUBLE UNKNOWN NO EMS,2,Phone,"GARCIA, VILMA","WELCH, KIMBERLY",2026-03-10 17:50:47.000,2026-03-10 17:52:35.000,2026-03-10 17:52:17.000,90,88,2,2026-03-10 17:52:51.630,34,34,0,2026-03-10 17:52:26.000,99,97,2,2026-03-10 17:52:54.657,124,124,0,2026-03-10 17:52:54.657,3,3,0,NULL,NULL,-9999,NULL,NULL,2026-03-10 18:38:32.720,0,NULL,NULL,2865,2865,0,DUPPD-Duplicate Police
26-018421,2026-03-10 17:52:45.000,11,TUE,10,17,B,DAY,LATE,POLICE,MVC INJURY PED STRUCK,1,E-911,"BRYANT, THEO",NULL,2026-03-10 17:52:45.000,2026-03-10 18:43:29.000,2026-03-10 17:53:27.000,42,42,0,2026-03-10 17:53:54.437,27,27,0,2026-03-10 17:55:31.000,166,166,0,2026-03-10 17:53:58.920,69,69,0,2026-03-10 17:53:58.920,4,4,0,2026-03-10 17:56:55.497,177,176,1,2026-03-10 18:32:02.247,2026-03-10 18:32:02.247,1,2026-03-10 18:43:20.657,2026-03-10 22:34:44.920,2357,16919,-14562,NR-No Report
26-006014,2026-03-10 17:53:29.000,11,TUE,10,17,B,DAY,LATE,EMS,PEDESTRIAN STRUCK ALS 1 - SUPV,1,NOT CAPTURED,"BRYANT, THEO",Automatic Dispatch,2026-03-10 17:53:29.000,2026-03-10 17:53:36.000,2026-03-10 17:53:29.000,0,NULL,0,2026-03-10 17:53:31.660,2,2,0,2026-03-10 17:53:29.000,0,0,0,2026-03-10 17:53:35.930,2,2,0,2026-03-10 17:53:35.930,4,4,0,2026-03-10 17:55:38.167,123,122,1,2026-03-10 18:12:05.410,2026-03-10 18:13:02.680,0,NULL,2026-03-10 18:13:02.783,1173,1173,0,UNDEFINED
26-018422,2026-03-10 17:53:40.000,11,TUE,10,17,B,DAY,LATE,POLICE,MENTAL HEALTH CASE,2,Phone,"VALENTIN, EMERITA","DOGAN, KYLAH",2026-03-10 17:53:38.000,2026-03-10 17:57:11.000,2026-03-10 17:54:45.000,67,65,2,2026-03-10 18:08:53.703,848,848,0,2026-03-10 18:03:12.000,574,572,2,2026-03-10 18:08:58.550,915,915,0,2026-03-10 18:08:58.550,5,4,1,2026-03-10 18:24:21.353,923,922,1,2026-03-10 19:18:56.737,2026-03-10 19:18:56.737,0,NULL,2026-03-10 19:18:56.973,5118,5118,0,NR-No Report
26-006015,2026-03-10 17:55:22.730,11,TUE,10,17,B,DAY,LATE,FIRE,MVC ENTRAPMENT,1,NOT CAPTURED,CAD to CAD Service 1,CAD to CAD Service 1,2026-03-10 17:52:32.000,2026-03-10 18:00:40.000,2026-03-10 17:55:23.950,171,0,171,2026-03-10 17:55:24.057,1,0,1,NULL,NULL,NULL,NULL,2026-03-10 17:55:44.973,172,233,-61,2026-03-10 17:55:44.973,20,18,2,2026-03-10 18:02:57.860,433,432,1,2026-03-10 17:59:56.310,2026-03-10 19:14:03.203,0,NULL,2026-03-10 19:14:03.267,4891,4891,0,CAD2CAD
26-006016,2026-03-10 17:56:14.000,11,TUE,10,17,B,DAY,LATE,FIRE,MVC AUTO,2,Phone,"PATTERSON, JAHAIRA",Automatic Dispatch,2026-03-10 17:56:12.000,2026-03-10 17:57:39.000,2026-03-10 17:57:02.000,50,48,2,2026-03-10 17:57:05.740,3,3,0,2026-03-10 18:02:32.000,380,378,2,2026-03-10 17:57:29.287,53,53,0,2026-03-10 17:57:29.287,24,23,1,2026-03-10 18:05:45.757,496,496,0,2026-03-10 18:06:17.543,2026-03-10 19:13:04.807,0,NULL,2026-03-10 19:13:04.870,4612,4612,0,CAD2CAD
26-018424,2026-03-10 17:56:23.000,11,TUE,10,17,B,DAY,LATE,POLICE,LARCENY COMM IN PROG,2,Phone,"LAWRENCE, MEGAN","GRAVES, CHRISTINA",2026-03-10 17:56:21.000,2026-03-10 18:00:47.000,2026-03-10 17:56:54.000,33,31,2,2026-03-10 19:16:12.107,4758,4758,0,2026-03-10 17:59:15.000,174,172,2,2026-03-10 19:16:15.697,4791,4791,0,2026-03-10 19:16:15.697,3,3,0,2026-03-10 19:23:54.013,459,458,1,2026-03-10 20:57:00.483,2026-03-10 20:57:00.483,0,NULL,2026-03-10 20:57:00.587,10839,10839,0,RE-Report
26-006017,2026-03-10 17:57:43.000,11,TUE,10,17,B,DAY,LATE,FIRE,L.A.R. SECONDARY RESPONSE,2,E-911,"COOPER, KAKILA",Automatic Dispatch,2026-03-10 17:57:41.000,NULL,2026-03-10 17:58:04.000,23,21,2,2026-03-10 17:58:07.187,3,3,0,2026-03-10 17:58:08.000,27,25,2,2026-03-10 17:59:23.220,26,26,0,2026-03-10 17:59:23.220,76,76,0,NULL,NULL,-9999,NULL,2026-03-10 18:08:35.883,2026-03-10 18:08:35.883,0,NULL,2026-03-10 18:08:36.237,654,654,0,UNDEFINED
26-018426,2026-03-10 18:03:01.000,11,TUE,10,18,B,DAY,EARLY,POLICE,PARKING COMPLAINT,4,Phone,"LAWRENCE, MEGAN",NULL,2026-03-10 18:02:59.000,NULL,2026-03-10 18:03:34.000,35,33,2,2026-03-10 18:13:47.127,613,613,0,2026-03-10 18:04:49.000,110,108,2,2026-03-10 18:13:47.127,648,648,0,2026-03-10 18:13:47.127,0,-9999,9999,2026-03-10 19:06:04.807,3137,3137,0,2026-03-10 19:17:56.920,2026-03-10 19:17:56.920,0,NULL,2026-03-10 19:17:57.323,4497,4497,0,CI-Citation
26-006018,2026-03-10 18:03:01.140,11,TUE,10,18,B,DAY,EARLY,EMS,MUTUAL ALS,1,C2C,CAD to CAD Service 1,CAD to CAD Service 1,2026-03-10 18:01:53.230,NULL,2026-03-10 18:03:02.047,69,0,69,2026-03-10 18:03:02.187,0,0,0,NULL,NULL,NULL,NULL,2026-03-10 18:04:06.113,69,-9999,10068,2026-03-10 18:04:06.113,64,0,64,2026-03-10 18:23:16.737,1150,1150,0,2026-03-10 18:31:22.123,2026-03-10 18:45:54.480,0,NULL,2026-03-10 18:45:54.510,2641,2641,0,CAD2CAD
26-018429,2026-03-10 18:04:26.000,11,TUE,10,18,B,DAY,EARLY,POLICE,DISORDERLY CONDUCT,2,Phone,"WELCH, KIMBERLY","GRAVES, CHRISTINA",2026-03-10 18:04:24.000,2026-03-10 18:08:29.000,2026-03-10 18:07:00.000,156,154,2,2026-03-10 18:21:59.930,899,899,0,2026-03-10 18:07:01.000,157,155,2,2026-03-10 18:22:00.450,1055,1055,0,2026-03-10 18:22:00.450,1,0,1,NULL,NULL,-9999,NULL,NULL,2026-03-10 18:35:21.000,0,NULL,NULL,1857,1857,0,NR-No Report
26-006019,2026-03-10 18:13:50.000,11,TUE,10,18,B,DAY,EARLY,FIRE,FIRE ALARM,3,Phone,"PRIESTLY, SHAVAUGHN",Automatic Dispatch,2026-03-10 18:13:48.000,2026-03-10 18:15:16.000,2026-03-10 18:14:30.000,42,40,2,2026-03-10 18:14:32.240,2,2,0,2026-03-10 18:15:26.000,98,96,2,2026-03-10 18:15:42.710,44,44,0,2026-03-10 18:15:42.710,70,70,0,2026-03-10 18:18:48.753,186,186,0,2026-03-10 18:38:09.003,2026-03-10 18:38:08.987,0,NULL,2026-03-10 18:38:08.987,1460,1461,-1,UNDEFINED
26-018432,2026-03-10 18:16:17.000,11,TUE,10,18,B,DAY,EARLY,POLICE,SUSPICIOUS EVENT,2,Phone,"LAWRENCE, MEGAN","GRAVES, CHRISTINA",2026-03-10 18:16:16.000,2026-03-10 18:20:51.000,2026-03-10 18:17:59.000,103,102,1,2026-03-10 18:35:25.477,1046,1046,0,2026-03-10 18:35:07.000,1131,1130,1,2026-03-10 18:35:30.657,1149,1149,0,2026-03-10 18:35:30.657,5,5,0,NULL,NULL,-9999,NULL,2026-03-10 18:58:22.567,2026-03-10 18:58:22.567,0,NULL,2026-03-10 18:58:22.580,2526,2526,0,NR-No Report
26-018433,2026-03-10 18:22:13.000,11,TUE,10,18,B,DAY,EARLY,POLICE,OFF DUTY DETAIL,8,OFFICER,"RUSSEL, KYLE N",NULL,2026-03-10 18:22:13.000,2026-03-10 18:22:42.000,2026-03-10 18:22:13.000,0,1,-1,2026-03-10 18:22:13.000,0,0,0,2026-03-10 18:22:13.000,0,NULL,0,2026-03-10 18:22:13.000,0,0,0,2026-03-10 18:22:13.000,0,0,0,2026-03-10 18:22:13.000,0,0,0,2026-03-10 21:16:32.457,2026-03-10 21:16:32.457,0,NULL,2026-03-10 21:16:32.587,10459,10459,0,NR-No Report
26-018437,2026-03-10 18:25:15.000,11,TUE,10,18,B,DAY,EARLY,POLICE,MVC PROPERTY DAMAGE,2,E-911,"JACKSON, MALIKA","GRAVES, CHRISTINA",2026-03-10 18:25:14.000,2026-03-10 18:32:00.000,2026-03-10 18:29:44.000,270,269,1,2026-03-10 18:40:31.190,647,647,0,2026-03-10 18:32:01.000,407,406,1,2026-03-10 18:40:35.783,917,917,0,2026-03-10 18:40:35.783,4,4,0,2026-03-10 19:03:18.883,1363,1363,0,2026-03-10 19:40:04.827,2026-03-10 19:40:04.827,0,NULL,2026-03-10 19:40:05.003,4490,4490,0,NR-No Report
26-006020,2026-03-10 18:26:06.000,11,TUE,10,18,B,DAY,EARLY,EMS,CARDIAC ARREST ALS 2- SUPV,1,E-911,"WILLIAMS, DARNELL","LEWIS, LESLIE",2026-03-10 18:26:06.000,2026-03-10 18:27:13.000,2026-03-10 18:26:47.000,41,41,0,2026-03-10 18:26:49.513,2,2,0,2026-03-10 18:35:26.000,560,560,0,2026-03-10 18:28:06.007,43,43,0,2026-03-10 18:28:06.007,77,76,1,2026-03-10 18:32:18.437,252,252,0,2026-03-10 18:31:38.047,2026-03-10 19:43:58.953,0,NULL,2026-03-10 19:43:59.097,4672,4672,0,UNDEFINED
26-018436,2026-03-10 18:29:19.000,11,TUE,10,18,B,DAY,EARLY,POLICE,ASSIST FIRE - EMERGENCY,1,E-911,"LEWIS, LESLIE",NULL,2026-03-10 18:29:19.000,2026-03-10 18:29:25.000,2026-03-10 18:29:19.000,0,NULL,0,2026-03-10 18:30:46.787,87,87,0,2026-03-10 18:29:19.000,0,0,0,2026-03-10 18:30:46.933,87,86,1,2026-03-10 18:30:46.933,0,0,0,2026-03-10 18:32:56.613,130,129,1,2026-03-10 18:39:03.567,2026-03-10 18:43:51.000,0,NULL,NULL,872,871,1,NR-No Report
26-006021,2026-03-10 18:33:45.280,11,TUE,10,18,B,DAY,EARLY,FIRE,MUTUAL MVC,1,C2C,CAD to CAD Service 1,CAD to CAD Service 1,2026-03-10 18:32:13.000,NULL,2026-03-10 18:33:45.810,92,0,92,2026-03-10 18:33:45.873,0,0,0,NULL,NULL,NULL,NULL,2026-03-10 18:34:23.290,92,100,-8,2026-03-10 18:34:23.290,38,37,1,2026-03-10 18:38:37.950,254,254,0,2026-03-10 18:43:18.060,2026-03-10 18:54:05.927,0,NULL,2026-03-10 18:54:05.957,1312,1312,0,CAD2CAD
26-018438,2026-03-10 18:38:47.000,11,TUE,10,18,B,DAY,EARLY,POLICE,ASSIST OUTSIDE AGENCY,2,Phone,"DOGAN, KYLAH","GRAVES, CHRISTINA",2026-03-10 18:38:45.000,2026-03-10 18:40:56.000,2026-03-10 18:39:06.000,21,19,2,2026-03-10 18:48:44.860,578,578,0,2026-03-10 18:42:24.000,219,217,2,2026-03-10 18:48:45.330,599,599,0,2026-03-10 18:48:45.330,1,0,1,2026-03-10 18:55:38.350,413,413,0,2026-03-10 20:12:40.047,2026-03-10 20:12:40.047,0,NULL,2026-03-10 20:12:40.333,5635,5635,0,NR-No Report
26-018439,2026-03-10 18:41:42.000,11,TUE,10,18,B,DAY,EARLY,POLICE,OFF DUTY DETAIL,8,OFFICER,"ESCOBAR, STEVEN R",NULL,2026-03-10 18:41:42.000,2026-03-10 18:56:15.000,2026-03-10 18:41:42.000,0,1,-1,2026-03-10 18:41:42.000,0,0,0,2026-03-10 18:41:42.000,0,NULL,0,2026-03-10 18:41:42.000,0,0,0,2026-03-10 18:41:42.000,0,0,0,2026-03-10 18:41:42.000,0,0,0,2026-03-10 21:07:23.673,2026-03-10 21:07:23.673,0,NULL,2026-03-10 21:07:23.773,8741,8741,0,NR-No Report
26-018440,2026-03-10 18:44:50.000,11,TUE,10,18,B,DAY,EARLY,POLICE,SHOPLIFTING IN PROG,2,Radio,"GRAVES, CHRISTINA","GRAVES, CHRISTINA",2026-03-10 18:44:50.000,2026-03-10 18:44:52.000,2026-03-10 18:44:50.000,0,0,0,2026-03-10 18:44:50.000,0,0,0,2026-03-10 18:44:50.000,0,0,0,2026-03-10 18:45:00.610,0,0,0,2026-03-10 18:44:50.000,0,0,0,2026-03-10 18:44:50.000,0,0,0,2026-03-10 19:30:52.340,2026-03-10 19:51:37.853,0,NULL,2026-03-10 19:51:38.140,4007,4007,0,RE-Report
26-018444,2026-03-10 18:53:08.000,11,TUE,10,18,B,DAY,EARLY,POLICE,MVC HIT/RUN NO INJURY,4,E-911,"WELCH, KIMBERLY","GRAVES, CHRISTINA",2026-03-10 18:53:08.000,2026-03-10 18:56:36.000,2026-03-10 18:55:33.000,145,145,0,2026-03-10 19:50:34.290,3301,3301,0,2026-03-10 18:57:26.000,258,258,0,2026-03-10 19:50:38.360,3446,3446,0,2026-03-10 19:50:38.360,4,4,0,NULL,NULL,-9999,NULL,NULL,2026-03-10 23:06:20.000,0,NULL,NULL,15192,15192,0,CN-Cancellation
26-018445,2026-03-10 18:56:06.000,11,TUE,10,18,B,DAY,EARLY,POLICE,OFF DUTY DETAIL,8,OFFICER,"JONES, MARCELL L",NULL,2026-03-10 18:56:06.000,2026-03-10 18:56:22.000,2026-03-10 18:56:06.000,0,1,-1,2026-03-10 18:56:06.000,0,0,0,2026-03-10 18:56:06.000,0,NULL,0,2026-03-10 18:56:06.000,0,0,0,2026-03-10 18:56:06.000,0,0,0,2026-03-10 18:56:06.000,0,0,0,2026-03-11 01:27:46.617,2026-03-11 01:27:46.617,0,NULL,2026-03-11 01:27:46.817,23500,23500,0,NR-No Report
26-006022,2026-03-10 18:56:42.000,11,TUE,10,18,B,DAY,EARLY,FIRE,GAS LEAK - OUTSIDE,2,E-911,"WILLIAMS, DARNELL",Automatic Dispatch,2026-03-10 18:56:42.000,2026-03-10 18:57:26.000,2026-03-10 18:57:21.000,39,39,0,2026-03-10 18:57:23.577,2,2,0,2026-03-10 18:59:32.000,170,170,0,2026-03-10 18:57:57.483,41,41,0,2026-03-10 18:57:57.483,34,33,1,2026-03-10 19:00:09.870,132,132,0,2026-03-10 19:04:03.140,2026-03-10 19:07:30.310,0,NULL,2026-03-10 19:07:30.987,648,648,0,UNDEFINED
26-018446,2026-03-10 18:58:24.000,11,TUE,10,18,B,DAY,EARLY,POLICE,LARCENY FROM AUTO DELAY,4,Phone,"PICKERAL, LAUREN","PRIESTLY, SHAVAUGHN",2026-03-10 18:58:22.000,2026-03-10 19:18:57.000,2026-03-10 18:59:17.000,55,53,2,2026-03-10 23:23:38.933,15861,15861,0,2026-03-10 18:59:42.000,80,78,2,2026-03-10 23:23:39.010,15916,15916,0,2026-03-10 23:23:39.010,1,0,1,2026-03-10 23:25:28.967,109,109,0,2026-03-11 01:07:34.787,2026-03-11 01:07:34.787,0,NULL,2026-03-11 01:07:34.997,22152,22152,0,RE-Report
26-018449,2026-03-10 19:01:31.000,11,TUE,10,19,D,NIGHT,EARLY,POLICE,DIP - DRUNK/INTOX PERSON,2,Phone,"WILLIAMS, DARNELL","GRAVES, CHRISTINA",2026-03-10 19:01:29.000,2026-03-10 19:01:54.000,2026-03-10 19:01:48.000,19,17,2,2026-03-10 19:04:42.850,174,174,0,2026-03-10 19:03:34.000,125,123,2,2026-03-10 19:04:43.123,193,193,0,2026-03-10 19:04:43.123,1,0,1,2026-03-10 19:09:35.137,292,292,0,2026-03-10 19:05:36.083,2026-03-10 19:16:26.333,0,NULL,2026-03-10 19:16:26.527,897,897,0,NR-No Report
26-018450,2026-03-10 19:03:33.000,11,TUE,10,19,D,NIGHT,EARLY,POLICE,DISORDERLY CONDUCT,2,E-911,"DOGAN, KYLAH","GRAVES, CHRISTINA",2026-03-10 19:03:32.000,2026-03-10 19:05:36.000,2026-03-10 19:04:16.000,44,43,1,2026-03-10 19:40:01.513,2145,2145,0,2026-03-10 19:08:57.000,325,324,1,2026-03-10 19:40:05.177,2189,2189,0,2026-03-10 19:40:05.177,4,3,1,2026-03-10 19:45:16.613,311,311,0,2026-03-10 19:48:47.850,2026-03-10 19:55:46.430,0,NULL,2026-03-10 19:55:46.477,3134,3134,0,NR-No Report
26-018452,2026-03-10 19:06:55.000,11,TUE,10,19,D,NIGHT,EARLY,POLICE,PARKING COMPLAINT,4,Phone,"PICKERAL, LAUREN",NULL,2026-03-10 19:06:53.000,2026-03-10 19:11:30.000,2026-03-10 19:07:14.000,21,19,2,2026-03-10 19:16:22.270,548,548,0,2026-03-10 19:07:42.000,49,47,2,2026-03-10 19:16:22.270,569,569,0,2026-03-10 19:16:22.270,0,0,0,2026-03-10 19:37:40.067,1278,1277,1,2026-03-10 20:20:51.083,2026-03-10 20:20:51.083,0,NULL,2026-03-10 20:20:52.190,4438,4438,0,NR-No Report
26-018455,2026-03-10 19:18:28.000,11,TUE,10,19,D,NIGHT,EARLY,POLICE,DISORDERLY CONDUCT,3,E-911,"WILLIAMS, DARNELL","DOGAN, KYLAH",2026-03-10 19:18:28.000,2026-03-10 19:19:43.000,2026-03-10 19:19:39.000,71,71,0,2026-03-10 21:26:12.820,7593,7593,0,2026-03-10 19:20:21.000,113,113,0,2026-03-10 21:26:12.900,7664,7664,0,2026-03-10 21:26:12.900,0,0,0,2026-03-10 21:26:51.563,39,38,1,NULL,2026-03-10 21:36:13.000,0,NULL,NULL,8265,8265,0,NR-No Report
26-006023,2026-03-10 19:24:08.393,11,TUE,10,19,D,NIGHT,EARLY,FIRE,MUTUAL GAS LEAK,1,C2C,CAD to CAD Service 1,CAD to CAD Service 1,2026-03-10 19:22:42.000,NULL,2026-03-10 19:24:09.253,87,0,87,2026-03-10 19:24:09.333,0,0,0,NULL,NULL,NULL,NULL,2026-03-10 19:24:35.253,87,113,-26,2026-03-10 19:24:35.253,26,19,7,2026-03-10 19:28:47.613,252,252,0,2026-03-10 19:25:55.457,2026-03-10 19:44:40.363,0,NULL,2026-03-10 19:44:40.443,1318,1318,0,CAD2CAD
26-006024,2026-03-10 19:32:07.000,11,TUE,10,19,D,NIGHT,EARLY,FIRE,ELEVATOR,3,Phone,"WILLIAMS, DARNELL",Automatic Dispatch,2026-03-10 19:32:05.000,2026-03-10 19:32:45.000,2026-03-10 19:32:29.000,24,22,2,2026-03-10 19:32:31.157,2,2,0,2026-03-10 19:33:54.000,109,107,2,2026-03-10 19:34:25.857,26,26,0,2026-03-10 19:34:25.857,114,114,0,2026-03-10 19:41:43.293,438,437,1,2026-03-10 19:52:40.660,2026-03-10 19:52:40.660,0,NULL,2026-03-10 19:52:40.707,1235,1235,0,CAD2CAD
26-018458,2026-03-10 19:34:34.000,11,TUE,10,19,D,NIGHT,EARLY,POLICE,ASSIST CITIZEN DELAY,4,Phone,"WILLIAMS, DARNELL",NULL,2026-03-10 19:34:32.000,2026-03-10 19:36:32.000,2026-03-10 19:35:12.000,40,38,2,2026-03-10 22:10:23.867,9311,9311,0,2026-03-10 19:36:59.000,147,145,2,2026-03-10 22:10:23.867,9351,9351,0,2026-03-10 22:10:23.867,0,-9999,9999,2026-03-10 22:11:04.897,41,41,0,2026-03-10 22:31:10.280,2026-03-10 22:32:21.793,0,NULL,2026-03-10 22:32:21.823,10669,10669,0,NR-No Report
26-006025,2026-03-10 19:37:49.000,11,TUE,10,19,D,NIGHT,EARLY,FIRE,FIRE ALARM,3,Phone,"WILLIAMS, DARNELL",Automatic Dispatch,2026-03-10 19:37:47.000,2026-03-10 19:38:20.000,2026-03-10 19:38:02.000,15,13,2,2026-03-10 19:38:04.753,2,2,0,2026-03-10 19:40:19.000,152,150,2,2026-03-10 19:39:51.873,17,17,0,2026-03-10 19:39:51.873,107,107,0,2026-03-10 19:43:09.173,198,197,1,2026-03-10 19:49:57.807,2026-03-10 19:49:57.807,0,NULL,2026-03-10 19:49:57.863,730,730,0,UNDEFINED
26-006026,2026-03-10 19:37:58.000,11,TUE,10,19,D,NIGHT,EARLY,FIRE,MVC AUTO,2,Phone,"GRAVES, CHRISTINA",Automatic Dispatch,2026-03-10 19:37:56.000,2026-03-10 19:40:08.000,2026-03-10 19:39:15.000,79,77,2,2026-03-10 19:39:17.653,2,2,0,2026-03-10 19:40:25.000,149,147,2,2026-03-10 19:39:47.947,81,81,0,2026-03-10 19:39:47.947,30,30,0,2026-03-10 19:41:56.510,129,128,1,2026-03-10 19:44:43.587,2026-03-10 19:45:36.740,0,NULL,2026-03-10 19:45:36.877,460,460,0,UNDEFINED
26-018461,2026-03-10 19:38:36.000,11,TUE,10,19,D,NIGHT,EARLY,POLICE,PUBLIC SERVICE MULTI OFFICER,4,Phone,"PRIESTLY, SHAVAUGHN","DOGAN, KYLAH",2026-03-10 19:38:35.000,2026-03-10 19:55:22.000,2026-03-10 19:42:53.000,258,257,1,2026-03-10 20:57:16.293,4463,4463,0,2026-03-10 20:07:30.000,1735,1734,1,2026-03-10 20:57:16.387,4721,4721,0,2026-03-10 20:57:16.387,0,0,0,2026-03-10 20:57:31.950,15,15,0,2026-03-10 22:44:10.450,2026-03-10 22:44:10.450,0,NULL,2026-03-10 22:44:10.517,11135,11135,0,NR-No Report
26-006027,2026-03-10 19:39:17.000,11,TUE,10,19,D,NIGHT,EARLY,EMS,TROUBLE BREATHING ALS 1,1,E-911,"WILLIAMS, DARNELL","LEWIS, LESLIE",2026-03-10 19:39:17.000,2026-03-10 19:40:48.000,2026-03-10 19:40:42.000,85,85,0,2026-03-10 19:40:45.363,3,3,0,2026-03-10 19:42:42.000,205,205,0,2026-03-10 19:44:49.870,88,88,0,2026-03-10 19:44:49.870,244,244,0,2026-03-10 19:50:02.043,313,312,1,2026-03-10 19:49:49.130,2026-03-10 20:36:49.227,0,NULL,2026-03-10 20:36:49.313,3452,3452,0,UNDEFINED
26-018462,2026-03-10 19:43:36.000,11,TUE,10,19,D,NIGHT,EARLY,POLICE,ASSIST OUTSIDE AGENCY,2,Phone,"JACKSON, MALIKA","GRAVES, CHRISTINA",2026-03-10 19:43:34.000,2026-03-10 19:45:36.000,2026-03-10 19:45:25.000,111,109,2,2026-03-10 19:52:38.513,433,433,0,2026-03-10 19:47:11.000,217,215,2,2026-03-10 19:53:03.333,544,544,0,2026-03-10 19:53:03.333,25,7,18,2026-03-10 20:02:27.380,564,564,0,2026-03-10 19:54:13.317,2026-03-10 20:27:31.220,0,NULL,2026-03-10 20:27:31.283,2637,2637,0,NR-No Report
26-018463,2026-03-10 19:47:33.000,11,TUE,10,19,D,NIGHT,EARLY,POLICE,MVC PROPERTY DAMAGE,2,Phone,"GRAVES, CHRISTINA","DOGAN, KYLAH",2026-03-10 19:47:31.000,2026-03-10 19:54:31.000,2026-03-10 19:48:55.000,84,82,2,2026-03-10 20:13:00.520,1445,1445,0,2026-03-10 19:50:57.000,206,204,2,2026-03-10 20:13:02.163,1529,1529,0,2026-03-10 20:13:02.163,2,1,1,2026-03-10 20:24:29.487,687,687,0,2026-03-10 20:57:01.233,2026-03-10 20:57:01.233,0,NULL,2026-03-10 20:57:01.370,4170,4170,0,NR-No Report
26-006028,2026-03-10 19:48:35.227,11,TUE,10,19,D,NIGHT,EARLY,FIRE,MUTUAL STRUCTURE FIRE,1,C2C,CAD to CAD Service 1,CAD to CAD Service 1,2026-03-10 19:47:15.000,2026-03-10 19:49:05.000,2026-03-10 19:48:36.023,81,0,81,2026-03-10 19:48:36.147,0,0,0,NULL,NULL,NULL,NULL,2026-03-10 19:48:52.887,81,88,-7,2026-03-10 19:48:52.887,16,9,7,2026-03-10 19:51:25.703,153,152,1,2026-03-10 19:54:07.770,2026-03-10 22:57:20.013,0,NULL,2026-03-10 22:57:20.060,11405,11405,0,UNDEFINED
26-006029,2026-03-10 19:51:04.000,11,TUE,10,19,D,NIGHT,EARLY,EMS,FALL BLS,3,E-911,"JACKSON, MALIKA",Automatic Dispatch,2026-03-10 19:51:04.000,2026-03-10 19:52:11.000,2026-03-10 19:51:58.000,54,54,0,2026-03-10 19:52:00.773,2,2,0,2026-03-10 19:53:51.000,167,167,0,2026-03-10 19:52:05.680,56,56,0,2026-03-10 19:52:05.680,5,4,1,2026-03-10 19:53:17.333,72,71,1,2026-03-10 20:10:30.963,2026-03-10 21:17:37.633,0,NULL,2026-03-10 21:17:37.753,5193,5193,0,UNDEFINED
26-018464,2026-03-10 19:55:48.000,11,TUE,10,19,D,NIGHT,EARLY,POLICE,SUSPICIOUS PACKAGE,2,Phone,"WILLIAMS, DARNELL","GRAVES, CHRISTINA",2026-03-10 19:55:47.000,2026-03-10 19:56:40.000,2026-03-10 19:56:34.000,47,46,1,2026-03-10 19:58:23.003,109,109,0,2026-03-10 19:57:54.000,127,126,1,2026-03-10 19:58:25.783,156,156,0,2026-03-10 19:58:25.783,2,2,0,2026-03-10 19:58:26.750,1,0,1,2026-03-10 20:05:51.300,2026-03-10 20:05:51.300,0,NULL,2026-03-10 20:05:51.357,604,604,0,NR-No Report
26-018466,2026-03-10 20:15:30.000,11,TUE,10,20,D,NIGHT,EARLY,POLICE,WEAPON VIOL KNIFE IN PROG,1,Phone,"PRIESTLY, SHAVAUGHN",NULL,2026-03-10 20:15:29.000,2026-03-10 20:16:15.000,2026-03-10 20:15:46.000,17,16,1,2026-03-10 20:28:16.113,750,750,0,2026-03-10 20:18:36.000,187,186,1,2026-03-10 20:28:21.497,767,767,0,2026-03-10 20:28:21.497,5,5,0,2026-03-10 20:33:13.140,292,291,1,2026-03-10 21:15:01.973,2026-03-11 01:35:29.120,0,NULL,2026-03-11 01:35:29.210,19200,19200,0,RE-Report
26-006030,2026-03-10 20:20:30.000,11,TUE,10,20,D,NIGHT,EARLY,EMS,BLS EMERGENCY,3,E-911,"WILLIAMS, DARNELL",Automatic Dispatch,2026-03-10 20:20:30.000,2026-03-10 20:22:11.000,2026-03-10 20:21:44.000,74,74,0,2026-03-10 20:21:46.613,2,2,0,2026-03-10 20:23:47.000,197,197,0,2026-03-10 20:23:12.967,76,76,0,2026-03-10 20:23:12.967,86,86,0,2026-03-10 20:31:34.370,502,501,1,2026-03-10 21:45:21.123,2026-03-10 21:45:21.123,0,NULL,2026-03-10 21:45:21.380,5091,5091,0,UNDEFINED
26-006031,2026-03-10 20:24:06.000,11,TUE,10,20,D,NIGHT,EARLY,EMS,SEIZURE ALS 1,1,E-911,"GRAVES, CHRISTINA",Automatic Dispatch,2026-03-10 20:24:06.000,2026-03-10 20:24:57.000,2026-03-10 20:24:38.000,32,32,0,2026-03-10 20:24:40.183,2,2,0,2026-03-10 20:29:14.000,308,308,0,2026-03-10 20:25:08.297,34,34,0,2026-03-10 20:25:08.297,28,28,0,2026-03-10 20:29:23.540,255,255,0,2026-03-10 20:53:50.513,2026-03-10 21:33:39.750,0,NULL,2026-03-10 21:33:39.797,4173,4173,0,CAD2CAD
26-006032,2026-03-10 20:31:40.000,11,TUE,10,20,D,NIGHT,EARLY,EMS,ALLERGIC REACTION - BLS,3,E-911,"GRAVES, CHRISTINA",Automatic Dispatch,2026-03-10 20:31:39.000,2026-03-10 20:32:30.000,2026-03-10 20:32:08.000,29,28,1,2026-03-10 20:32:10.570,2,2,0,2026-03-10 20:56:34.000,1495,1494,1,2026-03-10 20:33:17.470,31,31,0,2026-03-10 20:33:17.470,67,66,1,2026-03-10 20:39:36.403,379,378,1,2026-03-10 21:08:44.363,2026-03-10 21:08:44.363,0,NULL,2026-03-10 21:08:44.487,2225,2225,0,UNDEFINED
26-006033,2026-03-10 20:39:33.000,11,TUE,10,20,D,NIGHT,EARLY,FIRE,MVC AUTO,2,NOT CAPTURED,"JACKSON, MALIKA",Automatic Dispatch,2026-03-10 20:39:33.000,2026-03-10 20:39:40.000,2026-03-10 20:39:33.000,0,NULL,0,2026-03-10 20:39:35.690,2,2,0,2026-03-10 20:39:33.000,0,0,0,NULL,2,2,0,NULL,NULL,-9999,NULL,NULL,NULL,-9999,NULL,2026-03-10 20:40:53.843,2026-03-10 20:41:15.063,0,NULL,2026-03-10 20:41:15.213,102,102,0,UNDEFINED
26-018471,2026-03-10 20:42:48.000,11,TUE,10,20,D,NIGHT,EARLY,POLICE,NOISE COMPLAINT DELAY,4,Phone,"WILLIAMS, DARNELL","PRIESTLY, SHAVAUGHN",2026-03-10 20:42:47.000,2026-03-10 20:44:07.000,2026-03-10 20:43:10.000,23,22,1,2026-03-10 22:44:29.387,7279,7279,0,2026-03-10 20:44:03.000,76,75,1,2026-03-10 22:44:29.477,7302,7302,0,2026-03-10 22:44:29.477,0,0,0,2026-03-10 22:45:08.147,39,38,1,2026-03-10 22:50:02.290,2026-03-10 22:50:02.290,0,NULL,2026-03-10 22:50:02.610,7635,7635,0,NR-No Report
26-018472,2026-03-10 20:47:52.000,11,TUE,10,20,D,NIGHT,EARLY,POLICE,MENTAL HEALTH CASE,2,E-911,"JACKSON, MALIKA","DOGAN, KYLAH",2026-03-10 20:47:52.000,2026-03-10 20:51:34.000,2026-03-10 20:50:24.000,152,152,0,2026-03-10 21:06:00.133,936,936,0,2026-03-10 20:53:25.000,333,333,0,2026-03-10 21:06:00.257,1088,1088,0,2026-03-10 21:06:00.257,0,0,0,2026-03-10 21:23:26.507,1046,1046,0,NULL,2026-03-10 21:26:08.000,0,NULL,NULL,2296,2296,0,NR-No Report
26-018476,2026-03-10 20:56:41.000,11,TUE,10,20,D,NIGHT,EARLY,POLICE,DOMESTIC VIOL NO INJ,2,E-911,"WILLIAMS, DARNELL","DOGAN, KYLAH",2026-03-10 20:56:40.000,2026-03-10 20:59:26.000,2026-03-10 20:57:57.000,77,76,1,2026-03-10 20:59:41.587,104,104,0,2026-03-10 21:05:57.000,557,556,1,2026-03-10 20:59:45.717,181,181,0,2026-03-10 20:59:45.717,4,4,0,2026-03-10 21:04:56.193,311,310,1,2026-03-10 23:24:21.887,2026-03-10 23:24:30.650,0,NULL,2026-03-10 23:24:30.750,8870,8870,0,RE-Report
26-018474,2026-03-10 20:57:41.450,11,TUE,10,20,D,NIGHT,EARLY,POLICE,MVC PROPERTY DAMAGE,2,Radio,"LEWIS, LESLIE","DOGAN, KYLAH",2026-03-10 20:57:41.450,2026-03-10 20:58:49.000,2026-03-10 20:57:41.450,0,0,0,2026-03-10 21:35:22.630,2261,2261,0,2026-03-10 20:57:41.450,0,NULL,0,2026-03-10 21:35:22.763,2261,2261,0,2026-03-10 21:35:22.763,0,0,0,2026-03-10 21:35:24.240,2,1,1,2026-03-10 22:25:19.280,2026-03-10 22:25:19.280,0,NULL,2026-03-10 22:25:19.713,5258,5257,1,NR-No Report
26-006035,2026-03-10 20:59:37.000,11,TUE,10,20,D,NIGHT,EARLY,EMS,TROUBLE BREATHING ALS 1,1,E-911,"PRIESTLY, SHAVAUGHN",Automatic Dispatch,2026-03-10 20:59:37.000,2026-03-10 21:00:39.000,2026-03-10 21:00:12.000,35,35,0,2026-03-10 21:00:14.303,2,2,0,2026-03-10 21:02:14.000,157,157,0,2026-03-10 21:01:16.797,37,37,0,2026-03-10 21:01:16.797,62,62,0,2026-03-10 21:06:40.067,324,323,1,2026-03-10 21:16:37.670,2026-03-10 21:16:55.833,0,NULL,2026-03-10 21:16:55.923,1038,1038,0,UNDEFINED
26-018479,2026-03-10 21:05:22.000,11,TUE,10,21,D,NIGHT,EARLY,POLICE,FIGHT NO WEAPONS,2,E-911,"PRIESTLY, SHAVAUGHN","DOGAN, KYLAH",2026-03-10 21:05:22.000,2026-03-10 21:07:17.000,2026-03-10 21:06:55.000,93,93,0,2026-03-10 21:08:08.777,73,73,0,2026-03-10 21:07:19.000,117,117,0,2026-03-10 21:08:08.840,166,166,0,2026-03-10 21:08:08.840,0,0,0,2026-03-10 21:21:27.883,799,799,0,2026-03-10 21:26:00.873,2026-03-10 21:37:56.963,0,NULL,2026-03-10 21:37:57.073,1954,1954,0,NR-No Report
26-018481,2026-03-10 21:07:25.000,11,TUE,10,21,D,NIGHT,EARLY,POLICE,ASSIST CITIZEN PROMPT,3,E-911,"GRAVES, CHRISTINA","DOGAN, KYLAH",2026-03-10 21:07:25.000,2026-03-10 21:18:50.000,2026-03-10 21:13:57.000,392,392,0,2026-03-10 22:20:00.903,3963,3963,0,2026-03-10 21:21:08.000,823,823,0,2026-03-10 22:20:01.000,4355,4355,0,2026-03-10 22:20:01.000,1,0,1,NULL,NULL,-9999,NULL,2026-03-10 23:19:32.957,2026-03-10 23:43:59.547,0,NULL,2026-03-10 23:43:59.613,9394,9394,0,NR-No Report
26-006036,2026-03-10 21:18:14.987,11,TUE,10,21,D,NIGHT,EARLY,EMS,ASSAULT - BLS,3,NOT CAPTURED,"DOGAN, KYLAH",Automatic Dispatch,2026-03-10 21:18:14.987,2026-03-10 21:18:32.000,2026-03-10 21:18:14.987,0,1,-1,2026-03-10 21:18:17.630,3,2,1,2026-03-10 21:18:14.987,0,NULL,0,2026-03-10 21:19:56.597,3,2,1,2026-03-10 21:19:56.597,99,98,1,2026-03-10 21:26:56.690,420,420,0,2026-03-10 21:36:28.033,2026-03-10 21:36:28.033,0,NULL,2026-03-10 21:36:28.143,1094,1093,1,UNDEFINED
26-018483,2026-03-10 21:27:10.000,11,TUE,10,21,D,NIGHT,EARLY,POLICE,DISORDERLY CONDUCT,2,E-911,"PRIESTLY, SHAVAUGHN","PRIESTLY, SHAVAUGHN",2026-03-10 21:27:10.000,2026-03-10 21:30:48.000,2026-03-10 21:27:43.000,33,33,0,2026-03-10 22:33:26.007,3943,3943,0,2026-03-10 21:29:54.000,164,164,0,2026-03-10 22:33:29.940,3976,3976,0,2026-03-10 22:33:29.940,3,3,0,2026-03-10 22:43:52.923,623,622,1,2026-03-10 22:38:34.610,2026-03-10 22:54:48.430,0,NULL,2026-03-10 22:54:48.457,5258,5258,0,NR-No Report
26-018484,2026-03-10 21:33:30.000,11,TUE,10,21,D,NIGHT,EARLY,POLICE,ALARM COMMERCIAL,2,Phone,"PRIESTLY, SHAVAUGHN","DOGAN, KYLAH",2026-03-10 21:33:29.000,2026-03-10 21:33:52.000,2026-03-10 21:33:49.000,20,19,1,2026-03-10 22:21:56.797,2887,2887,0,2026-03-10 21:34:59.000,90,89,1,2026-03-10 22:22:00.687,2907,2907,0,2026-03-10 22:22:00.687,4,3,1,2026-03-10 22:35:00.453,780,779,1,2026-03-10 22:36:48.273,2026-03-10 22:40:07.600,0,NULL,2026-03-10 22:40:07.627,3998,3998,0,FALSE-False Alarm
26-018486,2026-03-10 21:34:05.000,11,TUE,10,21,D,NIGHT,EARLY,POLICE,DOMESTIC VIOL NO INJ,2,E-911,"WILLIAMS, DARNELL","PRIESTLY, SHAVAUGHN",2026-03-10 21:34:05.000,2026-03-10 21:40:22.000,2026-03-10 21:37:28.000,203,203,0,2026-03-10 22:38:28.260,3660,3660,0,2026-03-10 21:39:10.000,305,305,0,2026-03-10 22:38:31.203,3863,3863,0,2026-03-10 22:38:31.203,3,2,1,2026-03-10 22:51:43.573,792,792,0,2026-03-10 23:45:51.660,2026-03-11 04:52:05.383,0,NULL,2026-03-11 04:52:05.397,26280,26280,0,RE-Report
26-006037,2026-03-10 21:46:35.017,11,TUE,10,21,D,NIGHT,EARLY,EMS,MUTUAL BLS,1,C2C,CAD to CAD Service 1,CAD to CAD Service 1,2026-03-10 21:36:22.000,NULL,2026-03-10 21:46:36.453,614,0,614,2026-03-10 21:46:37.000,1,0,1,NULL,NULL,NULL,NULL,2026-03-10 21:47:26.173,615,-9999,10614,2026-03-10 21:47:26.173,49,49,0,2026-03-10 21:53:14.080,348,347,1,2026-03-10 22:13:08.767,2026-03-10 22:55:47.177,0,NULL,2026-03-10 22:55:47.490,4765,4765,0,CAD2CAD
26-018489,2026-03-10 21:56:54.000,11,TUE,10,21,D,NIGHT,EARLY,POLICE,FLAG DOWN,2,Radio,"DOGAN, KYLAH","PRIESTLY, SHAVAUGHN",2026-03-10 21:56:54.000,2026-03-10 21:58:15.000,2026-03-10 21:56:54.000,0,0,0,2026-03-10 21:56:54.000,0,0,0,2026-03-10 21:56:54.000,0,0,0,2026-03-10 22:02:55.590,0,0,0,2026-03-10 21:56:54.000,0,0,0,2026-03-10 21:56:54.000,0,0,0,2026-03-10 22:04:02.210,2026-03-10 23:27:12.193,0,NULL,2026-03-10 23:27:12.293,5418,5418,0,NR-No Report
26-018490,2026-03-10 22:05:33.000,11,TUE,10,22,D,NIGHT,MIDS,POLICE,ASSAULT NO INJURY IN PROG,2,Radio,"PRIESTLY, SHAVAUGHN",NULL,2026-03-10 22:05:33.000,2026-03-10 22:06:03.000,2026-03-10 22:05:33.000,0,0,0,2026-03-10 22:05:33.000,0,0,0,2026-03-10 22:05:33.000,0,0,0,2026-03-10 22:05:58.893,0,0,0,2026-03-10 22:05:33.000,0,0,0,2026-03-10 22:05:33.000,0,0,0,2026-03-10 22:09:36.830,2026-03-11 03:07:08.240,0,NULL,2026-03-11 03:07:08.673,18095,18095,0,RE-Report
26-018492,2026-03-10 22:06:14.000,11,TUE,10,22,D,NIGHT,MIDS,POLICE,TROUBLE UNKNOWN NO EMS,2,E-911,"MACK, BRIANA","DOGAN, KYLAH",2026-03-10 22:06:13.000,2026-03-10 22:11:36.000,2026-03-10 22:08:29.000,136,135,1,2026-03-10 22:23:51.350,922,922,0,2026-03-10 22:10:58.000,285,284,1,2026-03-10 22:23:57.967,1058,1058,0,2026-03-10 22:23:57.967,6,6,0,2026-03-10 22:27:08.290,191,190,1,2026-03-10 22:54:54.780,2026-03-10 22:57:24.407,0,NULL,2026-03-10 22:57:24.507,3071,3071,0,NR-No Report
26-018491,2026-03-10 22:07:26.000,11,TUE,10,22,D,NIGHT,MIDS,POLICE,FLAG DOWN,2,OFFICER,"SEARLES, TYNISHA",NULL,2026-03-10 22:07:26.000,2026-03-10 22:07:51.000,2026-03-10 22:07:26.000,0,1,-1,2026-03-10 22:07:26.000,0,0,0,2026-03-10 22:07:26.000,0,NULL,0,2026-03-10 22:07:26.000,0,0,0,2026-03-10 22:07:26.000,0,0,0,2026-03-10 22:07:26.000,0,0,0,2026-03-10 22:09:17.623,2026-03-10 23:01:33.527,0,NULL,2026-03-10 23:01:33.543,3247,3247,0,NR-No Report
26-006038,2026-03-10 22:17:28.000,11,TUE,10,22,D,NIGHT,MIDS,EMS,BLS EMERGENCY,3,E-911,"JACKSON, MALIKA",Automatic Dispatch,2026-03-10 22:17:27.000,2026-03-10 22:19:48.000,2026-03-10 22:19:33.000,126,125,1,2026-03-10 22:19:35.903,2,2,0,2026-03-10 22:20:29.000,182,181,1,2026-03-10 22:20:36.237,128,128,0,2026-03-10 22:20:36.237,61,60,1,2026-03-10 22:26:06.900,330,330,0,2026-03-10 22:41:30.867,2026-03-10 23:19:51.587,0,NULL,2026-03-10 23:19:51.690,3744,3744,0,UNDEFINED
26-018493,2026-03-10 22:23:20.000,11,TUE,10,22,D,NIGHT,MIDS,POLICE,SUSPICIOUS EVENT,2,E-911,"WILLIAMS, DARNELL","PRIESTLY, SHAVAUGHN",2026-03-10 22:23:20.000,2026-03-10 22:24:30.000,2026-03-10 22:23:41.000,21,21,0,2026-03-10 22:37:13.893,812,812,0,2026-03-10 22:25:54.000,154,154,0,2026-03-10 22:37:14.247,833,833,0,2026-03-10 22:37:14.247,1,0,1,2026-03-10 22:40:41.007,207,206,1,2026-03-10 22:44:48.170,2026-03-10 22:44:48.170,0,NULL,2026-03-10 22:44:48.227,1288,1288,0,NR-No Report
26-006039,2026-03-10 22:24:41.000,11,TUE,10,22,D,NIGHT,MIDS,FIRE,CO ALARM,2,Phone,"MACK, BRIANA",Automatic Dispatch,2026-03-10 22:24:39.000,2026-03-10 22:25:39.000,2026-03-10 22:25:23.000,44,42,2,2026-03-10 22:25:26.007,3,3,0,2026-03-10 22:27:28.000,169,167,2,2026-03-10 22:26:44.137,47,47,0,2026-03-10 22:26:44.137,78,78,0,2026-03-10 22:29:27.983,163,163,0,2026-03-10 22:50:22.957,2026-03-10 22:50:22.957,0,NULL,2026-03-10 22:50:23.270,1543,1543,0,UNDEFINED
26-006040,2026-03-10 22:27:26.453,11,TUE,10,22,D,NIGHT,MIDS,EMS,UNKNOWN MEDICAL ALS 1,1,NOT CAPTURED,"DOGAN, KYLAH",Automatic Dispatch,2026-03-10 22:27:26.453,2026-03-10 22:28:07.000,2026-03-10 22:27:26.453,0,1,-1,2026-03-10 22:27:29.173,3,2,1,2026-03-10 22:27:26.453,0,NULL,0,2026-03-10 22:28:44.333,3,2,1,2026-03-10 22:28:44.333,75,75,0,2026-03-10 22:33:25.380,281,281,0,2026-03-10 22:56:46.147,2026-03-10 22:56:52.003,0,NULL,2026-03-10 22:56:52.127,1766,1765,1,UNDEFINED
26-006041,2026-03-10 22:32:41.000,11,TUE,10,22,D,NIGHT,MIDS,FIRE,CO ALARM,2,Phone,"WILLIAMS, DARNELL",Automatic Dispatch,2026-03-10 22:32:40.000,2026-03-10 22:33:14.000,2026-03-10 22:32:58.000,18,17,1,2026-03-10 22:33:00.583,2,2,0,2026-03-10 22:33:59.000,79,78,1,2026-03-10 22:34:05.473,20,20,0,2026-03-10 22:34:05.473,65,64,1,2026-03-10 22:38:31.323,266,265,1,2026-03-10 22:49:23.490,2026-03-10 22:49:23.490,0,NULL,2026-03-10 22:49:23.847,1003,1003,0,UNDEFINED
26-018495,2026-03-10 22:36:25.000,11,TUE,10,22,D,NIGHT,MIDS,POLICE,PARKING COMPLAINT,4,Phone,"MACK, BRIANA",NULL,2026-03-10 22:36:24.000,2026-03-10 22:44:53.000,2026-03-10 22:36:54.000,30,29,1,2026-03-10 22:38:49.427,115,115,0,2026-03-10 22:38:27.000,123,122,1,2026-03-10 22:38:49.427,145,145,0,2026-03-10 22:38:49.427,0,-9999,9999,2026-03-10 22:42:28.723,219,219,0,2026-03-10 23:05:30.037,2026-03-10 23:05:30.037,0,NULL,2026-03-10 23:05:30.377,1746,1746,0,NR-No Report
26-018496,2026-03-10 22:38:48.000,11,TUE,10,22,D,NIGHT,MIDS,POLICE,ALARM COMMERCIAL,2,Phone,"JACKSON, MALIKA","PRIESTLY, SHAVAUGHN",2026-03-10 22:38:46.000,2026-03-10 22:41:41.000,2026-03-10 22:39:52.000,66,64,2,2026-03-10 22:50:18.913,626,626,0,2026-03-10 22:40:34.000,108,106,2,2026-03-10 22:50:20.897,692,692,0,2026-03-10 22:50:20.897,2,1,1,2026-03-10 22:50:50.067,30,29,1,2026-03-10 23:39:16.713,2026-03-10 23:39:16.713,0,NULL,2026-03-10 23:39:16.927,3630,3630,0,NR-No Report
26-018497,2026-03-10 22:54:05.000,11,TUE,10,22,D,NIGHT,MIDS,POLICE,OFF DUTY DETAIL,8,OFFICER,"ROLON, CARLOS M",NULL,2026-03-10 22:54:05.000,2026-03-10 22:54:14.000,2026-03-10 22:54:05.000,0,1,-1,2026-03-10 22:54:05.000,0,0,0,2026-03-10 22:54:05.000,0,NULL,0,2026-03-10 22:54:05.000,0,0,0,2026-03-10 22:54:05.000,0,0,0,2026-03-10 22:54:05.000,0,0,0,2026-03-11 02:48:28.490,2026-03-11 02:48:28.490,0,NULL,2026-03-11 02:48:28.583,14063,14063,0,NR-No Report
26-018498,2026-03-10 23:04:20.000,11,TUE,10,23,D,NIGHT,MIDS,POLICE,PARKING COMPLAINT,4,Phone,"JACKSON, MALIKA","PRIESTLY, SHAVAUGHN",2026-03-10 23:04:20.000,2026-03-10 23:23:41.000,2026-03-10 23:04:33.000,13,13,0,2026-03-10 23:58:43.920,3250,3250,0,2026-03-10 23:05:53.000,93,93,0,2026-03-10 23:58:43.983,3263,3263,0,2026-03-10 23:58:43.983,0,0,0,2026-03-10 23:58:44.040,1,0,1,2026-03-10 23:59:34.690,2026-03-10 23:59:34.690,0,NULL,2026-03-10 23:59:34.800,3314,3314,0,NR-No Report
26-006042,2026-03-10 23:19:32.837,11,TUE,10,23,D,NIGHT,MIDS,EMS,MUTUAL BLS,1,C2C,CAD to CAD Service 1,CAD to CAD Service 1,2026-03-10 23:16:30.000,NULL,2026-03-10 23:19:33.587,183,0,183,2026-03-10 23:19:33.713,0,0,0,NULL,NULL,NULL,NULL,2026-03-10 23:20:41.653,183,-9999,10182,2026-03-10 23:20:41.653,68,67,1,2026-03-10 23:29:46.173,545,544,1,2026-03-11 01:12:11.907,2026-03-11 01:12:11.907,0,NULL,2026-03-11 01:12:12.087,6941,6941,0,UNDEFINED
26-018499,2026-03-10 23:25:16.000,11,TUE,10,23,D,NIGHT,MIDS,POLICE,POLICE INFORMATION,4,Phone,"DOGAN, KYLAH",NULL,2026-03-10 23:25:16.000,2026-03-10 23:27:09.000,2026-03-10 23:25:39.000,23,23,0,2026-03-10 23:27:18.920,99,99,0,2026-03-10 23:36:29.000,673,673,0,2026-03-10 23:27:23.027,122,122,0,2026-03-10 23:27:23.027,5,4,1,2026-03-10 23:30:17.020,174,173,1,2026-03-11 00:11:58.073,2026-03-11 04:20:07.000,0,NULL,NULL,17691,17691,0,RE-Report
26-006043,2026-03-10 23:25:39.000,11,TUE,10,23,D,NIGHT,MIDS,EMS,UNKNOWN MEDICAL ALS 1,1,NOT CAPTURED,"DOGAN, KYLAH",Automatic Dispatch,2026-03-10 23:25:39.000,2026-03-10 23:26:31.000,2026-03-10 23:25:39.000,0,NULL,0,2026-03-10 23:25:42.497,3,3,0,2026-03-10 23:25:39.000,0,0,0,2026-03-10 23:27:22.300,3,2,1,2026-03-10 23:27:22.300,100,99,1,2026-03-10 23:30:24.157,182,181,1,2026-03-10 23:35:06.647,2026-03-11 00:02:28.680,0,NULL,2026-03-11 00:02:28.823,2209,2208,1,UNDEFINED
26-018500,2026-03-10 23:30:49.000,11,TUE,10,23,D,NIGHT,MIDS,POLICE,TRAFFIC STOP,2,OFFICER,"PRIESTLY, SHAVAUGHN","PRIESTLY, SHAVAUGHN",2026-03-10 23:30:49.000,NULL,2026-03-10 23:30:49.000,0,0,0,2026-03-10 23:30:49.000,0,0,0,2026-03-10 23:30:49.000,0,0,0,2026-03-10 23:36:46.690,0,0,0,2026-03-10 23:30:49.000,0,0,0,2026-03-10 23:30:49.000,0,0,0,2026-03-10 23:42:07.097,2026-03-10 23:44:02.380,0,NULL,2026-03-10 23:44:02.490,793,793,0,NR-No Report
26-018502,2026-03-10 23:45:16.000,11,TUE,10,23,D,NIGHT,MIDS,POLICE,OCCUPIED VEHICLE CHECK,2,OFFICER,"PRIESTLY, SHAVAUGHN","PRIESTLY, SHAVAUGHN",2026-03-10 23:45:16.000,2026-03-10 23:45:36.687,2026-03-10 23:45:16.000,0,0,0,2026-03-10 23:45:16.000,0,0,0,2026-03-10 23:45:16.000,0,0,0,2026-03-10 23:45:43.120,0,0,0,2026-03-10 23:45:16.000,0,0,0,2026-03-10 23:45:16.000,0,0,0,2026-03-10 23:51:55.450,2026-03-10 23:52:33.737,0,NULL,2026-03-10 23:52:33.803,437,437,0,NR-No Report
26-018505,2026-03-10 23:56:48.000,11,TUE,10,23,D,NIGHT,MIDS,POLICE,TRAFFIC STOP,2,OFFICER,"PRIESTLY, SHAVAUGHN","PRIESTLY, SHAVAUGHN",2026-03-10 23:56:48.000,2026-03-11 00:07:53.000,2026-03-10 23:56:48.000,0,0,0,2026-03-10 23:56:48.000,0,0,0,2026-03-10 23:56:48.000,0,0,0,2026-03-10 23:59:57.777,0,0,0,2026-03-10 23:56:48.000,0,0,0,2026-03-10 23:56:48.000,0,0,0,2026-03-11 00:10:12.353,2026-03-11 00:12:31.610,0,NULL,2026-03-11 00:12:31.683,943,943,0,CI-Citation
26-018507,2026-03-11 00:07:48.000,11,WED,11,0,C,NIGHT,MIDS,POLICE,DISORDERLY CONDUCT,2,E-911,"MACK, BRIANA","DOGAN, KYLAH",2026-03-11 00:07:48.000,2026-03-11 00:11:06.000,2026-03-11 00:09:44.000,116,116,0,2026-03-11 00:13:11.977,207,207,0,2026-03-11 00:20:27.000,759,759,0,2026-03-11 00:13:12.143,323,323,0,2026-03-11 00:13:12.143,1,0,1,2026-03-11 00:19:33.707,381,381,0,2026-03-11 00:25:46.250,2026-03-11 00:28:14.253,0,NULL,2026-03-11 00:28:14.283,1226,1226,0,NR-No Report
26-006044,2026-03-11 00:31:12.000,11,WED,11,0,C,NIGHT,MIDS,FIRE,FIRE ALARM,3,Phone,"WILLIAMS, DARNELL",Automatic Dispatch,2026-03-11 00:31:11.000,2026-03-11 00:34:15.000,2026-03-11 00:32:11.000,60,59,1,2026-03-11 00:32:13.330,2,2,0,2026-03-11 00:33:03.000,112,111,1,2026-03-11 00:33:45.637,62,62,0,2026-03-11 00:33:45.637,92,92,0,2026-03-11 00:38:34.460,289,288,1,2026-03-11 00:50:22.787,2026-03-11 00:50:22.787,0,NULL,2026-03-11 00:50:22.910,1151,1151,0,UNDEFINED
26-018511,2026-03-11 00:32:12.000,11,WED,11,0,C,NIGHT,MIDS,POLICE,SUBJECT STOP,2,OFFICER,"DOGAN, KYLAH","DOGAN, KYLAH",2026-03-11 00:32:12.000,NULL,2026-03-11 00:32:12.000,0,0,0,2026-03-11 00:32:12.000,0,0,0,2026-03-11 00:32:12.000,0,0,0,2026-03-11 00:32:16.297,0,0,0,2026-03-11 00:32:12.000,0,0,0,2026-03-11 00:32:12.000,0,0,0,2026-03-11 00:59:22.823,2026-03-11 01:03:44.683,0,NULL,2026-03-11 01:03:44.737,1892,1892,0,NR-No Report
26-018512,2026-03-11 00:33:15.000,11,WED,11,0,C,NIGHT,MIDS,POLICE,ALARM COMMERCIAL,2,Phone,"PRIESTLY, SHAVAUGHN","DOGAN, KYLAH",2026-03-11 00:33:13.000,2026-03-11 00:34:58.000,2026-03-11 00:33:27.000,14,12,2,2026-03-11 00:35:11.953,104,104,0,2026-03-11 00:34:56.000,103,101,2,2026-03-11 00:35:29.947,118,118,0,2026-03-11 00:35:29.947,18,17,1,2026-03-11 00:46:36.787,667,666,1,2026-03-11 00:49:56.167,2026-03-11 00:49:56.167,0,NULL,2026-03-11 00:49:56.237,1003,1003,0,FALSE-False Alarm
26-018516,2026-03-11 01:10:18.000,11,WED,11,1,C,NIGHT,MIDS,POLICE,MENTAL HEALTH CASE,2,E-911,"JACKSON, MALIKA","DOGAN, KYLAH",2026-03-11 01:10:16.000,2026-03-11 01:13:58.000,2026-03-11 01:13:51.000,215,213,2,2026-03-11 01:16:26.150,155,155,0,2026-03-11 01:18:42.000,506,504,2,2026-03-11 01:16:30.147,370,370,0,2026-03-11 01:16:30.147,4,3,1,2026-03-11 01:19:14.197,164,164,0,2026-03-11 01:57:09.810,2026-03-11 02:11:07.147,0,NULL,2026-03-11 02:11:07.230,3651,3651,0,NR-No Report
26-018515,2026-03-11 01:12:16.000,11,WED,11,1,C,NIGHT,MIDS,POLICE,TROUBLE UNKNOWN NO EMS,2,E-911,"MACK, BRIANA","DOGAN, KYLAH",2026-03-11 01:12:16.000,2026-03-11 01:13:29.000,2026-03-11 01:13:23.000,67,67,0,2026-03-11 01:23:54.680,631,631,0,2026-03-11 01:19:25.000,429,429,0,2026-03-11 01:23:57.680,698,698,0,2026-03-11 01:23:57.680,3,3,0,2026-03-11 01:30:17.127,380,379,1,2026-03-11 01:39:30.883,2026-03-11 01:39:45.857,0,NULL,2026-03-11 01:39:45.940,1649,1649,0,NR-No Report
26-018522,2026-03-11 01:33:44.000,11,WED,11,1,C,NIGHT,MIDS,POLICE,MENTAL HEALTH CASE,2,Phone,"JACKSON, MALIKA","DOGAN, KYLAH",2026-03-11 01:33:41.000,2026-03-11 01:35:21.000,2026-03-11 01:35:03.000,82,79,3,2026-03-11 01:35:48.340,45,45,0,2026-03-11 01:37:44.000,243,240,3,2026-03-11 01:36:02.257,127,127,0,2026-03-11 01:36:02.257,14,13,1,2026-03-11 01:41:23.570,321,321,0,2026-03-11 02:07:11.570,2026-03-11 02:08:32.317,0,NULL,2026-03-11 02:08:32.623,2091,2091,0,NR-No Report
26-018521,2026-03-11 01:34:00.000,11,WED,11,1,C,NIGHT,MIDS,POLICE,DISORDERLY CONDUCT,2,Phone,"MACK, BRIANA","DOGAN, KYLAH",2026-03-11 01:33:59.000,2026-03-11 01:34:38.000,2026-03-11 01:34:13.000,14,13,1,2026-03-11 01:39:55.423,342,342,0,2026-03-11 01:36:39.000,160,159,1,2026-03-11 01:39:55.487,356,356,0,2026-03-11 01:39:55.487,0,0,0,2026-03-11 01:45:25.547,330,330,0,2026-03-11 02:06:38.140,2026-03-11 02:06:38.140,0,NULL,2026-03-11 02:06:38.277,1959,1959,0,NR-No Report
26-018524,2026-03-11 02:06:23.000,11,WED,11,2,C,NIGHT,LATE,POLICE,WARRANT SERVICE,2,Radio,"GRAVES, CHRISTINA",NULL,2026-03-11 02:06:23.000,2026-03-11 02:06:51.000,2026-03-11 02:06:23.000,0,0,0,2026-03-11 02:06:23.000,0,0,0,2026-03-11 02:06:23.000,0,0,0,2026-03-11 02:06:38.657,0,0,0,2026-03-11 02:06:23.000,0,0,0,2026-03-11 02:06:23.000,0,0,0,2026-03-11 02:20:59.127,2026-03-11 04:53:34.667,0,NULL,2026-03-11 04:53:34.707,10031,10031,0,RE-Report
26-018527,2026-03-11 02:18:07.000,11,WED,11,2,C,NIGHT,LATE,POLICE,TRESPASSING IN PROG,2,Phone,"GRAVES, CHRISTINA",NULL,2026-03-11 02:18:05.000,2026-03-11 03:10:48.000,2026-03-11 02:18:31.000,26,24,2,2026-03-11 02:21:15.380,164,164,0,2026-03-11 02:29:42.000,697,695,2,2026-03-11 02:21:15.380,190,190,0,2026-03-11 02:21:15.380,0,0,0,NULL,NULL,-9999,NULL,2026-03-11 03:19:47.347,2026-03-11 03:19:54.213,0,NULL,2026-03-11 03:19:54.250,3709,3709,0,NR-No Report
26-018529,2026-03-11 02:24:30.000,11,WED,11,2,C,NIGHT,LATE,POLICE,ALARM COMMERCIAL,2,Phone,"WILLIAMS, DARNELL","GRAVES, CHRISTINA",2026-03-11 02:24:28.000,2026-03-11 02:28:33.000,2026-03-11 02:25:03.000,35,33,2,2026-03-11 02:28:54.070,231,231,0,2026-03-11 02:26:34.000,126,124,2,2026-03-11 02:29:02.393,266,266,0,2026-03-11 02:29:02.393,8,8,0,2026-03-11 02:38:00.823,538,538,0,2026-03-11 02:39:53.923,2026-03-11 02:39:53.923,0,NULL,2026-03-11 02:39:53.993,925,925,0,FALSE-False Alarm
26-018530,2026-03-11 02:28:40.000,11,WED,11,2,C,NIGHT,LATE,POLICE,DOMESTIC VIOL NO INJ,2,E-911,"JACKSON, MALIKA","GRAVES, CHRISTINA",2026-03-11 02:28:39.000,2026-03-11 02:30:16.000,2026-03-11 02:30:09.000,90,89,1,2026-03-11 02:33:39.457,210,210,0,2026-03-11 02:35:28.000,409,408,1,2026-03-11 02:33:42.730,300,300,0,2026-03-11 02:33:42.730,3,3,0,2026-03-11 02:40:55.700,433,432,1,2026-03-11 02:36:25.750,2026-03-11 06:43:04.020,0,NULL,2026-03-11 06:43:04.347,15265,15265,0,RE-Report
26-018531,2026-03-11 02:40:21.000,11,WED,11,2,C,NIGHT,LATE,POLICE,WARRANT SERVICE,2,Radio,"GRAVES, CHRISTINA","GRAVES, CHRISTINA",2026-03-11 02:40:21.000,NULL,2026-03-11 02:40:24.000,3,3,0,2026-03-11 02:40:42.620,18,18,0,2026-03-11 02:40:24.000,3,0,3,2026-03-11 02:40:43.087,21,21,0,2026-03-11 02:40:43.087,1,0,1,2026-03-11 02:40:43.297,0,0,0,2026-03-11 03:05:28.403,2026-03-11 03:05:28.403,0,NULL,2026-03-11 03:05:28.830,1507,1507,0,NR-No Report
26-018535,2026-03-11 03:07:50.000,11,WED,11,3,C,NIGHT,LATE,POLICE,PUBLIC SERVICE MULTI OFFICER,3,E-911,"JACKSON, MALIKA","GRAVES, CHRISTINA",2026-03-11 03:07:50.000,2026-03-11 03:10:04.000,2026-03-11 03:09:27.000,97,97,0,2026-03-11 03:20:20.160,653,653,0,2026-03-11 03:13:29.000,339,339,0,2026-03-11 03:20:23.510,750,750,0,2026-03-11 03:20:23.510,3,3,0,2026-03-11 03:27:17.323,414,413,1,2026-03-11 03:21:24.640,2026-03-11 03:29:08.277,0,NULL,2026-03-11 03:29:08.310,1278,1278,0,NR-No Report
26-018536,2026-03-11 03:25:14.000,11,WED,11,3,C,NIGHT,LATE,POLICE,ALARM COMMERCIAL,2,Phone,"DOGAN, KYLAH","GRAVES, CHRISTINA",2026-03-11 03:25:12.000,2026-03-11 03:25:59.000,2026-03-11 03:25:32.000,20,18,2,2026-03-11 03:26:33.480,61,61,0,2026-03-11 03:27:02.000,110,108,2,2026-03-11 03:26:36.267,81,81,0,2026-03-11 03:26:36.267,3,2,1,2026-03-11 03:31:08.007,272,271,1,2026-03-11 03:36:32.403,2026-03-11 03:36:32.403,0,NULL,2026-03-11 03:36:32.527,680,680,0,FALSE-False Alarm
26-018538,2026-03-11 03:49:42.000,11,WED,11,3,C,NIGHT,LATE,POLICE,ASSIST CITIZEN PROMPT,3,E-911,"JACKSON, MALIKA","GRAVES, CHRISTINA",2026-03-11 03:49:42.000,2026-03-11 03:54:03.000,2026-03-11 03:52:13.000,151,151,0,2026-03-11 03:55:52.343,219,219,0,2026-03-11 04:00:35.000,653,653,0,2026-03-11 03:55:57.180,370,370,0,2026-03-11 03:55:57.180,5,4,1,2026-03-11 03:59:06.393,189,189,0,2026-03-11 04:46:38.227,2026-03-11 05:20:31.010,0,NULL,2026-03-11 05:20:31.150,5449,5449,0,NR-No Report
26-006047,2026-03-11 03:57:12.000,11,WED,11,3,C,NIGHT,LATE,EMS,TROUBLE BREATHING ALS 1,1,E-911,"JACKSON, MALIKA",Automatic Dispatch,2026-03-11 03:57:12.000,2026-03-11 04:00:15.000,2026-03-11 03:58:36.000,84,84,0,2026-03-11 03:58:39.190,3,3,0,2026-03-11 03:59:37.000,145,145,0,2026-03-11 04:00:40.423,87,87,0,2026-03-11 04:00:40.423,121,121,0,2026-03-11 04:05:50.787,310,310,0,2026-03-11 04:11:12.300,2026-03-11 04:56:45.147,0,NULL,2026-03-11 04:56:45.250,3573,3573,0,UNDEFINED
26-006048,2026-03-11 04:03:36.000,11,WED,11,4,C,NIGHT,LATE,EMS,FACILITY BLS,3,E-911,"PRIESTLY, SHAVAUGHN","MACK, BRIANA",2026-03-11 04:03:36.000,2026-03-11 04:05:13.000,2026-03-11 04:04:23.000,47,47,0,2026-03-11 04:04:25.857,2,2,0,2026-03-11 04:06:01.000,145,145,0,2026-03-11 04:06:20.263,49,49,0,2026-03-11 04:06:20.263,115,114,1,2026-03-11 04:09:11.157,171,170,1,2026-03-11 04:23:06.903,2026-03-11 04:45:01.117,0,NULL,2026-03-11 04:45:01.200,2485,2485,0,UNDEFINED
26-018540,2026-03-11 04:14:23.000,11,WED,11,4,C,NIGHT,LATE,POLICE,ASSIST OUTSIDE AGENCY,2,VCIN,"WILLIAMS, DARNELL","DOGAN, KYLAH",2026-03-11 04:14:21.000,2026-03-11 04:22:39.000,2026-03-11 04:19:28.000,307,305,2,2026-03-11 04:27:40.067,492,492,0,2026-03-11 04:20:42.000,381,379,2,2026-03-11 04:27:43.173,799,799,0,2026-03-11 04:27:43.173,3,3,0,2026-03-11 04:31:16.940,213,213,0,2026-03-11 04:50:23.830,2026-03-11 04:50:51.977,0,NULL,2026-03-11 04:50:52.043,2190,2190,0,NR-No Report
26-006049,2026-03-11 04:16:08.723,11,WED,11,4,C,NIGHT,LATE,EMS,BLS EMERGENCY,3,NOT CAPTURED,"DOGAN, KYLAH",Automatic Dispatch,2026-03-11 04:16:08.723,2026-03-11 04:17:53.000,2026-03-11 04:16:08.723,0,0,0,2026-03-11 04:16:11.113,3,2,1,2026-03-11 04:16:08.723,0,NULL,0,2026-03-11 04:18:13.023,3,2,1,2026-03-11 04:18:13.023,122,121,1,2026-03-11 04:24:44.517,391,391,0,2026-03-11 05:31:22.660,2026-03-11 05:31:22.660,0,NULL,2026-03-11 05:31:22.773,4514,4513,1,UNDEFINED
26-018545,2026-03-11 04:47:53.000,11,WED,11,4,C,NIGHT,LATE,POLICE,DISORDERLY CONDUCT,2,Phone,"WILLIAMS, DARNELL","DOGAN, KYLAH",2026-03-11 04:47:51.000,2026-03-11 04:50:23.000,2026-03-11 04:49:20.000,89,87,2,2026-03-11 04:52:47.207,207,207,0,2026-03-11 04:53:06.000,315,313,2,2026-03-11 04:52:50.233,296,296,0,2026-03-11 04:52:50.233,3,3,0,2026-03-11 04:57:27.943,277,277,0,2026-03-11 05:42:31.003,2026-03-11 09:02:57.000,0,NULL,2026-03-11 09:02:57.430,15306,15306,0,RE-Report
26-006050,2026-03-11 04:52:31.060,11,WED,11,4,C,NIGHT,LATE,EMS,MUTUAL ALS,1,C2C,CAD to CAD Service 1,CAD to CAD Service 1,2026-03-11 04:51:14.000,NULL,2026-03-11 04:52:31.747,77,0,77,2026-03-11 04:52:31.810,0,0,0,NULL,NULL,NULL,NULL,2026-03-11 04:54:04.247,77,-9999,10076,2026-03-11 04:54:04.247,93,92,1,2026-03-11 05:01:35.430,451,451,0,2026-03-11 05:20:55.450,2026-03-11 06:09:45.303,0,NULL,2026-03-11 06:09:45.420,4711,4711,0,UNDEFINED
26-006051,2026-03-11 04:55:29.000,11,WED,11,4,C,NIGHT,LATE,EMS,ABDOMINAL PAIN BLS,3,E-911,"WILLIAMS, DARNELL",Automatic Dispatch,2026-03-11 04:55:29.000,2026-03-11 04:56:43.000,2026-03-11 04:56:20.000,51,51,0,2026-03-11 04:56:24.363,4,4,0,2026-03-11 04:58:31.000,182,182,0,2026-03-11 04:57:54.070,55,55,0,2026-03-11 04:57:54.070,90,89,1,2026-03-11 05:04:12.947,378,378,0,2026-03-11 05:46:32.110,2026-03-11 05:46:32.110,0,NULL,2026-03-11 05:46:32.200,3063,3063,0,UNDEFINED
26-006052,2026-03-11 04:56:58.367,11,WED,11,4,C,NIGHT,LATE,FIRE,MUTUAL MVC,1,C2C,CAD to CAD Service 1,CAD to CAD Service 1,2026-03-11 04:52:01.000,2026-03-11 04:58:38.000,2026-03-11 04:56:59.057,298,0,298,2026-03-11 04:56:59.150,0,0,0,NULL,NULL,NULL,NULL,2026-03-11 04:58:37.720,298,664,-366,2026-03-11 04:58:37.720,98,90,8,2026-03-11 05:06:17.383,460,459,1,2026-03-11 05:21:51.897,2026-03-11 06:33:19.397,0,NULL,2026-03-11 06:33:19.507,6078,6078,0,UNDEFINED
26-018549,2026-03-11 05:24:35.000,11,WED,11,5,C,NIGHT,LATE,POLICE,ASSAULT NO INJURY IN PROG,2,E-911,"GRAVES, CHRISTINA",NULL,2026-03-11 05:24:34.000,2026-03-11 05:29:54.000,2026-03-11 05:28:28.000,234,233,1,2026-03-11 05:30:33.783,125,125,0,2026-03-11 05:36:56.000,742,741,1,2026-03-11 05:30:37.880,359,359,0,2026-03-11 05:30:37.880,4,4,0,2026-03-11 05:35:13.657,276,275,1,2026-03-11 06:28:09.033,2026-03-11 10:14:38.020,0,NULL,2026-03-11 10:14:38.120,17404,17404,0,RE-Report
26-018551,2026-03-11 05:36:27.000,11,WED,11,5,C,NIGHT,LATE,POLICE,FLAG DOWN,2,OFFICER,"RANDOLPH, GEORGE",NULL,2026-03-11 05:36:27.000,2026-03-11 05:36:44.000,2026-03-11 05:36:27.000,0,2,-2,2026-03-11 05:36:27.000,0,0,0,2026-03-11 05:36:27.000,0,NULL,0,2026-03-11 05:36:27.000,0,0,0,2026-03-11 05:36:27.000,0,0,0,2026-03-11 05:36:27.000,0,0,0,NULL,2026-03-11 05:36:48.000,0,NULL,NULL,21,21,0,TEST-Test Call
26-006053,2026-03-11 05:37:35.350,11,WED,11,5,C,NIGHT,LATE,EMS,LACERATION BLS,3,NOT CAPTURED,"DOGAN, KYLAH","COOPER, KAKILA",2026-03-11 05:37:35.350,2026-03-11 06:06:21.143,2026-03-11 05:37:35.350,0,0,0,2026-03-11 05:37:38.350,3,2,1,2026-03-11 05:37:35.350,0,NULL,0,2026-03-11 05:39:08.367,3,2,1,2026-03-11 05:39:08.367,90,90,0,2026-03-11 05:45:22.920,374,374,0,2026-03-11 06:05:26.690,2026-03-11 06:05:26.690,1,2026-03-11 06:06:13.570,2026-03-11 07:26:11.557,1671,6516,-4845,RAF-Reassign FD Call
26-018552,2026-03-11 05:55:18.000,11,WED,11,5,C,NIGHT,LATE,POLICE,OFF DUTY DETAIL,8,OFFICER,"KIM, DANIEL H",NULL,2026-03-11 05:55:18.000,NULL,2026-03-11 05:55:18.000,0,1,-1,2026-03-11 05:55:18.000,0,0,0,2026-03-11 05:55:18.000,0,NULL,0,2026-03-11 05:55:18.000,0,0,0,2026-03-11 05:55:18.000,0,0,0,2026-03-11 05:55:18.000,0,0,0,2026-03-11 08:00:54.520,2026-03-11 08:00:54.520,0,NULL,2026-03-11 08:00:54.603,7536,7536,0,NR-No Report
26-006054,2026-03-11 06:04:25.000,11,WED,11,6,A,DAY,EARLY,FIRE,FIRE ALARM,3,Phone,"JONES, DAESHA",Automatic Dispatch,2026-03-11 06:04:23.000,2026-03-11 06:06:38.000,2026-03-11 06:05:00.000,37,35,2,2026-03-11 06:05:03.143,3,3,0,2026-03-11 06:06:33.000,130,128,2,2026-03-11 06:06:48.097,40,40,0,2026-03-11 06:06:48.097,105,104,1,2026-03-11 06:09:48.383,180,180,0,2026-03-11 06:09:59.180,2026-03-11 06:09:59.180,0,NULL,2026-03-11 06:09:59.407,336,336,0,UNDEFINED
26-018554,2026-03-11 06:07:41.000,11,WED,11,6,A,DAY,EARLY,POLICE,MVC PROPERTY DAMAGE,2,E-911,"CRUZ, STEPHANIE","DEWBERRY, RE'KEYA",2026-03-11 06:07:41.000,2026-03-11 06:15:53.000,2026-03-11 06:15:05.000,444,444,0,2026-03-11 06:16:09.107,64,64,0,2026-03-11 06:19:13.000,692,692,0,2026-03-11 06:16:13.477,508,508,0,2026-03-11 06:16:13.477,4,4,0,2026-03-11 06:30:15.087,842,841,1,2026-03-11 06:46:17.687,2026-03-11 06:46:17.687,0,NULL,2026-03-11 06:46:17.833,2316,2316,0,NR-No Report
26-018555,2026-03-11 06:17:55.000,11,WED,11,6,A,DAY,EARLY,POLICE,DOMESTIC VIOL NO INJ,2,E-911,"BONSU, VALERIE","DEWBERRY, RE'KEYA",2026-03-11 06:17:55.000,2026-03-11 06:20:28.000,2026-03-11 06:19:56.000,121,121,0,2026-03-11 06:30:02.367,606,606,0,2026-03-11 06:26:06.000,491,491,0,2026-03-11 06:30:10.877,727,727,0,2026-03-11 06:30:10.877,8,8,0,2026-03-11 06:46:41.430,991,990,1,2026-03-11 07:21:44.817,2026-03-11 07:24:05.893,0,NULL,2026-03-11 07:24:06.020,3970,3970,0,NR-No Report
26-018557,2026-03-11 06:22:10.000,11,WED,11,6,A,DAY,EARLY,POLICE,ASSIST CITIZEN PROMPT,3,E-911,"CRUZ, STEPHANIE","DEWBERRY, RE'KEYA",2026-03-11 06:22:09.000,2026-03-11 06:31:53.000,2026-03-11 06:31:36.000,567,566,1,2026-03-11 07:06:32.633,2096,2096,0,2026-03-11 06:34:31.000,742,741,1,2026-03-11 07:06:46.990,2663,2663,0,2026-03-11 07:06:46.990,14,14,0,2026-03-11 07:18:03.573,677,676,1,2026-03-11 07:33:02.507,2026-03-11 07:33:04.850,0,NULL,2026-03-11 07:33:04.923,4255,4255,0,NR-No Report
26-006055,2026-03-11 06:22:55.000,11,WED,11,6,A,DAY,EARLY,EMS,BLS EMERGENCY,3,E-911,"BONSU, VALERIE",Automatic Dispatch,2026-03-11 06:22:55.000,2026-03-11 06:26:03.000,2026-03-11 06:24:14.000,79,79,0,2026-03-11 06:24:17.220,3,3,0,2026-03-11 06:26:02.000,187,187,0,2026-03-11 06:24:38.407,82,82,0,2026-03-11 06:24:38.407,21,21,0,2026-03-11 06:31:02.870,384,384,0,2026-03-11 07:32:33.967,2026-03-11 07:32:33.967,0,NULL,2026-03-11 07:32:34.223,4178,4178,0,UNDEFINED
26-006056,2026-03-11 06:35:27.000,11,WED,11,6,A,DAY,EARLY,EMS,TROUBLE BREATHING ALS 1,1,E-911,"CRUZ, STEPHANIE",Automatic Dispatch,2026-03-11 06:35:27.000,2026-03-11 06:39:15.000,2026-03-11 06:36:06.000,39,39,0,2026-03-11 06:36:08.623,2,2,0,2026-03-11 06:40:18.000,291,291,0,2026-03-11 06:37:40.623,41,41,0,2026-03-11 06:37:40.623,92,92,0,2026-03-11 06:40:42.117,182,181,1,2026-03-11 06:40:52.123,2026-03-11 07:23:00.343,0,NULL,2026-03-11 07:23:00.433,2853,2853,0,UNDEFINED
26-018559,2026-03-11 06:43:40.000,11,WED,11,6,A,DAY,EARLY,POLICE,TRNSPORT PRISONER MED LOCAL,4,Radio,"DEWBERRY, RE'KEYA","JONES, DAESHA",2026-03-11 06:43:40.000,2026-03-11 06:44:01.000,2026-03-11 06:43:40.000,0,0,0,2026-03-11 06:43:40.000,0,0,0,2026-03-11 06:43:40.000,0,0,0,NULL,0,0,0,2026-03-11 06:43:40.000,0,0,0,2026-03-11 06:43:40.000,0,0,0,2026-03-11 08:29:08.990,2026-03-11 08:29:39.000,0,NULL,NULL,6359,6359,0,NR-No Report
26-006057,2026-03-11 06:59:22.000,11,WED,11,6,A,DAY,EARLY,FIRE,GAS LEAK - INSIDE,1,Phone,"JONES, DAESHA",Automatic Dispatch,2026-03-11 06:59:20.000,2026-03-11 07:00:28.000,2026-03-11 06:59:56.000,36,34,2,2026-03-11 06:59:59.440,3,3,0,2026-03-11 07:03:36.000,256,254,2,2026-03-11 07:00:57.157,39,39,0,2026-03-11 07:00:57.157,58,57,1,2026-03-11 07:04:47.180,230,230,0,2026-03-11 07:11:11.747,2026-03-11 07:38:26.193,0,NULL,2026-03-11 07:38:26.370,2346,2346,0,UNDEFINED
26-018562,2026-03-11 07:24:57.000,11,WED,11,7,A,DAY,EARLY,POLICE,ASSIST CITIZEN PROMPT,3,E-911,"SMITH, TERESA","DEWBERRY, RE'KEYA",2026-03-11 07:24:57.000,2026-03-11 07:26:58.000,2026-03-11 07:26:33.000,96,96,0,2026-03-11 07:34:10.027,457,457,0,2026-03-11 07:35:10.000,613,613,0,2026-03-11 07:34:32.833,553,553,0,2026-03-11 07:34:32.833,22,22,0,2026-03-11 07:36:08.533,96,95,1,2026-03-11 07:40:27.607,2026-03-11 08:05:32.203,0,NULL,2026-03-11 08:05:32.287,2435,2435,0,NR-No Report
26-018564,2026-03-11 07:34:20.000,11,WED,11,7,A,DAY,EARLY,POLICE,POLICE INFORMATION,4,Phone,"JONES, DAESHA","JONES, DAESHA",2026-03-11 07:34:18.000,2026-03-11 07:35:08.547,2026-03-11 07:34:38.000,20,18,2,2026-03-11 07:35:08.437,30,30,0,2026-03-11 07:35:10.000,52,50,2,2026-03-11 07:35:16.413,50,50,0,2026-03-11 07:35:16.413,8,7,1,2026-03-11 07:35:16.413,0,0,0,2026-03-11 08:30:23.317,2026-03-11 08:30:23.317,0,NULL,2026-03-11 08:30:23.377,3365,3365,0,RE-Report
26-018565,2026-03-11 07:40:13.000,11,WED,11,7,A,DAY,EARLY,POLICE,TRAFFIC STOP,2,OFFICER,"FELIX, BRUCE",NULL,2026-03-11 07:40:13.000,2026-03-11 07:40:21.000,2026-03-11 07:40:13.000,0,1,-1,2026-03-11 07:40:13.000,0,0,0,2026-03-11 07:40:13.000,0,NULL,0,2026-03-11 07:40:13.000,0,0,0,2026-03-11 07:40:13.000,0,0,0,2026-03-11 07:40:13.000,0,0,0,2026-03-11 07:54:59.447,2026-03-11 07:54:59.447,0,NULL,2026-03-11 07:54:59.550,886,886,0,NR-No Report
26-006058,2026-03-11 07:43:49.810,11,WED,11,7,A,DAY,EARLY,FIRE,MUTUAL MVC,1,C2C,CAD to CAD Service 1,CAD to CAD Service 1,2026-03-11 07:40:11.000,NULL,2026-03-11 07:43:50.530,219,0,219,2026-03-11 07:43:50.593,0,0,0,NULL,NULL,NULL,NULL,2026-03-11 07:44:43.350,219,319,-100,2026-03-11 07:44:43.350,53,52,1,2026-03-11 07:49:50.360,307,307,0,2026-03-11 07:45:44.130,2026-03-11 08:55:04.687,0,NULL,2026-03-11 08:55:04.850,4493,4493,0,UNDEFINED
26-018566,2026-03-11 07:45:52.000,11,WED,11,7,A,DAY,EARLY,POLICE,TRAFFIC STOP,2,OFFICER,"BOWLIN, MICHAEL S",NULL,2026-03-11 07:45:52.000,2026-03-11 07:46:00.000,2026-03-11 07:45:52.000,0,3,-3,2026-03-11 07:45:52.000,0,0,0,2026-03-11 07:45:52.000,0,NULL,0,2026-03-11 07:45:52.000,0,0,0,2026-03-11 07:45:52.000,0,0,0,2026-03-11 07:45:52.000,0,0,0,2026-03-11 07:54:32.480,2026-03-11 07:54:32.480,0,NULL,2026-03-11 07:54:32.593,520,520,0,NR-No Report
26-018567,2026-03-11 07:49:36.000,11,WED,11,7,A,DAY,EARLY,POLICE,TRAFFIC STOP,2,OFFICER,"PAULINO, GUSTAVO A",NULL,2026-03-11 07:49:36.000,2026-03-11 07:49:45.000,2026-03-11 07:49:36.000,0,1,-1,2026-03-11 07:49:36.000,0,0,0,2026-03-11 07:49:36.000,0,NULL,0,2026-03-11 07:49:36.000,0,0,0,2026-03-11 07:49:36.000,0,0,0,2026-03-11 07:49:36.000,0,0,0,2026-03-11 07:54:27.473,2026-03-11 07:54:27.473,0,NULL,2026-03-11 07:54:27.750,291,291,0,CI-Citation
26-018568,2026-03-11 07:51:35.000,11,WED,11,7,A,DAY,EARLY,POLICE,PARKING COMPLAINT,3,Phone,"VALENTIN, EMERITA",NULL,2026-03-11 07:51:33.000,2026-03-11 08:21:06.000,2026-03-11 07:52:08.000,35,33,2,2026-03-11 08:11:27.650,1159,1159,0,2026-03-11 07:58:05.000,392,390,2,2026-03-11 08:11:27.650,1194,1194,0,2026-03-11 08:11:27.650,0,0,0,2026-03-11 08:17:41.700,374,374,0,2026-03-11 09:53:29.843,2026-03-11 09:53:29.843,0,NULL,2026-03-11 09:53:30.123,7316,7316,0,CI-Citation
26-018569,2026-03-11 07:53:24.000,11,WED,11,7,A,DAY,EARLY,POLICE,MVC INJURY,1,E-911,"CRUZ, STEPHANIE","DEWBERRY, RE'KEYA",2026-03-11 07:53:24.000,2026-03-11 07:58:46.000,2026-03-11 07:58:34.000,310,310,0,2026-03-11 07:59:40.033,66,66,0,2026-03-11 08:00:52.000,448,448,0,2026-03-11 07:59:45.447,376,376,0,2026-03-11 07:59:45.447,5,5,0,2026-03-11 08:03:13.103,208,207,1,2026-03-11 09:42:14.147,2026-03-11 09:42:14.147,0,NULL,2026-03-11 09:42:14.757,6530,6530,0,RE-Report
26-018570,2026-03-11 07:58:50.000,11,WED,11,7,A,DAY,EARLY,POLICE,TRAFFIC STOP,2,OFFICER,"STERLING, DAVON",NULL,2026-03-11 07:58:50.000,2026-03-11 07:58:55.000,2026-03-11 07:58:50.000,0,1,-1,2026-03-11 07:58:50.000,0,0,0,2026-03-11 07:58:50.000,0,NULL,0,2026-03-11 07:58:50.000,0,0,0,2026-03-11 07:58:50.000,0,0,0,2026-03-11 07:58:50.000,0,0,0,2026-03-11 08:06:08.340,2026-03-11 08:06:08.340,0,NULL,2026-03-11 08:06:08.463,438,438,0,NR-No Report
26-018571,2026-03-11 07:58:50.000,11,WED,11,7,A,DAY,EARLY,POLICE,OFF DUTY DETAIL,8,OFFICER,"JONES, MARCELL L",NULL,2026-03-11 07:58:50.000,2026-03-11 07:59:17.000,2026-03-11 07:58:50.000,0,2,-2,2026-03-11 07:58:50.000,0,0,0,2026-03-11 07:58:50.000,0,NULL,0,2026-03-11 07:58:50.000,0,0,0,2026-03-11 07:58:50.000,0,0,0,2026-03-11 07:58:50.000,0,0,0,2026-03-11 09:12:38.150,2026-03-11 09:12:38.150,0,NULL,2026-03-11 09:12:38.340,4428,4428,0,NR-No Report
26-018572,2026-03-11 07:59:47.000,11,WED,11,7,A,DAY,EARLY,POLICE,TRAFFIC STOP,2,OFFICER,"PAULINO, GUSTAVO A",NULL,2026-03-11 07:59:47.000,2026-03-11 08:00:38.000,2026-03-11 07:59:47.000,0,1,-1,2026-03-11 07:59:47.000,0,0,0,2026-03-11 07:59:47.000,0,NULL,0,2026-03-11 07:59:47.000,0,0,0,2026-03-11 07:59:47.000,0,0,0,2026-03-11 07:59:47.000,0,0,0,2026-03-11 08:08:26.617,2026-03-11 08:08:26.617,0,NULL,2026-03-11 08:08:26.667,519,519,0,CI-Citation
26-006059,2026-03-11 08:00:02.000,11,WED,11,8,A,DAY,EARLY,FIRE,MVC AUTO,2,Phone,"CRUZ, STEPHANIE",Automatic Dispatch,2026-03-11 08:00:02.000,2026-03-11 08:01:36.000,2026-03-11 08:00:02.000,0,NULL,0,2026-03-11 08:00:04.913,2,2,0,2026-03-11 08:00:02.000,0,0,0,2026-03-11 08:00:33.967,2,2,0,2026-03-11 08:00:33.967,29,29,0,2026-03-11 08:01:26.107,53,52,1,2026-03-11 08:09:34.260,2026-03-11 09:05:20.980,0,NULL,2026-03-11 09:05:21.087,3918,3918,0,UNDEFINED
26-018573,2026-03-11 08:01:24.000,11,WED,11,8,A,DAY,EARLY,POLICE,OFF DUTY DETAIL,8,OFFICER,"BOWMAN, MARCUS W.",NULL,2026-03-11 08:01:24.000,2026-03-11 08:10:01.000,2026-03-11 08:01:24.000,0,1,-1,2026-03-11 08:01:24.000,0,0,0,2026-03-11 08:01:24.000,0,NULL,0,2026-03-11 08:01:24.000,0,0,0,2026-03-11 08:01:24.000,0,0,0,2026-03-11 08:01:24.000,0,0,0,2026-03-11 16:03:31.580,2026-03-11 16:55:44.323,0,NULL,2026-03-11 16:55:44.480,32060,32060,0,NR-No Report
26-018574,2026-03-11 08:05:06.000,11,WED,11,8,A,DAY,EARLY,POLICE,TRAFFIC STOP,2,OFFICER,"WIEGAND, KURT J",NULL,2026-03-11 08:05:06.000,2026-03-11 08:05:22.000,2026-03-11 08:05:06.000,0,1,-1,2026-03-11 08:05:06.000,0,0,0,2026-03-11 08:05:06.000,0,NULL,0,2026-03-11 08:05:06.000,0,0,0,2026-03-11 08:05:06.000,0,0,0,2026-03-11 08:05:06.000,0,0,0,2026-03-11 08:10:54.793,2026-03-11 08:10:54.793,0,NULL,2026-03-11 08:10:55.133,348,348,0,NR-No Report
26-018575,2026-03-11 08:10:35.000,11,WED,11,8,A,DAY,EARLY,POLICE,MVC PROPERTY DAMAGE,2,E-911,"BONSU, VALERIE","WALKER, LATITIA",2026-03-11 08:10:35.000,2026-03-11 08:13:03.000,2026-03-11 08:12:30.000,115,115,0,2026-03-11 08:14:27.267,117,117,0,2026-03-11 08:17:24.000,409,409,0,2026-03-11 08:14:51.397,232,232,0,2026-03-11 08:14:51.397,24,24,0,2026-03-11 08:42:54.117,1683,1682,1,2026-03-11 08:54:19.990,2026-03-11 08:54:19.990,0,NULL,2026-03-11 08:54:20.380,2624,2624,0,NR-No Report
26-018576,2026-03-11 08:14:41.000,11,WED,11,8,A,DAY,EARLY,POLICE,OFF DUTY DETAIL,8,OFFICER,"BROWN, BRIDGET C",NULL,2026-03-11 08:14:41.000,2026-03-11 09:32:55.000,2026-03-11 08:14:41.000,0,1,-1,2026-03-11 08:14:41.000,0,0,0,2026-03-11 08:14:41.000,0,NULL,0,2026-03-11 08:14:41.000,0,0,0,2026-03-11 08:14:41.000,0,0,0,2026-03-11 08:14:41.000,0,0,0,2026-03-11 16:44:40.380,2026-03-11 16:55:40.113,0,NULL,2026-03-11 16:55:40.417,31259,31259,0,NR-No Report
26-018578,2026-03-11 08:15:51.000,11,WED,11,8,A,DAY,EARLY,POLICE,PARKING COMPLAINT,4,Phone,"CRUZ, STEPHANIE",NULL,2026-03-11 08:15:49.000,2026-03-11 08:20:15.000,2026-03-11 08:17:03.000,74,72,2,2026-03-11 08:17:35.913,32,32,0,2026-03-11 08:17:25.000,96,94,2,2026-03-11 08:17:35.913,106,106,0,2026-03-11 08:17:35.913,0,-9999,9999,2026-03-11 08:32:20.800,885,884,1,2026-03-11 08:33:15.810,2026-03-11 08:33:15.810,0,NULL,2026-03-11 08:33:15.930,1046,1046,0,NR-No Report
26-018577,2026-03-11 08:16:22.000,11,WED,11,8,A,DAY,EARLY,POLICE,DISORDERLY CONDUCT,2,Phone,"MAIORIELLO, BERMARI","WALKER, LATITIA",2026-03-11 08:16:20.000,2026-03-11 08:17:01.000,2026-03-11 08:16:58.000,38,36,2,2026-03-11 08:18:22.647,84,84,0,2026-03-11 08:20:48.000,268,266,2,2026-03-11 08:18:32.423,122,122,0,2026-03-11 08:18:32.423,10,9,1,2026-03-11 08:27:59.423,567,567,0,2026-03-11 08:59:11.640,2026-03-11 09:04:58.000,0,NULL,NULL,2918,2918,0,RE-Report
26-018580,2026-03-11 08:21:05.000,11,WED,11,8,A,DAY,EARLY,POLICE,DISORDERLY CONDUCT,2,Phone,"BONSU, VALERIE","WALKER, LATITIA",2026-03-11 08:21:03.000,2026-03-11 08:23:22.000,2026-03-11 08:22:25.000,82,80,2,2026-03-11 08:29:58.933,453,453,0,2026-03-11 08:23:13.000,130,128,2,2026-03-11 08:30:03.783,535,535,0,2026-03-11 08:30:03.783,5,4,1,2026-03-11 08:33:25.780,202,201,1,2026-03-11 08:30:38.643,2026-03-11 09:25:50.107,0,NULL,2026-03-11 09:25:50.367,3887,3887,0,NR-No Report
26-018581,2026-03-11 08:23:42.000,11,WED,11,8,A,DAY,EARLY,POLICE,PUBLIC SERVICE MULTI OFFICER,2,E-911,"DEWBERRY, RE'KEYA","WALKER, LATITIA",2026-03-11 08:23:41.000,2026-03-11 08:25:45.000,2026-03-11 08:25:07.000,86,85,1,2026-03-11 08:26:51.780,104,104,0,2026-03-11 08:28:37.000,296,295,1,2026-03-11 08:26:59.787,190,190,0,2026-03-11 08:26:59.787,8,8,0,2026-03-11 08:42:33.160,934,933,1,2026-03-11 08:29:26.163,2026-03-11 09:22:51.820,0,NULL,2026-03-11 09:22:51.900,3550,3550,0,NR-No Report
26-018583,2026-03-11 08:28:59.000,11,WED,11,8,A,DAY,EARLY,POLICE,LARCENY RESIDENTIAL DELAY,4,E-911,"BONSU, VALERIE","WALKER, LATITIA",2026-03-11 08:28:59.000,2026-03-11 08:34:15.000,2026-03-11 08:32:52.000,233,233,0,2026-03-11 08:44:00.030,668,668,0,2026-03-11 08:33:25.000,266,266,0,2026-03-11 08:44:00.123,901,901,0,2026-03-11 08:44:00.123,0,0,0,NULL,NULL,-9999,NULL,2026-03-11 08:54:35.300,2026-03-11 08:54:35.023,0,NULL,2026-03-11 08:54:35.023,1536,1536,0,NR-No Report
26-018582,2026-03-11 08:31:13.000,11,WED,11,8,A,DAY,EARLY,POLICE,MVC CONDITIONS UNKNOWN,1,Phone,"CRUZ, STEPHANIE","WALKER, LATITIA",2026-03-11 08:31:13.000,2026-03-11 08:35:28.000,2026-03-11 08:32:36.000,83,83,0,2026-03-11 08:33:24.100,48,48,0,2026-03-11 08:33:46.000,153,153,0,2026-03-11 08:33:24.203,131,131,0,2026-03-11 08:33:24.203,0,0,0,2026-03-11 08:35:20.613,116,116,0,2026-03-11 08:58:56.037,2026-03-11 08:33:45.000,1,2026-03-11 08:35:01.107,2026-03-11 09:11:35.847,152,2422,-2270,NR-No Report
26-006060,2026-03-11 08:32:37.000,11,WED,11,8,A,DAY,EARLY,FIRE,MVC AUTO,2,Phone,"CRUZ, STEPHANIE","COOPER, KAKILA",2026-03-11 08:32:37.000,2026-03-11 08:33:46.000,2026-03-11 08:32:37.000,0,NULL,0,2026-03-11 08:32:39.300,2,2,0,2026-03-11 08:32:37.000,0,0,0,2026-03-11 08:34:15.090,2,2,0,2026-03-11 08:34:15.090,96,95,1,NULL,NULL,-9999,NULL,2026-03-11 08:34:30.980,2026-03-11 08:37:57.207,0,NULL,2026-03-11 08:37:57.433,320,320,0,UNDEFINED
26-018584,2026-03-11 08:35:57.000,11,WED,11,8,A,DAY,EARLY,POLICE,ALARM COMMERCIAL,2,Phone,"CRUZ, STEPHANIE","WALKER, LATITIA",2026-03-11 08:35:54.000,2026-03-11 08:37:40.000,2026-03-11 08:36:33.000,39,36,3,2026-03-11 08:39:02.080,149,149,0,2026-03-11 08:37:45.000,111,108,3,2026-03-11 08:39:02.193,188,188,0,2026-03-11 08:39:02.193,0,0,0,2026-03-11 08:42:08.673,186,186,0,2026-03-11 08:55:09.117,2026-03-11 08:55:09.117,0,NULL,2026-03-11 08:55:09.780,1155,1155,0,FALSE-False Alarm
26-018586,2026-03-11 08:46:13.000,11,WED,11,8,A,DAY,EARLY,POLICE,POLICE INFORMATION,4,Phone,"VALENTIN, EMERITA","VALENTIN, EMERITA",2026-03-11 08:46:11.000,NULL,2026-03-11 08:46:35.000,24,22,2,2026-03-11 08:46:38.980,3,3,0,2026-03-11 08:46:42.000,31,29,2,2026-03-11 08:46:39.120,27,27,0,2026-03-11 08:46:39.120,1,0,1,2026-03-11 08:46:39.203,0,0,0,2026-03-11 08:52:17.043,2026-03-11 08:52:17.043,0,NULL,2026-03-11 08:52:17.083,366,366,0,RE-Report
26-018587,2026-03-11 08:46:29.000,11,WED,11,8,A,DAY,EARLY,POLICE,PARKING COMPLAINT,4,Phone,"MAIORIELLO, BERMARI",NULL,2026-03-11 08:46:26.000,NULL,2026-03-11 08:47:39.000,73,70,3,2026-03-11 09:11:11.143,1412,1412,0,2026-03-11 08:49:39.000,193,190,3,2026-03-11 09:11:11.143,1485,1485,0,2026-03-11 09:11:11.143,0,-9999,9999,2026-03-11 09:36:44.153,1533,1533,0,2026-03-11 09:44:41.807,2026-03-11 09:44:41.807,0,NULL,2026-03-11 09:44:42.387,3495,3495,0,NR-No Report
26-018589,2026-03-11 08:51:13.000,11,WED,11,8,A,DAY,EARLY,POLICE,PARKING COMPLAINT,3,Phone,"VALENTIN, EMERITA",NULL,2026-03-11 08:51:11.000,2026-03-11 08:52:36.000,2026-03-11 08:51:53.000,42,40,2,2026-03-11 08:55:26.477,213,213,0,2026-03-11 08:52:31.000,80,78,2,2026-03-11 08:55:26.477,255,255,0,2026-03-11 08:55:26.477,0,-9999,9999,2026-03-11 09:03:01.447,455,454,1,2026-03-11 09:05:33.123,2026-03-11 09:05:33.123,0,NULL,2026-03-11 09:05:34.230,862,862,0,NR-No Report
26-018590,2026-03-11 08:53:02.000,11,WED,11,8,A,DAY,EARLY,POLICE,TRAFFIC STOP,2,OFFICER,"RIAL-SLOSS, JEFFREY A",NULL,2026-03-11 08:53:02.000,2026-03-11 08:53:19.000,2026-03-11 08:53:02.000,0,2,-2,2026-03-11 08:53:02.000,0,0,0,2026-03-11 08:53:02.000,0,NULL,0,2026-03-11 08:53:02.000,0,0,0,2026-03-11 08:53:02.000,0,0,0,2026-03-11 08:53:02.000,0,0,0,2026-03-11 09:42:33.397,2026-03-11 09:49:44.377,0,NULL,2026-03-11 09:49:44.377,3402,3402,0,CI-Citation
26-018591,2026-03-11 08:53:48.000,11,WED,11,8,A,DAY,EARLY,POLICE,PARKING COMPLAINT,4,Phone,"MAIORIELLO, BERMARI",NULL,2026-03-11 08:53:46.000,2026-03-11 09:24:55.000,2026-03-11 08:56:10.000,144,142,2,2026-03-11 08:58:27.723,137,137,0,2026-03-11 08:57:11.000,205,203,2,2026-03-11 08:58:27.723,281,281,0,2026-03-11 08:58:27.723,0,0,0,2026-03-11 09:23:53.047,1526,1525,1,2026-03-11 09:33:44.953,2026-03-11 09:33:44.953,0,NULL,2026-03-11 09:33:45.900,2398,2398,0,NR-No Report
26-006061,2026-03-11 08:54:53.000,11,WED,11,8,A,DAY,EARLY,FIRE,VEHICLE FIRE,1,E-911,"BONSU, VALERIE",Automatic Dispatch,2026-03-11 08:54:53.000,2026-03-11 08:57:49.000,2026-03-11 08:56:43.000,110,110,0,2026-03-11 08:56:44.973,1,1,0,2026-03-11 08:56:43.000,110,NULL,110,2026-03-11 08:57:49.620,111,111,0,2026-03-11 08:57:49.620,65,64,1,NULL,NULL,-9999,NULL,2026-03-11 09:01:57.447,2026-03-11 09:01:57.447,0,NULL,2026-03-11 09:01:57.613,424,424,0,UNDEFINED
26-018592,2026-03-11 08:56:43.000,11,WED,11,8,A,DAY,EARLY,POLICE,ASSIST FIRE - PROMPT,3,E-911,"BONSU, VALERIE","WALKER, LATITIA",2026-03-11 08:56:43.000,2026-03-11 08:56:53.000,2026-03-11 08:56:43.000,0,NULL,0,2026-03-11 08:58:42.213,119,119,0,2026-03-11 08:56:43.000,0,0,0,2026-03-11 08:58:50.187,119,119,0,2026-03-11 08:58:50.187,8,7,1,NULL,NULL,-9999,NULL,2026-03-11 08:59:31.237,2026-03-11 09:02:57.737,0,NULL,2026-03-11 09:02:58.113,374,374,0,NR-No Report
26-006062,2026-03-11 08:58:58.490,11,WED,11,8,A,DAY,EARLY,EMS,MUTUAL ALS,1,C2C,CAD to CAD Service 1,CAD to CAD Service 1,2026-03-11 08:57:04.000,NULL,2026-03-11 08:58:59.507,115,0,115,2026-03-11 08:58:59.630,0,0,0,NULL,NULL,NULL,NULL,2026-03-11 08:59:18.090,115,-9999,10114,2026-03-11 08:59:18.090,19,18,1,2026-03-11 09:04:42.317,324,324,0,2026-03-11 09:17:17.947,2026-03-11 11:16:33.903,0,NULL,2026-03-11 11:16:34.367,8369,8369,0,UNDEFINED
26-018593,2026-03-11 09:00:22.000,11,WED,11,9,A,DAY,EARLY,POLICE,OFF DUTY DETAIL,8,OFFICER,"KIM, DANIEL H",NULL,2026-03-11 09:00:22.000,2026-03-11 09:32:45.000,2026-03-11 09:00:22.000,0,1,-1,2026-03-11 09:00:22.000,0,0,0,2026-03-11 09:00:22.000,0,NULL,0,2026-03-11 09:00:22.000,0,0,0,2026-03-11 09:00:22.000,0,0,0,2026-03-11 09:00:22.000,0,0,0,2026-03-11 17:09:43.663,2026-03-11 17:09:43.663,0,NULL,2026-03-11 17:09:43.677,29361,29361,0,NR-No Report
26-018594,2026-03-11 09:06:59.000,11,WED,11,9,A,DAY,EARLY,POLICE,TRAFFIC STOP,2,OFFICER,"ANDERSON, ALEX D",NULL,2026-03-11 09:06:59.000,2026-03-11 09:07:05.000,2026-03-11 09:06:59.000,0,1,-1,2026-03-11 09:06:59.000,0,0,0,2026-03-11 09:06:59.000,0,NULL,0,2026-03-11 09:06:59.000,0,0,0,2026-03-11 09:06:59.000,0,0,0,2026-03-11 09:06:59.000,0,0,0,2026-03-11 09:57:53.690,2026-03-11 09:59:15.023,0,NULL,2026-03-11 09:59:15.090,3136,3136,0,CI-Citation
26-018595,2026-03-11 09:11:48.000,11,WED,11,9,A,DAY,EARLY,POLICE,PARKING COMPLAINT,4,Phone,"VALENTIN, EMERITA",NULL,2026-03-11 09:11:46.000,NULL,2026-03-11 09:12:35.000,49,47,2,2026-03-11 09:44:48.690,1933,1933,0,2026-03-11 09:18:18.000,392,390,2,2026-03-11 09:44:48.690,1982,1982,0,2026-03-11 09:44:48.690,0,0,0,2026-03-11 09:59:21.623,873,872,1,2026-03-11 10:11:04.190,2026-03-11 10:11:04.190,0,NULL,2026-03-11 10:11:04.297,3558,3558,0,NR-No Report
26-018597,2026-03-11 09:15:23.000,11,WED,11,9,A,DAY,EARLY,POLICE,SEXUAL OFFENSE IN PROG,2,Phone,"MAIORIELLO, BERMARI",NULL,2026-03-11 09:15:22.000,2026-03-11 09:16:03.000,2026-03-11 09:15:58.000,36,35,1,2026-03-11 09:16:42.883,44,44,0,2026-03-11 09:19:16.000,234,233,1,2026-03-11 09:16:50.097,80,80,0,2026-03-11 09:16:50.097,8,7,1,2026-03-11 09:19:43.363,173,173,0,2026-03-11 09:16:53.907,2026-03-11 09:50:31.090,0,NULL,2026-03-11 09:50:31.587,2109,2109,0,NR-No Report
26-018599,2026-03-11 09:40:49.000,11,WED,11,9,A,DAY,EARLY,POLICE,TROUBLE UNKNOWN EMS,2,E-911,"BONSU, VALERIE","WALKER, LATITIA",2026-03-11 09:40:49.000,2026-03-11 09:42:43.000,2026-03-11 09:42:39.000,110,110,0,2026-03-11 09:44:02.707,83,83,0,2026-03-11 09:49:43.000,534,534,0,2026-03-11 09:44:24.610,193,193,0,2026-03-11 09:44:24.610,22,0,22,NULL,NULL,-9999,NULL,2026-03-11 09:56:41.290,2026-03-11 09:56:49.863,0,NULL,2026-03-11 09:56:50.193,960,960,0,NR-No Report
26-006063,2026-03-11 09:42:40.000,11,WED,11,9,A,DAY,EARLY,EMS,UNKNOWN MEDICAL ALS 1,1,E-911,"BONSU, VALERIE",Automatic Dispatch,2026-03-11 09:42:40.000,2026-03-11 09:43:00.000,2026-03-11 09:42:40.000,0,NULL,0,2026-03-11 09:42:43.900,3,3,0,2026-03-11 09:42:40.000,0,0,0,2026-03-11 09:43:34.033,3,3,0,2026-03-11 09:43:34.033,51,50,1,2026-03-11 09:47:22.183,228,228,0,2026-03-11 09:55:33.857,2026-03-11 09:56:58.843,0,NULL,2026-03-11 09:56:59.730,858,858,0,UNDEFINED
26-018601,2026-03-11 09:46:33.000,11,WED,11,9,A,DAY,EARLY,POLICE,PARKING COMPLAINT,3,Phone,"CRUZ, STEPHANIE",NULL,2026-03-11 09:46:31.000,NULL,2026-03-11 09:47:44.000,73,71,2,2026-03-11 09:53:22.683,338,338,0,2026-03-11 09:48:15.000,104,102,2,2026-03-11 09:53:22.683,411,411,0,2026-03-11 09:53:22.683,0,0,0,2026-03-11 10:13:56.613,1234,1233,1,2026-03-11 10:44:33.317,2026-03-11 10:44:33.317,0,NULL,2026-03-11 10:44:33.900,3482,3482,0,NR-No Report
26-018603,2026-03-11 09:53:16.000,11,WED,11,9,A,DAY,EARLY,POLICE,PARKING COMPLAINT,4,Phone,"LAWRENCE, MEGAN",NULL,2026-03-11 09:53:14.000,NULL,2026-03-11 09:53:35.000,21,19,2,2026-03-11 09:54:08.687,33,33,0,2026-03-11 09:54:41.000,87,85,2,2026-03-11 09:54:08.687,54,54,0,2026-03-11 09:54:08.687,0,0,0,2026-03-11 10:01:49.347,461,460,1,2026-03-11 10:19:02.897,2026-03-11 10:19:02.897,0,NULL,2026-03-11 10:19:04.040,1548,1548,0,CI-Citation
26-006064,2026-03-11 09:54:31.057,11,WED,11,9,A,DAY,EARLY,EMS,MUTUAL ALS,1,C2C,CAD to CAD Service 1,CAD to CAD Service 1,2026-03-11 09:52:34.000,NULL,2026-03-11 09:54:31.993,117,0,117,2026-03-11 09:54:32.073,1,0,1,NULL,NULL,NULL,NULL,2026-03-11 09:56:11.897,118,133,-15,2026-03-11 09:56:11.897,99,83,16,2026-03-11 10:03:54.307,463,462,1,2026-03-11 10:18:37.767,2026-03-11 11:53:45.870,0,NULL,2026-03-11 11:53:46.003,7271,7271,0,UNDEFINED
26-018604,2026-03-11 09:57:37.000,11,WED,11,9,A,DAY,EARLY,POLICE,CIVIL PROCESS EVICTION,4,Radio,"WALKER, LATITIA","WALKER, LATITIA",2026-03-11 09:57:37.000,2026-03-11 09:57:47.000,2026-03-11 09:57:37.000,0,0,0,2026-03-11 09:57:37.000,0,0,0,2026-03-11 09:57:37.000,0,0,0,2026-03-11 09:57:45.760,0,0,0,2026-03-11 09:57:37.000,0,0,0,2026-03-11 09:57:37.000,0,0,0,2026-03-11 10:03:41.333,2026-03-11 10:04:55.383,0,NULL,2026-03-11 10:04:55.510,438,438,0,NR-No Report
26-018605,2026-03-11 09:58:20.000,11,WED,11,9,A,DAY,EARLY,POLICE,ALARM COMMERCIAL,2,Phone,"CRUZ, STEPHANIE","WALKER, LATITIA",2026-03-11 09:58:18.000,2026-03-11 10:00:05.000,2026-03-11 09:59:32.000,74,72,2,2026-03-11 10:00:12.870,40,40,0,2026-03-11 10:01:28.000,190,188,2,2026-03-11 10:00:18.143,114,114,0,2026-03-11 10:00:18.143,6,5,1,2026-03-11 10:03:18.263,180,180,0,2026-03-11 10:06:14.670,2026-03-11 10:08:52.787,0,NULL,2026-03-11 10:08:52.967,634,634,0,FALSE-False Alarm
26-006065,2026-03-11 10:02:01.000,11,WED,11,10,A,DAY,MIDS,EMS,UNCONSCIOUS ALS 2,1,E-911,"GOODWIN, SHEENA",Automatic Dispatch,2026-03-11 10:02:01.000,2026-03-11 10:03:58.000,2026-03-11 10:02:50.000,49,49,0,2026-03-11 10:02:53.990,3,3,0,2026-03-11 10:06:06.000,245,245,0,2026-03-11 10:03:25.227,52,52,0,2026-03-11 10:03:25.227,32,31,1,2026-03-11 10:06:29.880,184,184,0,2026-03-11 10:27:52.807,2026-03-11 10:30:10.183,0,NULL,2026-03-11 10:30:10.590,1689,1689,0,UNDEFINED
26-018607,2026-03-11 10:06:29.000,11,WED,11,10,A,DAY,MIDS,POLICE,TRAFFIC STOP,2,OFFICER,"WIEGAND, KURT J",NULL,2026-03-11 10:06:29.000,2026-03-11 10:06:37.000,2026-03-11 10:06:29.000,0,2,-2,2026-03-11 10:06:29.000,0,0,0,2026-03-11 10:06:29.000,0,NULL,0,2026-03-11 10:06:29.000,0,0,0,2026-03-11 10:06:29.000,0,0,0,2026-03-11 10:06:29.000,0,0,0,2026-03-11 10:13:11.950,2026-03-11 10:13:11.950,0,NULL,2026-03-11 10:13:12.407,402,402,0,NR-No Report
26-018611,2026-03-11 10:06:45.000,11,WED,11,10,A,DAY,MIDS,POLICE,ASSIST CITIZEN DELAY,4,Phone,"VALENTIN, EMERITA","BONSU, VALERIE",2026-03-11 10:06:43.000,2026-03-11 10:26:03.000,2026-03-11 10:15:25.000,522,520,2,2026-03-11 10:33:20.743,1075,1075,0,2026-03-11 10:15:40.000,537,535,2,2026-03-11 10:33:24.167,1597,1597,0,2026-03-11 10:33:24.167,4,3,1,NULL,NULL,-9999,NULL,2026-03-11 11:20:03.517,2026-03-11 11:20:03.517,0,NULL,2026-03-11 11:20:03.983,4400,4400,0,NR-No Report
26-018608,2026-03-11 10:08:23.000,11,WED,11,10,A,DAY,MIDS,POLICE,TRAFFIC STOP,2,OFFICER,"LARNERD, GRANT",NULL,2026-03-11 10:08:23.000,2026-03-11 10:08:29.000,2026-03-11 10:08:23.000,0,1,-1,2026-03-11 10:08:23.000,0,0,0,2026-03-11 10:08:23.000,0,NULL,0,2026-03-11 10:08:23.000,0,0,0,2026-03-11 10:08:23.000,0,0,0,2026-03-11 10:08:23.000,0,0,0,2026-03-11 10:18:32.343,2026-03-11 10:18:32.343,0,NULL,2026-03-11 10:18:32.457,609,609,0,NR-No Report
26-018609,2026-03-11 10:10:45.000,11,WED,11,10,A,DAY,MIDS,POLICE,CIVIL PROCESS EVICTION,4,Radio,"BONSU, VALERIE","BONSU, VALERIE",2026-03-11 10:10:45.000,2026-03-11 10:10:53.000,2026-03-11 10:10:45.000,0,0,0,2026-03-11 10:10:45.000,0,0,0,2026-03-11 10:10:45.000,0,0,0,2026-03-11 10:11:09.167,0,0,0,2026-03-11 10:10:45.000,0,0,0,2026-03-11 10:10:45.000,0,0,0,2026-03-11 10:16:54.077,2026-03-11 10:20:02.073,0,NULL,2026-03-11 10:20:02.173,557,557,0,NR-No Report
26-018610,2026-03-11 10:12:42.000,11,WED,11,10,A,DAY,MIDS,POLICE,PARKING COMPLAINT,4,Phone,"LAWRENCE, MEGAN",NULL,2026-03-11 10:12:41.000,2026-03-11 10:15:38.000,2026-03-11 10:13:37.000,56,55,1,2026-03-11 10:15:13.153,96,96,0,2026-03-11 10:14:54.000,133,132,1,2026-03-11 10:15:13.153,152,152,0,2026-03-11 10:15:13.153,0,0,0,2026-03-11 10:25:48.390,635,635,0,2026-03-11 10:28:55.903,2026-03-11 10:28:55.903,0,NULL,2026-03-11 10:28:55.980,974,974,0,CI-Citation
26-018612,2026-03-11 10:16:49.000,11,WED,11,10,A,DAY,MIDS,POLICE,PARKING COMPLAINT,4,Phone,"PICKERAL, LAUREN",NULL,2026-03-11 10:16:47.000,2026-03-11 10:41:07.000,2026-03-11 10:17:48.000,61,59,2,2026-03-11 10:19:11.957,83,83,0,2026-03-11 10:17:56.000,69,67,2,2026-03-11 10:19:11.957,144,144,0,2026-03-11 10:19:11.957,0,0,0,2026-03-11 10:26:48.380,457,456,1,2026-03-11 10:41:34.423,2026-03-11 10:41:34.423,0,NULL,2026-03-11 10:41:34.940,1487,1487,0,NR-No Report
26-018613,2026-03-11 10:27:24.000,11,WED,11,10,A,DAY,MIDS,POLICE,POLICE INFORMATION,4,Phone,"VALENTIN, EMERITA","VALENTIN, EMERITA",2026-03-11 10:27:22.000,NULL,2026-03-11 10:27:35.000,13,11,2,2026-03-11 10:27:43.857,8,8,0,2026-03-11 10:27:52.000,30,28,2,2026-03-11 10:27:43.920,21,21,0,2026-03-11 10:27:43.920,0,0,0,2026-03-11 10:27:43.990,0,0,0,2026-03-11 10:30:54.137,2026-03-11 10:30:54.137,0,NULL,2026-03-11 10:30:54.200,212,212,0,RE-Report
26-018615,2026-03-11 10:29:15.000,11,WED,11,10,A,DAY,MIDS,POLICE,ALARM COMMERCIAL,2,Phone,"MAIORIELLO, BERMARI","BONSU, VALERIE",2026-03-11 10:29:13.000,2026-03-11 10:32:28.000,2026-03-11 10:29:50.000,37,35,2,2026-03-11 10:32:49.523,179,179,0,2026-03-11 10:31:49.000,156,154,2,2026-03-11 10:32:52.063,216,216,0,2026-03-11 10:32:52.063,3,2,1,2026-03-11 10:36:24.267,212,212,0,2026-03-11 10:39:36.133,2026-03-11 10:41:10.750,0,NULL,2026-03-11 10:41:11.173,717,717,0,FALSE-False Alarm
26-018617,2026-03-11 10:35:05.000,11,WED,11,10,A,DAY,MIDS,POLICE,SHOPLIFTING DELAY,4,Phone,"VALENTIN, EMERITA","BONSU, VALERIE",2026-03-11 10:35:02.000,2026-03-11 10:39:00.000,2026-03-11 10:35:33.000,31,28,3,2026-03-11 10:39:03.673,210,210,0,2026-03-11 10:36:17.000,75,72,3,2026-03-11 10:39:03.767,241,241,0,2026-03-11 10:39:03.767,0,0,0,2026-03-11 11:01:03.703,1320,1319,1,2026-03-11 11:27:58.107,2026-03-11 11:27:58.107,0,NULL,2026-03-11 11:27:58.253,3176,3176,0,RE-Report
26-018618,2026-03-11 10:35:27.000,11,WED,11,10,A,DAY,MIDS,POLICE,TRNSPORT PRISONER JAIL TO JAIL,4,Phone,"ANDERSON, MARILYN","ANDERSON, MARILYN",2026-03-11 10:35:25.000,2026-03-11 10:41:02.000,2026-03-11 10:36:02.000,37,35,2,2026-03-11 10:40:32.047,270,270,0,2026-03-11 10:40:18.000,293,291,2,2026-03-11 10:40:32.683,307,307,0,2026-03-11 10:40:32.683,0,0,0,2026-03-11 13:20:15.203,9583,9582,1,NULL,2026-03-11 13:20:28.000,0,NULL,NULL,9903,9903,0,NR-No Report
26-018619,2026-03-11 10:36:04.000,11,WED,11,10,A,DAY,MIDS,POLICE,POLICE INFORMATION,4,Phone,"MAIORIELLO, BERMARI","MAIORIELLO, BERMARI",2026-03-11 10:36:01.000,2026-03-11 10:38:13.683,2026-03-11 10:36:22.000,21,18,3,2026-03-11 10:38:12.950,110,110,0,2026-03-11 10:38:35.000,154,151,3,2026-03-11 10:39:10.130,131,131,0,2026-03-11 10:39:10.130,58,57,1,2026-03-11 10:39:10.130,0,0,0,2026-03-11 11:55:45.207,2026-03-11 11:55:45.207,0,NULL,2026-03-11 11:55:45.467,4784,4784,0,RE-Report
26-018621,2026-03-11 10:36:45.000,11,WED,11,10,A,DAY,MIDS,POLICE,DEST OF PROP COM DELAY,4,Phone,"MAIORIELLO, BERMARI",NULL,2026-03-11 10:36:43.000,2026-03-11 10:38:27.923,2026-03-11 10:37:22.000,39,37,2,2026-03-11 11:55:49.033,4707,4707,0,2026-03-11 10:38:33.000,110,108,2,2026-03-11 11:55:49.033,4746,4746,0,2026-03-11 11:55:49.033,0,0,0,2026-03-11 11:55:50.433,1,1,0,2026-03-11 11:55:56.290,2026-03-11 11:55:56.290,0,NULL,2026-03-11 11:55:56.793,4753,4753,0,RE-Report
26-018622,2026-03-11 10:39:13.000,11,WED,11,10,A,DAY,MIDS,POLICE,TRAFFIC STOP,2,OFFICER,"PAULINO, GUSTAVO A",NULL,2026-03-11 10:39:13.000,2026-03-11 10:39:18.000,2026-03-11 10:39:13.000,0,1,-1,2026-03-11 10:39:13.000,0,0,0,2026-03-11 10:39:13.000,0,NULL,0,2026-03-11 10:39:13.000,0,0,0,2026-03-11 10:39:13.000,0,0,0,2026-03-11 10:39:13.000,0,0,0,2026-03-11 10:52:28.313,2026-03-11 10:52:28.313,0,NULL,2026-03-11 10:52:28.393,795,795,0,CI-Citation
26-018624,2026-03-11 10:40:33.000,11,WED,11,10,A,DAY,MIDS,POLICE,DISORDERLY CONDUCT,2,E-911,"COOPER, KAKILA","BONSU, VALERIE",2026-03-11 10:40:32.000,2026-03-11 10:41:44.000,2026-03-11 10:41:11.000,39,38,1,2026-03-11 10:42:00.793,49,49,0,2026-03-11 10:42:22.000,110,109,1,2026-03-11 10:42:04.150,88,88,0,2026-03-11 10:42:04.150,4,3,1,2026-03-11 10:44:56.733,172,172,0,2026-03-11 11:15:41.707,2026-03-11 11:15:55.490,0,NULL,2026-03-11 11:15:55.580,2123,2123,0,NR-No Report
26-018623,2026-03-11 10:40:53.000,11,WED,11,10,A,DAY,MIDS,POLICE,TRAFFIC STOP,2,OFFICER,"YOUNG, JAMES K","BONSU, VALERIE",2026-03-11 10:40:53.000,2026-03-11 10:40:59.000,2026-03-11 10:40:53.000,0,1,-1,2026-03-11 10:40:53.000,0,0,0,2026-03-11 10:40:53.000,0,NULL,0,2026-03-11 10:40:53.000,0,0,0,2026-03-11 10:40:53.000,0,0,0,2026-03-11 10:40:53.000,0,0,0,2026-03-11 10:48:43.623,2026-03-11 10:49:23.737,0,NULL,2026-03-11 10:49:24.110,510,510,0,CI-Citation
26-006066,2026-03-11 10:51:03.000,11,WED,11,10,A,DAY,MIDS,EMS,HEART PROBLEMS ALS 1,1,E-911,"COOPER, KAKILA",Automatic Dispatch,2026-03-11 10:51:03.000,2026-03-11 10:51:53.000,2026-03-11 10:51:43.000,40,40,0,2026-03-11 10:51:46.400,3,3,0,2026-03-11 10:53:50.000,167,167,0,2026-03-11 10:52:47.253,43,43,0,2026-03-11 10:52:47.253,61,60,1,2026-03-11 10:58:36.180,349,348,1,2026-03-11 10:54:24.927,2026-03-11 12:01:22.330,0,NULL,2026-03-11 12:01:22.377,4219,4219,0,CAD2CAD
26-018626,2026-03-11 10:51:34.000,11,WED,11,10,A,DAY,MIDS,POLICE,PARKING COMPLAINT,4,Phone,"VALENTIN, EMERITA",NULL,2026-03-11 10:51:32.000,NULL,2026-03-11 10:53:09.000,97,95,2,2026-03-11 11:01:02.543,473,473,0,2026-03-11 11:05:15.000,823,821,2,2026-03-11 11:01:02.543,570,570,0,2026-03-11 11:01:02.543,0,-9999,9999,2026-03-11 11:13:12.547,730,730,0,2026-03-11 11:16:02.627,2026-03-11 11:16:02.627,0,NULL,2026-03-11 11:16:07.003,1470,1470,0,NR-No Report
26-018628,2026-03-11 10:59:31.000,11,WED,11,10,A,DAY,MIDS,POLICE,TRAFFIC STOP,2,OFFICER,"FLORES, GEOVANY H",NULL,2026-03-11 10:59:31.000,2026-03-11 10:59:42.000,2026-03-11 10:59:31.000,0,1,-1,2026-03-11 10:59:31.000,0,0,0,2026-03-11 10:59:31.000,0,NULL,0,2026-03-11 10:59:31.000,0,0,0,2026-03-11 10:59:31.000,0,0,0,2026-03-11 10:59:31.000,0,0,0,2026-03-11 11:29:02.117,2026-03-11 11:29:02.117,0,NULL,2026-03-11 11:29:02.200,1771,1771,0,NR-No Report
26-018629,2026-03-11 11:01:18.000,11,WED,11,11,A,DAY,MIDS,POLICE,TRAFFIC STOP,2,OFFICER,"PAULINO, GUSTAVO A",NULL,2026-03-11 11:01:18.000,2026-03-11 11:01:34.000,2026-03-11 11:01:18.000,0,1,-1,2026-03-11 11:01:18.000,0,0,0,2026-03-11 11:01:18.000,0,NULL,0,2026-03-11 11:01:18.000,0,0,0,2026-03-11 11:01:18.000,0,0,0,2026-03-11 11:01:18.000,0,0,0,2026-03-11 11:07:27.530,2026-03-11 11:07:27.530,0,NULL,2026-03-11 11:07:27.590,369,369,0,CI-Citation
26-018630,2026-03-11 11:05:08.000,11,WED,11,11,A,DAY,MIDS,POLICE,PARKING COMPLAINT,4,Phone,"MAIORIELLO, BERMARI",NULL,2026-03-11 11:05:06.000,NULL,2026-03-11 11:05:27.000,21,19,2,2026-03-11 11:06:16.990,49,49,0,2026-03-11 11:06:44.000,98,96,2,2026-03-11 11:06:16.990,70,70,0,2026-03-11 11:06:16.990,0,-9999,9999,NULL,NULL,-9999,NULL,2026-03-11 11:34:28.567,2026-03-11 11:34:28.567,0,NULL,2026-03-11 11:34:28.703,1762,1762,0,NR-No Report
26-018632,2026-03-11 11:10:26.000,11,WED,11,11,A,DAY,MIDS,POLICE,FALSE PRETENSE/SWINDLE DELAY,4,Phone,"VALENTIN, EMERITA","BONSU, VALERIE",2026-03-11 11:10:24.000,2026-03-11 11:16:09.000,2026-03-11 11:13:14.000,170,168,2,2026-03-11 11:36:05.970,1371,1371,0,2026-03-11 11:14:59.000,275,273,2,2026-03-11 11:36:12.257,1541,1541,0,2026-03-11 11:36:12.257,7,6,1,NULL,NULL,-9999,NULL,2026-03-11 12:28:26.467,2026-03-11 12:28:26.467,0,NULL,2026-03-11 12:28:26.553,4682,4682,0,NR-No Report
26-018633,2026-03-11 11:14:25.000,11,WED,11,11,A,DAY,MIDS,POLICE,POLICE INFORMATION,4,Phone,"VALENTIN, EMERITA","VALENTIN, EMERITA",2026-03-11 11:14:23.000,NULL,2026-03-11 11:14:42.000,19,17,2,2026-03-11 11:14:51.993,9,9,0,2026-03-11 11:14:58.000,35,33,2,2026-03-11 11:14:52.113,28,28,0,2026-03-11 11:14:52.113,1,0,1,2026-03-11 11:14:52.197,0,0,0,2026-03-11 12:34:37.703,2026-03-11 12:34:37.703,0,NULL,2026-03-11 12:34:37.737,4814,4814,0,RE-Report
26-018636,2026-03-11 11:19:52.000,11,WED,11,11,A,DAY,MIDS,POLICE,LARCENY COMM IN PROG,2,Radio,"BONSU, VALERIE","BONSU, VALERIE",2026-03-11 11:19:52.000,2026-03-11 11:22:05.000,2026-03-11 11:19:52.000,0,0,0,2026-03-11 11:19:52.000,0,0,0,2026-03-11 11:19:52.000,0,0,0,2026-03-11 11:21:59.873,0,0,0,2026-03-11 11:19:52.000,0,0,0,2026-03-11 11:19:52.000,0,0,0,2026-03-11 11:54:05.803,2026-03-11 12:20:22.597,0,NULL,2026-03-11 12:20:22.683,3630,3630,0,RE-Report
26-018637,2026-03-11 11:21:45.000,11,WED,11,11,A,DAY,MIDS,POLICE,PARKING COMPLAINT,4,Phone,"VALENTIN, EMERITA",NULL,2026-03-11 11:21:44.000,NULL,2026-03-11 11:22:04.000,20,19,1,2026-03-11 11:38:06.530,962,962,0,2026-03-11 11:47:55.000,1571,1570,1,2026-03-11 11:38:06.530,982,982,0,2026-03-11 11:38:06.530,0,0,0,2026-03-11 11:46:23.677,497,497,0,2026-03-11 12:15:13.200,2026-03-11 12:15:13.200,0,NULL,2026-03-11 12:15:13.410,3209,3209,0,CI-Citation
26-018641,2026-03-11 11:30:51.000,11,WED,11,11,A,DAY,MIDS,POLICE,TRAFFIC STOP,2,OFFICER,"WATTS-CERRATO, WHITNEY W",NULL,2026-03-11 11:30:51.000,2026-03-11 11:35:28.000,2026-03-11 11:30:51.000,0,1,-1,2026-03-11 11:30:51.000,0,0,0,2026-03-11 11:30:51.000,0,NULL,0,2026-03-11 11:30:51.000,0,0,0,2026-03-11 11:30:51.000,0,0,0,2026-03-11 11:30:51.000,0,0,0,2026-03-11 11:49:07.010,2026-03-11 11:49:07.010,0,NULL,2026-03-11 11:49:07.537,1096,1096,0,CI-Citation
26-018643,2026-03-11 11:35:09.000,11,WED,11,11,A,DAY,MIDS,POLICE,TRAFFIC STOP,2,OFFICER,"PAULINO, GUSTAVO A",NULL,2026-03-11 11:35:09.000,2026-03-11 11:35:20.000,2026-03-11 11:35:09.000,0,2,-2,2026-03-11 11:35:09.000,0,0,0,2026-03-11 11:35:09.000,0,NULL,0,2026-03-11 11:35:09.000,0,0,0,2026-03-11 11:35:09.000,0,0,0,2026-03-11 11:35:09.000,0,0,0,2026-03-11 11:38:26.690,2026-03-11 11:38:26.690,0,NULL,2026-03-11 11:38:27.003,197,197,0,NR-No Report
26-018644,2026-03-11 11:37:03.000,11,WED,11,11,A,DAY,MIDS,POLICE,WARRANT SERVICE,2,Radio,"BONSU, VALERIE","BONSU, VALERIE",2026-03-11 11:37:03.000,2026-03-11 11:37:27.000,2026-03-11 11:37:03.000,0,0,0,2026-03-11 11:37:03.000,0,0,0,2026-03-11 11:37:03.000,0,0,0,2026-03-11 11:37:18.707,0,0,0,2026-03-11 11:37:03.000,0,0,0,2026-03-11 11:37:03.000,0,0,0,2026-03-11 11:57:08.567,2026-03-11 16:53:02.217,0,NULL,2026-03-11 16:53:02.303,18959,18959,0,NR-No Report
26-018649,2026-03-11 11:49:15.000,11,WED,11,11,A,DAY,MIDS,POLICE,TRAFFIC STOP,2,OFFICER,"KOLODZINSKI, LISA A",NULL,2026-03-11 11:49:15.000,2026-03-11 11:49:22.000,2026-03-11 11:49:15.000,0,1,-1,2026-03-11 11:49:15.000,0,0,0,2026-03-11 11:49:15.000,0,NULL,0,2026-03-11 11:49:15.000,0,0,0,2026-03-11 11:49:15.000,0,0,0,2026-03-11 11:49:15.000,0,0,0,2026-03-11 12:02:29.940,2026-03-11 12:02:29.940,0,NULL,2026-03-11 12:02:29.980,794,794,0,CI-Citation
26-018652,2026-03-11 11:52:00.000,11,WED,11,11,A,DAY,MIDS,POLICE,ANIMAL BITE ANIMAL DELAY,4,Phone,"WELCH, KIMBERLY","VALENTIN, EMERITA",2026-03-11 11:51:58.000,2026-03-11 11:55:17.000,2026-03-11 11:54:38.000,160,158,2,2026-03-11 12:03:46.973,548,548,0,2026-03-11 11:56:44.000,286,284,2,NULL,708,708,0,NULL,NULL,-9999,NULL,NULL,NULL,-9999,NULL,NULL,2026-03-11 12:03:55.000,0,NULL,NULL,717,717,0,ACOR-Animal Control Report
26-018651,2026-03-11 11:53:12.000,11,WED,11,11,A,DAY,MIDS,POLICE,LARCENY RESIDENTIAL IN PROG,2,Phone,"VALENTIN, EMERITA","BONSU, VALERIE",2026-03-11 11:53:10.000,2026-03-11 11:54:56.000,2026-03-11 11:54:05.000,55,53,2,2026-03-11 12:05:51.530,706,706,0,2026-03-11 11:56:45.000,215,213,2,2026-03-11 12:05:51.663,761,761,0,2026-03-11 12:05:51.663,0,0,0,2026-03-11 12:11:17.237,326,325,1,2026-03-11 12:43:15.630,2026-03-11 12:43:15.630,0,NULL,2026-03-11 12:43:15.743,3005,3005,0,NR-No Report
26-018653,2026-03-11 11:56:20.000,11,WED,11,11,A,DAY,MIDS,POLICE,TRAFFIC STOP,2,OFFICER,"PAULINO, GUSTAVO A",NULL,2026-03-11 11:56:20.000,2026-03-11 11:56:27.000,2026-03-11 11:56:20.000,0,1,-1,2026-03-11 11:56:20.000,0,0,0,2026-03-11 11:56:20.000,0,NULL,0,2026-03-11 11:56:20.000,0,0,0,2026-03-11 11:56:20.000,0,0,0,2026-03-11 11:56:20.000,0,0,0,2026-03-11 12:01:40.890,2026-03-11 12:01:40.883,0,NULL,2026-03-11 12:01:40.883,320,320,0,CI-Citation
26-006067,2026-03-11 12:01:21.000,11,WED,11,12,A,DAY,MIDS,EMS,STROKE ALS 2,1,E-911,"CRUZ, STEPHANIE",Automatic Dispatch,2026-03-11 12:01:21.000,2026-03-11 12:03:39.000,2026-03-11 12:02:26.000,65,65,0,2026-03-11 12:02:31.790,5,5,0,2026-03-11 12:06:19.000,298,298,0,2026-03-11 12:03:27.017,70,70,0,2026-03-11 12:03:27.017,56,55,1,2026-03-11 12:05:19.383,112,112,0,2026-03-11 12:56:18.083,2026-03-11 13:21:24.373,0,NULL,2026-03-11 13:21:24.483,4803,4803,0,UNDEFINED
26-018654,2026-03-11 12:02:08.000,11,WED,11,12,A,DAY,MIDS,POLICE,ASSAULT NO INJURY DELAY,4,E-911,"DEWBERRY, RE'KEYA","BONSU, VALERIE",2026-03-11 12:02:07.000,2026-03-11 12:02:57.000,2026-03-11 12:02:55.000,48,47,1,2026-03-11 12:03:03.213,8,8,0,2026-03-11 12:04:35.000,148,147,1,2026-03-11 12:03:10.577,56,56,0,2026-03-11 12:03:10.577,7,7,0,2026-03-11 12:17:58.407,888,887,1,2026-03-11 12:46:42.363,2026-03-11 14:14:41.653,0,NULL,2026-03-11 14:14:41.777,7954,7954,0,RE-Report
26-018655,2026-03-11 12:07:13.000,11,WED,11,12,A,DAY,MIDS,POLICE,TRAFFIC STOP,2,OFFICER,"BOWLIN, MICHAEL S",NULL,2026-03-11 12:07:13.000,2026-03-11 12:07:31.000,2026-03-11 12:07:13.000,0,1,-1,2026-03-11 12:07:13.000,0,0,0,2026-03-11 12:07:13.000,0,NULL,0,2026-03-11 12:07:13.000,0,0,0,2026-03-11 12:07:13.000,0,0,0,2026-03-11 12:07:13.000,0,0,0,2026-03-11 12:12:53.517,2026-03-11 12:12:53.517,0,NULL,2026-03-11 12:12:53.890,340,340,0,CI-Citation
26-018657,2026-03-11 12:12:46.000,11,WED,11,12,A,DAY,MIDS,POLICE,TRAFFIC STOP,2,OFFICER,"WATTS-CERRATO, WHITNEY W",NULL,2026-03-11 12:12:46.000,2026-03-11 12:13:01.000,2026-03-11 12:12:46.000,0,1,-1,2026-03-11 12:12:46.000,0,0,0,2026-03-11 12:12:46.000,0,NULL,0,2026-03-11 12:12:46.000,0,0,0,2026-03-11 12:12:46.000,0,0,0,2026-03-11 12:12:46.000,0,0,0,2026-03-11 12:32:57.953,2026-03-11 12:32:57.953,0,NULL,2026-03-11 12:32:58.020,1211,1211,0,CI-Citation
26-018658,2026-03-11 12:13:27.000,11,WED,11,12,A,DAY,MIDS,POLICE,ASSIST CITIZEN DELAY,4,Phone,"MAIORIELLO, BERMARI",NULL,2026-03-11 12:13:25.000,2026-03-11 12:15:44.000,2026-03-11 12:15:23.000,118,116,2,2026-03-11 14:44:33.803,8950,8950,0,2026-03-11 12:16:59.000,214,212,2,2026-03-11 14:44:42.920,9068,9068,0,2026-03-11 14:44:42.920,9,9,0,2026-03-11 14:58:53.657,851,850,1,2026-03-11 16:42:31.410,2026-03-11 16:42:31.410,0,NULL,2026-03-11 16:42:31.470,16146,16146,0,RE-Report
26-018661,2026-03-11 12:30:04.000,11,WED,11,12,A,DAY,MIDS,POLICE,DOMESTIC VIOL NO INJ,2,E-911,"CRUZ, STEPHANIE",NULL,2026-03-11 12:30:03.000,2026-03-11 12:31:18.000,2026-03-11 12:31:04.000,61,60,1,2026-03-11 12:34:27.767,203,203,0,2026-03-11 12:34:48.000,285,284,1,2026-03-11 12:34:32.880,264,264,0,2026-03-11 12:34:32.880,5,5,0,2026-03-11 12:46:14.930,702,702,0,2026-03-11 12:40:26.773,2026-03-11 16:16:04.343,0,NULL,2026-03-11 16:16:04.433,13561,13561,0,RE-Report
26-006068,2026-03-11 12:31:37.000,11,WED,11,12,A,DAY,MIDS,EMS,BLS EMERGENCY,3,E-911,"WELCH, KIMBERLY",Automatic Dispatch,2026-03-11 12:31:36.000,2026-03-11 12:33:53.000,2026-03-11 12:33:15.000,99,98,1,2026-03-11 12:33:18.273,3,3,0,2026-03-11 12:38:51.000,435,434,1,2026-03-11 12:33:43.920,102,102,0,2026-03-11 12:33:43.920,25,25,0,2026-03-11 12:36:38.697,175,174,1,2026-03-11 13:33:15.020,2026-03-11 13:33:15.020,0,NULL,2026-03-11 13:33:15.337,3699,3699,0,UNDEFINED
26-018662,2026-03-11 12:35:10.000,11,WED,11,12,A,DAY,MIDS,POLICE,WARRANT SERVICE,2,Radio,"WALKER, LATITIA","WALKER, LATITIA",2026-03-11 12:35:10.000,2026-03-11 12:35:14.000,2026-03-11 12:35:10.000,0,0,0,2026-03-11 12:35:10.000,0,0,0,2026-03-11 12:35:10.000,0,0,0,2026-03-11 12:36:52.890,0,0,0,2026-03-11 12:35:10.000,0,0,0,2026-03-11 12:35:10.000,0,0,0,2026-03-11 12:37:19.377,2026-03-11 14:03:05.710,0,NULL,2026-03-11 14:03:05.943,5275,5275,0,RE-Report
26-018663,2026-03-11 12:35:27.000,11,WED,11,12,A,DAY,MIDS,POLICE,POLICE INFORMATION,4,Phone,"MAIORIELLO, BERMARI","MAIORIELLO, BERMARI",2026-03-11 12:35:25.000,2026-03-12 12:39:58.617,2026-03-11 12:35:47.000,22,20,2,2026-03-11 12:36:46.940,59,59,0,2026-03-11 12:36:52.000,87,85,2,2026-03-11 12:39:38.193,81,81,0,2026-03-11 12:39:38.193,172,171,1,2026-03-11 12:39:38.193,0,0,0,2026-03-11 12:41:36.113,2026-03-11 12:41:36.113,1,2026-03-12 12:39:41.247,2026-03-11 12:41:36.137,371,-9999,10370,RE-Report
26-006069,2026-03-11 12:35:33.000,11,WED,11,12,A,DAY,MIDS,EMS,FALL BLS,3,E-911,"ANDERSON, MARILYN",Automatic Dispatch,2026-03-11 12:35:33.000,2026-03-11 12:36:38.000,2026-03-11 12:36:30.000,57,57,0,2026-03-11 12:36:35.047,5,5,0,2026-03-11 12:37:51.000,138,138,0,2026-03-11 12:37:28.130,62,62,0,2026-03-11 12:37:28.130,53,53,0,2026-03-11 12:39:14.363,106,106,0,2026-03-11 13:06:27.153,2026-03-11 13:52:22.703,0,NULL,2026-03-11 13:52:22.823,4609,4609,0,UNDEFINED
26-018664,2026-03-11 12:42:19.000,11,WED,11,12,A,DAY,MIDS,POLICE,TRAFFIC STOP,2,OFFICER,"WATTS-CERRATO, WHITNEY W",NULL,2026-03-11 12:42:19.000,2026-03-11 12:42:41.000,2026-03-11 12:42:19.000,0,2,-2,2026-03-11 12:42:19.000,0,0,0,2026-03-11 12:42:19.000,0,NULL,0,2026-03-11 12:42:19.000,0,0,0,2026-03-11 12:42:19.000,0,0,0,2026-03-11 12:42:19.000,0,0,0,2026-03-11 12:50:49.097,2026-03-11 12:50:49.097,0,NULL,2026-03-11 12:50:49.123,510,510,0,NR-No Report
26-018665,2026-03-11 12:44:36.000,11,WED,11,12,A,DAY,MIDS,POLICE,DISORDERLY CONDUCT,2,Phone,"LAWRENCE, MEGAN","WALKER, LATITIA",2026-03-11 12:44:34.000,2026-03-11 12:46:09.000,2026-03-11 12:45:10.000,36,34,2,2026-03-11 12:49:27.170,257,257,0,2026-03-11 12:47:53.000,199,197,2,2026-03-11 12:49:33.210,293,293,0,2026-03-11 12:49:33.210,6,6,0,2026-03-11 12:52:47.827,194,194,0,2026-03-11 13:12:45.993,2026-03-11 14:12:24.250,0,NULL,2026-03-11 14:12:24.430,5270,5270,0,NR-No Report
26-018666,2026-03-11 12:53:42.000,11,WED,11,12,A,DAY,MIDS,POLICE,TRAFFIC STOP,2,OFFICER,"WATTS-CERRATO, WHITNEY W",NULL,2026-03-11 12:53:42.000,2026-03-11 12:56:07.000,2026-03-11 12:53:42.000,0,1,-1,2026-03-11 12:53:42.000,0,0,0,2026-03-11 12:53:42.000,0,NULL,0,2026-03-11 12:53:42.000,0,0,0,2026-03-11 12:53:42.000,0,0,0,2026-03-11 12:53:42.000,0,0,0,2026-03-11 13:01:02.190,2026-03-11 13:01:02.190,0,NULL,2026-03-11 13:01:02.290,440,440,0,NR-No Report
26-018667,2026-03-11 12:53:44.000,11,WED,11,12,A,DAY,MIDS,POLICE,PARKING COMPLAINT,4,Phone,"PICKERAL, LAUREN",NULL,2026-03-11 12:53:42.000,NULL,2026-03-11 12:54:44.000,62,60,2,2026-03-11 13:09:52.930,908,908,0,2026-03-11 12:54:55.000,73,71,2,2026-03-11 13:09:52.930,970,970,0,2026-03-11 13:09:52.930,0,-9999,9999,2026-03-11 13:21:26.897,694,693,1,2026-03-11 13:33:57.537,2026-03-11 13:33:57.537,0,NULL,2026-03-11 13:33:58.073,2415,2415,0,CI-Citation
26-018668,2026-03-11 12:55:04.000,11,WED,11,12,A,DAY,MIDS,POLICE,TRAFFIC STOP,2,OFFICER,"KOLODZINSKI, LISA A",NULL,2026-03-11 12:55:04.000,2026-03-11 12:56:21.000,2026-03-11 12:55:04.000,0,2,-2,2026-03-11 12:55:04.000,0,0,0,2026-03-11 12:55:04.000,0,NULL,0,2026-03-11 12:55:04.000,0,0,0,2026-03-11 12:55:04.000,0,0,0,2026-03-11 12:55:04.000,0,0,0,2026-03-11 13:01:06.743,2026-03-11 13:01:06.743,0,NULL,2026-03-11 13:01:07.103,362,362,0,NR-No Report
26-006070,2026-03-11 13:00:16.000,11,WED,11,13,A,DAY,MIDS,EMS,STROKE ALS 2,1,E-911,"WELCH, KIMBERLY",Automatic Dispatch,2026-03-11 13:00:16.000,2026-03-11 13:03:45.000,2026-03-11 13:01:44.000,88,88,0,2026-03-11 13:01:47.607,3,3,0,2026-03-11 13:24:21.000,1445,1445,0,2026-03-11 13:02:02.163,91,91,0,2026-03-11 13:02:02.163,15,14,1,2026-03-11 13:04:53.920,171,171,0,2026-03-11 13:19:09.253,2026-03-11 14:41:31.383,0,NULL,2026-03-11 14:41:31.857,6075,6075,0,UNDEFINED
26-018669,2026-03-11 13:02:27.000,11,WED,11,13,A,DAY,MIDS,POLICE,ROBBERY FROM PERSON IN PROG,4,E-911,"GOODWIN, SHEENA",NULL,2026-03-11 13:02:26.000,2026-03-11 13:04:25.000,2026-03-11 13:04:16.000,110,109,1,2026-03-11 13:05:11.687,55,55,0,2026-03-11 13:08:34.000,368,367,1,2026-03-11 13:05:19.013,165,165,0,2026-03-11 13:05:19.013,8,7,1,2026-03-11 13:06:52.433,93,93,0,2026-03-11 13:19:22.640,2026-03-11 19:34:36.267,0,NULL,2026-03-11 19:34:36.267,23530,23530,0,RE-Report
26-018670,2026-03-11 13:05:46.000,11,WED,11,13,A,DAY,MIDS,POLICE,TRAFFIC STOP,2,OFFICER,"WATTS-CERRATO, WHITNEY W",NULL,2026-03-11 13:05:46.000,NULL,2026-03-11 13:05:46.000,0,3,-3,2026-03-11 13:05:46.000,0,0,0,2026-03-11 13:05:46.000,0,NULL,0,2026-03-11 13:05:46.000,0,0,0,2026-03-11 13:05:46.000,0,0,0,2026-03-11 13:05:46.000,0,0,0,2026-03-11 13:16:33.143,2026-03-11 13:16:33.143,0,NULL,2026-03-11 13:16:33.657,647,647,0,CI-Citation
26-018671,2026-03-11 13:06:09.000,11,WED,11,13,A,DAY,MIDS,POLICE,TRAFFIC STOP,2,OFFICER,"KOLODZINSKI, LISA A",NULL,2026-03-11 13:06:09.000,NULL,2026-03-11 13:06:09.000,0,1,-1,2026-03-11 13:06:09.000,0,0,0,2026-03-11 13:06:09.000,0,NULL,0,2026-03-11 13:06:09.000,0,0,0,2026-03-11 13:06:09.000,0,0,0,2026-03-11 13:06:09.000,0,0,0,2026-03-11 13:12:28.217,2026-03-11 13:12:28.217,0,NULL,2026-03-11 13:12:28.253,379,379,0,NR-No Report
26-018674,2026-03-11 13:10:23.000,11,WED,11,13,A,DAY,MIDS,POLICE,TRESPASSING IN PROG,2,Phone,"VALENTIN, EMERITA",NULL,2026-03-11 13:10:21.000,2026-03-11 13:11:15.000,2026-03-11 13:10:57.000,36,34,2,2026-03-11 13:24:05.813,788,788,0,2026-03-11 13:14:18.000,237,235,2,2026-03-11 13:24:17.960,824,824,0,2026-03-11 13:24:17.960,12,7,5,2026-03-11 13:30:23.030,366,365,1,2026-03-11 13:35:59.467,2026-03-11 14:23:42.167,0,NULL,2026-03-11 14:23:42.277,4401,4401,0,NR-No Report
26-018675,2026-03-11 13:14:13.000,11,WED,11,13,A,DAY,MIDS,POLICE,PARKING COMPLAINT,4,Phone,"JONES, DAESHA",NULL,2026-03-11 13:14:12.000,NULL,2026-03-11 13:14:37.000,25,24,1,2026-03-11 13:18:37.840,240,240,0,2026-03-11 13:15:12.000,60,59,1,2026-03-11 13:18:37.840,265,265,0,2026-03-11 13:18:37.840,0,0,0,2026-03-11 13:29:30.290,653,652,1,2026-03-11 13:45:01.583,2026-03-11 13:45:01.583,0,NULL,2026-03-11 13:45:03.040,1849,1849,0,CI-Citation
26-018676,2026-03-11 13:19:36.000,11,WED,11,13,A,DAY,MIDS,POLICE,MENTAL HEALTH CASE,2,Phone,"JONES, DAESHA",NULL,2026-03-11 13:19:34.000,2026-03-11 13:21:24.000,2026-03-11 13:19:59.000,25,23,2,2026-03-11 15:22:52.580,7373,7373,0,2026-03-11 13:21:04.000,90,88,2,2026-03-11 15:22:59.987,7398,7398,0,2026-03-11 15:22:59.987,7,7,0,2026-03-11 15:50:59.980,1680,1679,1,2026-03-11 15:25:50.717,2026-03-13 15:00:59.080,0,NULL,2026-03-13 15:00:59.107,178885,6085,172800,RE-Report
26-018678,2026-03-11 13:20:40.000,11,WED,11,13,A,DAY,MIDS,POLICE,PARKING COMPLAINT,4,Phone,"LAWRENCE, MEGAN",NULL,2026-03-11 13:20:39.000,2026-03-11 13:21:26.000,2026-03-11 13:21:06.000,27,26,1,2026-03-11 13:22:13.900,67,67,0,2026-03-11 13:22:42.000,123,122,1,2026-03-11 13:22:13.900,94,94,0,2026-03-11 13:22:13.900,0,0,0,2026-03-11 13:45:31.697,1398,1397,1,2026-03-11 14:11:49.623,2026-03-11 14:11:49.623,0,NULL,2026-03-11 14:11:50.253,3070,3070,0,NR-No Report
26-018677,2026-03-11 13:20:47.000,11,WED,11,13,A,DAY,MIDS,POLICE,TRAFFIC STOP,2,OFFICER,"KOLODZINSKI, LISA A",NULL,2026-03-11 13:20:47.000,2026-03-11 13:21:02.000,2026-03-11 13:20:47.000,0,3,-3,2026-03-11 13:20:47.000,0,0,0,2026-03-11 13:20:47.000,0,NULL,0,2026-03-11 13:20:47.000,0,0,0,2026-03-11 13:20:47.000,0,0,0,2026-03-11 13:20:47.000,0,0,0,2026-03-11 13:37:49.930,2026-03-11 13:37:49.930,0,NULL,2026-03-11 13:37:49.993,1022,1022,0,CI-Citation
26-018683,2026-03-11 13:21:52.000,11,WED,11,13,A,DAY,MIDS,POLICE,PUBLIC SERVICE MULTI OFFICER,2,Phone,"VALENTIN, EMERITA","WALKER, LATITIA",2026-03-11 13:21:50.000,2026-03-11 13:38:44.000,2026-03-11 13:29:05.000,435,433,2,2026-03-11 13:48:43.347,1178,1178,0,2026-03-11 13:39:43.000,1073,1071,2,2026-03-11 13:48:43.977,1613,1613,0,2026-03-11 13:48:43.977,0,0,0,2026-03-11 13:53:40.890,297,296,1,2026-03-11 14:35:00.293,2026-03-11 14:35:00.293,0,NULL,2026-03-11 14:35:00.610,4390,4390,0,NR-No Report
26-018679,2026-03-11 13:23:33.000,11,WED,11,13,A,DAY,MIDS,POLICE,MVC PROPERTY DAMAGE,2,E-911,"ANDERSON, MARILYN","WALKER, LATITIA",2026-03-11 13:23:33.000,2026-03-11 13:25:05.000,2026-03-11 13:24:39.000,66,66,0,2026-03-11 13:26:05.267,86,86,0,2026-03-11 13:25:44.000,131,131,0,2026-03-11 13:26:05.430,152,152,0,2026-03-11 13:26:05.430,0,0,0,NULL,NULL,-9999,NULL,2026-03-11 13:44:40.473,2026-03-11 13:44:40.473,0,NULL,2026-03-11 13:44:40.537,1267,1267,0,NR-No Report
26-018680,2026-03-11 13:24:04.000,11,WED,11,13,A,DAY,MIDS,POLICE,WALK IN HQ LOBBY,3,Phone,"PICKERAL, LAUREN",NULL,2026-03-11 13:24:02.000,2026-03-11 13:36:14.000,2026-03-11 13:24:51.000,49,47,2,2026-03-11 14:42:56.180,4685,4685,0,2026-03-11 13:26:07.000,125,123,2,2026-03-11 14:43:04.633,4734,4734,0,2026-03-11 14:43:04.633,8,8,0,2026-03-11 15:02:14.210,1150,1149,1,2026-03-12 00:51:00.997,2026-03-12 00:51:00.997,0,NULL,2026-03-12 00:51:01.037,41218,41218,0,RE-Report
26-018682,2026-03-11 13:28:25.000,11,WED,11,13,A,DAY,MIDS,POLICE,TRESPASSING IN PROG,2,Phone,"LAWRENCE, MEGAN","WALKER, LATITIA",2026-03-11 13:28:23.000,2026-03-11 13:29:28.000,2026-03-11 13:29:05.000,42,40,2,2026-03-11 13:31:07.277,122,122,0,2026-03-11 13:31:44.000,201,199,2,2026-03-11 13:31:07.527,164,164,0,2026-03-11 13:31:07.527,0,0,0,2026-03-11 13:32:06.263,59,58,1,2026-03-11 13:48:03.430,2026-03-11 13:48:03.430,0,NULL,2026-03-11 13:48:03.483,1180,1180,0,NR-No Report
26-018684,2026-03-11 13:32:28.000,11,WED,11,13,A,DAY,MIDS,POLICE,DISORDERLY CONDUCT,2,E-911,"ANDERSON, MARILYN","WELCH, KIMBERLY",2026-03-11 13:32:28.000,2026-03-11 13:41:15.000,2026-03-11 13:34:38.000,130,130,0,2026-03-11 14:04:19.090,1781,1781,0,2026-03-11 13:38:26.000,358,358,0,2026-03-11 14:04:33.970,1911,1911,0,2026-03-11 14:04:33.970,14,14,0,2026-03-11 14:08:53.887,260,259,1,2026-03-11 14:16:58.763,2026-03-11 14:16:58.763,0,NULL,2026-03-11 14:16:58.907,2670,2670,0,NR-No Report
26-018686,2026-03-11 13:49:44.000,11,WED,11,13,A,DAY,MIDS,POLICE,TRAFFIC STOP,2,OFFICER,"YOUNG, JAMES K",NULL,2026-03-11 13:49:44.000,2026-03-11 13:51:06.000,2026-03-11 13:49:44.000,0,1,-1,2026-03-11 13:49:44.000,0,0,0,2026-03-11 13:49:44.000,0,NULL,0,2026-03-11 13:49:44.000,0,0,0,2026-03-11 13:49:44.000,0,0,0,2026-03-11 13:49:44.000,0,0,0,2026-03-11 13:57:00.020,2026-03-11 13:57:00.020,0,NULL,2026-03-11 13:57:00.453,436,436,0,CI-Citation
26-018688,2026-03-11 13:49:53.000,11,WED,11,13,A,DAY,MIDS,POLICE,ASSIST OUTSIDE AGENCY,3,VCIN,"JONES, DAESHA","WELCH, KIMBERLY",2026-03-11 13:49:50.000,2026-03-11 13:55:33.000,2026-03-11 13:50:50.000,60,57,3,2026-03-11 14:44:56.270,3246,3246,0,2026-03-11 14:02:31.000,761,758,3,2026-03-11 14:45:00.013,3306,3306,0,2026-03-11 14:45:00.013,4,3,1,2026-03-11 14:50:38.720,338,338,0,2026-03-11 15:23:15.040,2026-03-11 15:23:15.040,0,NULL,2026-03-11 15:23:15.460,5605,5605,0,NR-No Report
26-006072,2026-03-11 13:55:26.000,11,WED,11,13,A,DAY,MIDS,EMS,TROUBLE BREATHING ALS 1,1,E-911,"COOPER, KAKILA",Automatic Dispatch,2026-03-11 13:55:25.000,2026-03-11 13:56:26.000,2026-03-11 13:56:00.000,35,34,1,2026-03-11 13:56:03.000,3,2,1,2026-03-11 13:57:42.000,137,136,1,2026-03-11 13:57:07.883,38,37,1,2026-03-11 13:57:07.883,64,64,0,2026-03-11 14:00:38.547,211,210,1,2026-03-11 14:27:22.147,2026-03-11 15:46:57.630,0,NULL,2026-03-11 15:46:57.783,6692,6692,0,UNDEFINED
26-006073,2026-03-11 13:59:12.000,11,WED,11,13,A,DAY,MIDS,FIRE,FIRE ALARM,3,Phone,"PICKERAL, LAUREN",Automatic Dispatch,2026-03-11 13:59:11.000,2026-03-11 14:00:04.000,2026-03-11 13:59:36.000,25,24,1,2026-03-11 13:59:39.667,3,3,0,2026-03-11 14:00:24.000,73,72,1,2026-03-11 14:02:13.787,28,28,0,2026-03-11 14:02:13.787,154,154,0,2026-03-11 14:08:18.147,365,364,1,2026-03-11 14:16:11.373,2026-03-11 14:16:11.373,0,NULL,2026-03-11 14:16:11.467,1020,1020,0,CAD2CAD
26-006074,2026-03-11 14:00:26.483,11,WED,11,14,A,DAY,LATE,EMS,MUTUAL ALS,1,C2C,CAD to CAD Service 1,CAD to CAD Service 1,2026-03-11 13:56:10.000,NULL,2026-03-11 14:00:27.483,257,0,257,2026-03-11 14:00:27.577,0,0,0,NULL,NULL,NULL,NULL,2026-03-11 14:01:00.560,257,-9999,10256,2026-03-11 14:01:00.560,33,32,1,2026-03-11 14:04:44.083,224,223,1,2026-03-11 14:24:13.927,2026-03-11 15:46:42.227,0,NULL,2026-03-11 15:46:42.330,6632,6632,0,UNDEFINED
26-006075,2026-03-11 14:01:55.000,11,WED,11,14,A,DAY,LATE,FIRE,ELEVATOR,3,Phone,"VALENTIN, EMERITA","GOODWIN, SHEENA",2026-03-11 14:01:52.000,NULL,2026-03-11 14:03:05.000,73,70,3,2026-03-11 14:03:07.637,2,2,0,2026-03-11 14:03:05.000,73,NULL,73,2026-03-11 14:03:50.467,75,75,0,2026-03-11 14:03:50.467,43,42,1,2026-03-11 14:05:04.017,74,73,1,2026-03-11 14:12:04.170,2026-03-11 14:12:04.170,1,2026-03-11 14:15:10.897,2026-03-11 14:22:14.387,612,1222,-610,UNDEFINED
26-018690,2026-03-11 14:03:18.000,11,WED,11,14,A,DAY,LATE,POLICE,TRAFFIC STOP,2,OFFICER,"WATTS-CERRATO, WHITNEY W",NULL,2026-03-11 14:03:18.000,2026-03-11 14:03:38.000,2026-03-11 14:03:18.000,0,1,-1,2026-03-11 14:03:18.000,0,0,0,2026-03-11 14:03:18.000,0,NULL,0,2026-03-11 14:03:18.000,0,0,0,2026-03-11 14:03:18.000,0,0,0,2026-03-11 14:03:18.000,0,0,0,2026-03-11 14:15:44.123,2026-03-11 14:15:44.123,0,NULL,2026-03-11 14:15:44.333,746,746,0,NR-No Report
26-018691,2026-03-11 14:07:47.000,11,WED,11,14,A,DAY,LATE,POLICE,LARCENY OTHER DELAY,4,Phone,"MAIORIELLO, BERMARI",NULL,2026-03-11 14:07:45.000,2026-03-11 14:33:01.000,2026-03-11 14:09:28.000,103,101,2,2026-03-11 14:16:31.083,423,423,0,2026-03-11 14:11:26.000,221,219,2,2026-03-11 14:16:31.083,526,526,0,2026-03-11 14:16:31.083,0,0,0,2026-03-11 14:32:56.697,985,985,0,2026-03-11 15:15:39.633,2026-03-11 15:15:39.633,0,NULL,2026-03-11 15:15:39.727,4074,4074,0,RE-Report
26-006076,2026-03-11 14:14:08.000,11,WED,11,14,A,DAY,LATE,EMS,BACK PAIN BLS,3,E-911,"ANDERSON, MARILYN",Automatic Dispatch,2026-03-11 14:14:07.000,2026-03-11 14:16:02.000,2026-03-11 14:15:09.000,62,61,1,2026-03-11 14:15:12.147,3,3,0,2026-03-11 14:18:10.000,243,242,1,2026-03-11 14:16:30.070,65,65,0,2026-03-11 14:16:30.070,78,77,1,2026-03-11 14:23:27.990,417,417,0,2026-03-11 15:26:10.010,2026-03-11 15:26:10.010,0,NULL,2026-03-11 15:26:10.260,4323,4323,0,CAD2CAD
26-006077,2026-03-11 14:14:19.000,11,WED,11,14,A,DAY,LATE,EMS,FACILITY BLS,3,E-911,"BONSU, VALERIE",Automatic Dispatch,2026-03-11 14:14:18.000,2026-03-11 14:17:55.000,2026-03-11 14:17:17.000,179,178,1,2026-03-11 14:17:19.707,2,2,0,2026-03-11 14:17:18.000,180,179,1,2026-03-11 14:18:55.657,181,181,0,2026-03-11 14:18:55.657,96,95,1,2026-03-11 14:24:11.983,316,316,0,2026-03-11 14:36:36.030,2026-03-11 15:33:00.570,0,NULL,2026-03-11 15:33:01.093,4722,4722,0,UNDEFINED
26-018695,2026-03-11 14:16:27.000,11,WED,11,14,A,DAY,LATE,POLICE,TRAFFIC STOP,2,OFFICER,"WATTS-CERRATO, WHITNEY W",NULL,2026-03-11 14:16:27.000,2026-03-11 14:16:40.000,2026-03-11 14:16:27.000,0,1,-1,2026-03-11 14:16:27.000,0,0,0,2026-03-11 14:16:27.000,0,NULL,0,2026-03-11 14:16:27.000,0,0,0,2026-03-11 14:16:27.000,0,0,0,2026-03-11 14:16:27.000,0,0,0,2026-03-11 14:32:22.147,2026-03-11 14:32:22.147,0,NULL,2026-03-11 14:32:22.607,955,955,0,CI-Citation
26-018697,2026-03-11 14:26:50.000,11,WED,11,14,A,DAY,LATE,POLICE,DISORDERLY CONDUCT,2,Phone,"LAWRENCE, MEGAN","WELCH, KIMBERLY",2026-03-11 14:26:48.000,2026-03-11 14:28:32.000,2026-03-11 14:27:27.000,39,37,2,2026-03-11 14:29:08.263,101,101,0,2026-03-11 14:29:41.000,173,171,2,2026-03-11 14:29:11.183,140,140,0,2026-03-11 14:29:11.183,3,2,1,2026-03-11 14:31:12.927,121,121,0,2026-03-11 14:40:56.860,2026-03-11 15:20:08.630,0,NULL,2026-03-11 15:20:08.703,3200,3200,0,NR-No Report
26-018696,2026-03-11 14:26:52.000,11,WED,11,14,A,DAY,LATE,POLICE,TRAFFIC STOP,2,OFFICER,"MOSES, WILLIE M",NULL,2026-03-11 14:26:52.000,NULL,2026-03-11 14:26:52.000,0,1,-1,2026-03-11 14:26:52.000,0,0,0,2026-03-11 14:26:52.000,0,NULL,0,2026-03-11 14:26:52.000,0,0,0,2026-03-11 14:26:52.000,0,0,0,2026-03-11 14:26:52.000,0,0,0,2026-03-11 14:42:40.827,2026-03-11 14:42:40.827,0,NULL,2026-03-11 14:42:41.297,948,948,0,NR-No Report
26-006078,2026-03-11 14:31:43.000,11,WED,11,14,A,DAY,LATE,EMS,BLS EMERGENCY,3,E-911,"ANDERSON, MARILYN",Automatic Dispatch,2026-03-11 14:31:43.000,2026-03-11 14:33:01.000,2026-03-11 14:32:50.000,67,67,0,2026-03-11 14:32:53.110,3,3,0,2026-03-11 14:35:36.000,233,233,0,2026-03-11 14:34:24.937,70,70,0,2026-03-11 14:34:24.937,91,91,0,2026-03-11 14:36:20.287,116,115,1,2026-03-11 15:52:35.290,2026-03-11 15:52:35.290,0,NULL,2026-03-11 15:52:35.667,4852,4852,0,UNDEFINED
26-018699,2026-03-11 14:34:39.000,11,WED,11,14,A,DAY,LATE,POLICE,TRAFFIC STOP,2,OFFICER,"WATTS-CERRATO, WHITNEY W","WELCH, KIMBERLY",2026-03-11 14:34:39.000,2026-03-11 14:34:49.000,2026-03-11 14:34:39.000,0,1,-1,2026-03-11 14:34:39.000,0,0,0,2026-03-11 14:34:39.000,0,NULL,0,2026-03-11 14:34:39.000,0,0,0,2026-03-11 14:34:39.000,0,0,0,2026-03-11 14:34:39.000,0,0,0,2026-03-11 14:35:41.127,2026-03-11 14:48:03.513,0,NULL,2026-03-11 14:48:03.547,804,804,0,CI-Citation
26-018700,2026-03-11 14:38:30.000,11,WED,11,14,A,DAY,LATE,POLICE,MVC PROPERTY DAMAGE,2,Phone,"JONES, DAESHA","WELCH, KIMBERLY",2026-03-11 14:38:28.000,2026-03-11 14:39:28.000,2026-03-11 14:38:58.000,30,28,2,2026-03-11 14:41:55.877,177,177,0,2026-03-11 14:42:18.000,230,228,2,2026-03-11 14:43:34.157,207,207,0,2026-03-11 14:43:34.157,99,3,96,2026-03-11 14:59:32.803,958,958,0,2026-03-11 14:43:37.133,2026-03-11 15:15:29.680,0,NULL,2026-03-11 15:15:30.117,2221,2221,0,NR-No Report
26-006080,2026-03-11 14:45:16.000,11,WED,11,14,A,DAY,LATE,EMS,TROUBLE BREATHING ALS 1,1,E-911,"WALKER, LATITIA",Automatic Dispatch,2026-03-11 14:45:15.000,2026-03-11 14:46:30.000,2026-03-11 14:45:57.000,42,41,1,2026-03-11 14:46:00.517,3,3,0,2026-03-11 14:47:31.000,136,135,1,2026-03-11 14:46:21.017,45,45,0,2026-03-11 14:46:21.017,21,20,1,2026-03-11 14:48:19.837,118,118,0,2026-03-11 14:49:07.573,2026-03-11 14:49:24.347,0,NULL,2026-03-11 14:49:24.787,249,249,0,UNDEFINED
26-006081,2026-03-11 14:45:27.000,11,WED,11,14,A,DAY,LATE,FIRE,INVESTIGATION,3,Phone,"JONES, DAESHA",Automatic Dispatch,2026-03-11 14:45:26.000,2026-03-11 14:47:02.000,2026-03-11 14:45:58.000,32,31,1,2026-03-11 14:46:07.180,9,9,0,2026-03-11 14:47:46.000,140,139,1,2026-03-11 14:47:38.817,41,41,0,2026-03-11 14:47:38.817,91,91,0,2026-03-11 14:51:22.843,224,224,0,2026-03-11 15:11:10.147,2026-03-11 15:11:10.147,0,NULL,2026-03-11 15:11:10.387,1544,1544,0,UNDEFINED
26-006082,2026-03-11 14:55:27.000,11,WED,11,14,A,DAY,LATE,FIRE,WIRES DOWN,4,Phone,"MAIORIELLO, BERMARI",Automatic Dispatch,2026-03-11 14:55:26.000,2026-03-11 14:59:22.000,2026-03-11 14:58:59.000,213,212,1,2026-03-11 14:59:01.767,2,2,0,2026-03-11 14:59:17.000,231,230,1,2026-03-11 14:59:53.453,215,215,0,2026-03-11 14:59:53.453,52,51,1,2026-03-11 15:04:57.317,304,303,1,2026-03-11 15:08:24.287,2026-03-11 15:08:24.287,0,NULL,2026-03-11 15:08:24.533,778,778,0,UNDEFINED
26-018701,2026-03-11 15:03:02.000,11,WED,11,15,A,DAY,LATE,POLICE,OFF DUTY DETAIL,8,OFFICER,"HENRY, CHELSEA E",NULL,2026-03-11 15:03:02.000,2026-03-11 15:58:48.000,2026-03-11 15:03:02.000,0,2,-2,2026-03-11 15:03:02.000,0,0,0,2026-03-11 15:03:02.000,0,NULL,0,2026-03-11 15:03:02.000,0,0,0,2026-03-11 15:03:02.000,0,0,0,2026-03-11 15:03:02.000,0,0,0,2026-03-11 22:15:49.027,2026-03-11 22:15:49.027,0,NULL,2026-03-11 22:15:49.110,25967,25967,0,NR-No Report
26-018702,2026-03-11 15:03:38.000,11,WED,11,15,A,DAY,LATE,POLICE,MVC HIT/RUN INJ MOPED/BICYCLE,1,Phone,"DEWBERRY, RE'KEYA","WELCH, KIMBERLY",2026-03-11 15:03:36.000,2026-03-11 15:04:52.000,2026-03-11 15:04:46.000,70,68,2,2026-03-11 15:05:26.037,40,40,0,2026-03-11 15:04:46.000,70,NULL,70,2026-03-11 15:05:44.693,110,110,0,2026-03-11 15:05:44.693,18,7,11,2026-03-11 15:20:43.487,899,898,1,2026-03-11 15:06:47.497,2026-03-11 17:23:52.627,0,NULL,2026-03-11 17:23:52.730,8416,8416,0,NR-No Report
26-006083,2026-03-11 15:04:47.000,11,WED,11,15,A,DAY,LATE,EMS,BICYCLIST STRUCK ALS 1 - SUPV,1,E-911,"DEWBERRY, RE'KEYA","GOODWIN, SHEENA",2026-03-11 15:04:47.000,2026-03-11 15:04:53.000,2026-03-11 15:04:47.000,0,NULL,0,2026-03-11 15:04:50.087,3,3,0,2026-03-11 15:04:47.000,0,0,0,2026-03-11 15:04:52.130,3,3,0,2026-03-11 15:04:52.130,2,2,0,2026-03-11 15:13:56.130,544,544,0,2026-03-11 15:08:59.570,2026-03-11 15:57:53.980,0,NULL,2026-03-11 15:57:54.113,3186,3186,0,UNDEFINED
26-018703,2026-03-11 15:14:24.000,11,WED,11,15,A,DAY,LATE,POLICE,PARKING COMPLAINT,4,Phone,"JONES, DAESHA",NULL,2026-03-11 15:14:23.000,2026-03-11 15:15:57.000,2026-03-11 15:14:41.000,18,17,1,2026-03-11 15:22:44.737,483,483,0,2026-03-11 15:15:52.000,89,88,1,2026-03-11 15:22:44.737,501,501,0,2026-03-11 15:22:44.737,0,0,0,2026-03-11 15:58:31.367,2147,2146,1,2026-03-11 16:00:32.810,2026-03-11 16:00:32.810,0,NULL,2026-03-11 16:00:33.807,2769,2769,0,NR-No Report
26-018705,2026-03-11 15:20:54.000,11,WED,11,15,A,DAY,LATE,POLICE,DISORDERLY CONDUCT,2,Phone,"MAIORIELLO, BERMARI","WELCH, KIMBERLY",2026-03-11 15:20:53.000,2026-03-11 15:24:59.000,2026-03-11 15:23:59.000,186,185,1,2026-03-11 15:26:32.377,153,153,0,2026-03-11 15:27:49.000,416,415,1,2026-03-11 15:26:35.057,339,339,0,2026-03-11 15:26:35.057,3,2,1,2026-03-11 15:32:44.503,369,369,0,2026-03-11 15:27:22.983,2026-03-11 15:36:59.390,0,NULL,2026-03-11 15:36:59.500,966,966,0,NR-No Report
26-006084,2026-03-11 15:28:38.000,11,WED,11,15,A,DAY,LATE,EMS,TROUBLE BREATHING ALS 1,1,E-911,"ANDERSON, MARILYN","ALLEN, TIANA",2026-03-11 15:28:38.000,2026-03-11 15:30:35.000,2026-03-11 15:29:32.000,54,54,0,2026-03-11 15:29:34.787,2,2,0,2026-03-11 15:32:25.000,227,227,0,2026-03-11 15:31:14.807,56,56,0,2026-03-11 15:31:14.807,100,100,0,2026-03-11 15:34:35.530,201,200,1,2026-03-11 15:33:46.940,2026-03-11 16:43:08.597,0,NULL,2026-03-11 16:43:08.707,4470,4470,0,CAD2CAD
26-018709,2026-03-11 15:33:23.000,11,WED,11,15,A,DAY,LATE,POLICE,MISSING PERSON CRITICAL,1,E-911,"BONSU, VALERIE","WELCH, KIMBERLY",2026-03-11 15:33:23.000,2026-03-11 15:34:16.000,2026-03-11 15:34:00.000,37,37,0,2026-03-11 15:35:29.950,89,89,0,2026-03-11 15:41:16.000,473,473,0,2026-03-11 15:35:32.667,126,126,0,2026-03-11 15:35:32.667,3,2,1,2026-03-11 15:39:58.600,266,265,1,2026-03-11 16:04:10.133,2026-03-11 16:27:12.063,0,NULL,2026-03-11 16:27:12.417,3229,3229,0,NR-No Report
26-018708,2026-03-11 15:33:27.000,11,WED,11,15,A,DAY,LATE,POLICE,WALK IN HQ LOBBY,3,Phone,"JONES, DAESHA",NULL,2026-03-11 15:33:25.000,NULL,2026-03-11 15:33:53.000,28,26,2,2026-03-11 15:38:15.033,262,262,0,2026-03-11 15:33:53.000,28,NULL,28,2026-03-11 15:38:15.033,290,290,0,2026-03-11 15:38:15.033,0,0,0,NULL,NULL,-9999,NULL,2026-03-11 15:53:45.043,2026-03-11 15:53:45.043,0,NULL,2026-03-11 15:53:45.143,1220,1220,0,NR-No Report
26-018710,2026-03-11 15:36:14.000,11,WED,11,15,A,DAY,LATE,POLICE,ASSIST CITIZEN PROMPT,3,Phone,"LAWRENCE, MEGAN","BONSU, VALERIE",2026-03-11 15:36:13.000,2026-03-11 15:38:16.000,2026-03-11 15:36:42.000,29,28,1,2026-03-11 17:41:57.040,7515,7515,0,2026-03-11 15:43:23.000,430,429,1,2026-03-11 17:42:03.870,7544,7544,0,2026-03-11 17:42:03.870,6,6,0,2026-03-11 17:52:40.233,637,636,1,2026-03-11 18:07:24.577,2026-03-11 18:07:24.577,0,NULL,2026-03-11 18:07:24.707,9071,9071,0,NR-No Report
26-018711,2026-03-11 15:37:55.000,11,WED,11,15,A,DAY,LATE,POLICE,DISORDERLY CONDUCT,2,E-911,"ANDERSON, MARILYN","WELCH, KIMBERLY",2026-03-11 15:37:53.000,2026-03-11 15:41:53.000,2026-03-11 15:39:01.000,68,66,2,2026-03-11 15:44:26.870,325,325,0,2026-03-11 15:40:17.000,144,142,2,2026-03-11 15:44:37.777,393,393,0,2026-03-11 15:44:37.777,11,8,3,2026-03-11 15:53:52.237,555,554,1,2026-03-11 16:17:00.817,2026-03-11 17:27:25.000,0,NULL,NULL,6572,6572,0,NR-No Report
26-018712,2026-03-11 15:38:22.000,11,WED,11,15,A,DAY,LATE,POLICE,MVC PROPERTY DAMAGE,2,Phone,"MAIORIELLO, BERMARI","WELCH, KIMBERLY",2026-03-11 15:38:20.000,2026-03-11 15:40:42.000,2026-03-11 15:39:03.000,43,41,2,2026-03-11 15:41:28.847,145,145,0,2026-03-11 15:42:22.000,242,240,2,2026-03-11 15:41:45.640,188,188,0,2026-03-11 15:41:45.640,17,16,1,2026-03-11 16:09:56.473,1691,1690,1,2026-03-11 16:29:37.227,2026-03-11 16:29:37.227,0,NULL,2026-03-11 16:29:37.790,3077,3077,0,NR-No Report
26-018714,2026-03-11 15:41:48.000,11,WED,11,15,A,DAY,LATE,POLICE,ASSIST CITIZEN PROMPT,3,E-911,"ANDERSON, MARILYN","WALKER, JUANITA",2026-03-11 15:41:47.000,2026-03-11 15:42:38.000,2026-03-11 15:42:21.000,34,33,1,2026-03-11 18:11:37.823,8956,8956,0,2026-03-11 15:44:47.000,180,179,1,2026-03-11 18:11:43.013,8990,8990,0,2026-03-11 18:11:43.013,6,5,1,2026-03-11 18:14:52.573,189,189,0,2026-03-11 18:18:15.733,2026-03-11 18:20:24.787,0,NULL,2026-03-11 18:20:25.147,9517,9517,0,NR-No Report
26-018715,2026-03-11 15:44:27.000,11,WED,11,15,A,DAY,LATE,POLICE,TRAFFIC STOP,2,OFFICER,"STERLING, DAVON",NULL,2026-03-11 15:44:27.000,2026-03-11 15:45:12.000,2026-03-11 15:44:27.000,0,3,-3,2026-03-11 15:44:27.000,0,0,0,2026-03-11 15:44:27.000,0,NULL,0,2026-03-11 15:44:27.000,0,0,0,2026-03-11 15:44:27.000,0,0,0,2026-03-11 15:44:27.000,0,0,0,2026-03-11 15:49:35.833,2026-03-11 15:49:35.833,0,NULL,2026-03-11 15:49:35.907,308,308,0,NR-No Report
26-018716,2026-03-11 15:48:24.000,11,WED,11,15,A,DAY,LATE,POLICE,OFF DUTY DETAIL,8,OFFICER,"SUAREZ, ANGGELO J",NULL,2026-03-11 15:48:24.000,2026-03-11 15:58:38.000,2026-03-11 15:48:24.000,0,1,-1,2026-03-11 15:48:24.000,0,0,0,2026-03-11 15:48:24.000,0,NULL,0,2026-03-11 15:48:24.000,0,0,0,2026-03-11 15:48:24.000,0,0,0,2026-03-11 15:48:24.000,0,0,0,2026-03-11 19:59:18.390,2026-03-11 19:59:18.390,0,NULL,2026-03-11 19:59:18.470,15054,15054,0,NR-No Report
26-006085,2026-03-11 15:49:27.000,11,WED,11,15,A,DAY,LATE,EMS,BLS EMERGENCY,3,E-911,"ANDERSON, MARILYN",Automatic Dispatch,2026-03-11 15:49:26.000,2026-03-11 15:51:07.000,2026-03-11 15:50:32.000,66,65,1,2026-03-11 15:50:36.520,4,4,0,2026-03-11 15:52:28.000,182,181,1,2026-03-11 15:52:19.317,70,70,0,2026-03-11 15:52:19.317,103,102,1,2026-03-11 15:58:08.020,349,348,1,2026-03-11 16:58:12.157,2026-03-11 16:58:12.157,0,NULL,2026-03-11 16:58:12.393,4126,4126,0,RAF-Reassign FD Call
26-018717,2026-03-11 15:55:23.000,11,WED,11,15,A,DAY,LATE,POLICE,ROBBERY FROM PERSON IN PROG,1,E-911,"CRUZ, STEPHANIE",NULL,2026-03-11 15:55:23.000,2026-03-11 15:58:59.000,2026-03-11 15:58:01.000,158,158,0,2026-03-11 16:00:09.570,128,128,0,2026-03-11 16:04:26.000,543,543,0,2026-03-11 16:00:09.740,286,286,0,2026-03-11 16:00:09.740,0,0,0,2026-03-11 16:05:53.667,344,343,1,2026-03-11 17:14:29.357,2026-03-12 02:55:21.700,0,NULL,2026-03-12 02:55:21.947,39598,39598,0,RE-Report
26-018718,2026-03-11 15:57:56.000,11,WED,11,15,A,DAY,LATE,POLICE,DISORDERLY CONDUCT,4,Radio,"BONSU, VALERIE",NULL,2026-03-11 15:57:54.000,2026-03-11 16:52:28.000,2026-03-11 15:58:12.000,18,16,2,2026-03-11 17:51:39.023,6807,6807,0,2026-03-11 15:58:19.000,25,23,2,2026-03-11 17:51:39.023,6825,6825,0,2026-03-11 17:51:39.023,0,-9999,9999,NULL,NULL,-9999,NULL,2026-03-11 17:53:04.807,2026-03-11 17:53:04.807,0,NULL,2026-03-11 17:53:04.850,6910,6910,0,NR-No Report
26-018720,2026-03-11 16:00:50.000,11,WED,11,16,A,DAY,LATE,POLICE,MVC PROPERTY DAMAGE,2,E-911,"ANDERSON, MARILYN","BONSU, VALERIE",2026-03-11 16:00:49.000,2026-03-11 16:17:42.000,2026-03-11 16:01:39.000,50,49,1,2026-03-11 16:30:44.137,1745,1745,0,2026-03-11 16:02:54.000,125,124,1,2026-03-11 16:30:46.603,1795,1795,0,2026-03-11 16:30:46.603,2,2,0,NULL,NULL,-9999,NULL,2026-03-11 17:11:38.877,2026-03-11 17:11:38.877,0,NULL,2026-03-11 17:11:38.967,4249,4249,0,NR-No Report
26-018721,2026-03-11 16:05:52.000,11,WED,11,16,A,DAY,LATE,POLICE,MVC HIT/RUN NO INJURY,2,Phone,"VALENTIN, EMERITA","BONSU, VALERIE",2026-03-11 16:05:49.000,2026-03-11 16:17:04.000,2026-03-11 16:06:42.000,53,50,3,2026-03-11 16:20:02.863,800,800,0,2026-03-11 16:41:16.000,2127,2124,3,2026-03-11 16:20:13.610,853,853,0,2026-03-11 16:20:13.610,11,10,1,2026-03-11 16:40:13.407,1200,1199,1,2026-03-11 19:21:15.977,2026-03-11 19:21:15.977,0,NULL,2026-03-11 19:21:16.057,11726,11726,0,RE-Report
26-006086,2026-03-11 16:09:48.000,11,WED,11,16,A,DAY,LATE,FIRE,FIRE ALARM,3,Phone,"WALKER, LATITIA",Automatic Dispatch,2026-03-11 16:09:46.000,2026-03-11 16:10:33.000,2026-03-11 16:10:04.000,18,16,2,2026-03-11 16:10:06.733,2,2,0,2026-03-11 16:10:53.000,67,65,2,2026-03-11 16:11:30.410,20,20,0,2026-03-11 16:11:30.410,84,83,1,2026-03-11 16:14:10.723,160,160,0,2026-03-11 16:20:15.887,2026-03-11 16:20:15.887,0,NULL,2026-03-11 16:20:16.097,629,629,0,UNDEFINED
26-018722,2026-03-11 16:10:12.000,11,WED,11,16,A,DAY,LATE,POLICE,OFF DUTY DETAIL,8,Radio,"BONSU, VALERIE","BONSU, VALERIE",2026-03-11 16:10:11.000,NULL,2026-03-11 16:10:21.000,10,9,1,2026-03-11 16:10:53.440,32,32,0,2026-03-11 16:10:58.000,47,46,1,2026-03-11 16:10:53.500,42,42,0,2026-03-11 16:10:53.500,0,0,0,2026-03-11 16:10:53.560,0,0,0,2026-03-11 22:24:35.790,2026-03-11 22:24:35.790,0,NULL,2026-03-11 22:24:35.900,22464,22464,0,NR-No Report
26-018723,2026-03-11 16:11:12.000,11,WED,11,16,A,DAY,LATE,POLICE,MVC INJURY,1,E-911,"ANDERSON, MARILYN","BONSU, VALERIE",2026-03-11 16:11:12.000,2026-03-11 18:27:50.000,2026-03-11 16:11:45.000,33,33,0,2026-03-11 16:17:24.320,339,339,0,2026-03-11 16:12:54.000,102,102,0,2026-03-11 16:17:24.477,372,372,0,2026-03-11 16:17:24.477,0,0,0,2026-03-11 16:36:08.053,1124,1123,1,2026-03-11 18:59:19.607,2026-03-11 18:59:19.607,0,NULL,2026-03-11 18:59:19.637,10087,10087,0,NR-No Report
26-018724,2026-03-11 16:17:55.000,11,WED,11,16,A,DAY,LATE,POLICE,SHOPLIFTING HOLDING SUSPECT,2,Phone,"JONES, DAESHA",NULL,2026-03-11 16:17:54.000,2026-03-11 16:22:15.000,2026-03-11 16:18:22.000,28,27,1,2026-03-11 16:20:42.273,140,140,0,2026-03-11 16:20:54.000,180,179,1,2026-03-11 16:20:50.163,168,168,0,2026-03-11 16:20:50.163,8,7,1,2026-03-11 16:36:08.493,918,918,0,2026-03-11 20:38:02.610,2026-03-11 20:38:02.610,0,NULL,2026-03-11 20:38:02.677,15608,15608,0,RE-Report
26-018728,2026-03-11 16:21:07.000,11,WED,11,16,A,DAY,LATE,POLICE,MVC HIT/RUN NO INJURY,2,Phone,"WELCH, KIMBERLY","BONSU, VALERIE",2026-03-11 16:21:05.000,2026-03-11 16:26:32.000,2026-03-11 16:26:25.000,320,318,2,2026-03-11 17:18:13.803,3108,3108,0,2026-03-11 16:26:26.000,321,319,2,2026-03-11 17:18:14.333,3428,3428,0,2026-03-11 17:18:14.333,1,0,1,NULL,NULL,-9999,NULL,2026-03-11 18:43:34.270,2026-03-11 18:43:34.270,0,NULL,2026-03-11 18:43:34.367,8549,8549,0,RE-Report
26-018726,2026-03-11 16:21:35.000,11,WED,11,16,A,DAY,LATE,POLICE,SEXUAL OFFENSE IN PROG,2,OFFICER,"JONES, DAESHA","BONSU, VALERIE",2026-03-11 16:21:34.000,2026-03-11 16:22:24.000,2026-03-11 16:22:14.000,40,39,1,2026-03-11 16:28:40.810,386,386,0,2026-03-11 16:24:15.000,161,160,1,2026-03-11 16:28:40.877,426,426,0,2026-03-11 16:28:40.877,0,0,0,2026-03-11 16:28:40.970,0,0,0,2026-03-11 16:28:44.213,2026-03-11 16:28:44.213,0,NULL,2026-03-11 16:28:44.683,430,430,0,NR-No Report
26-006087,2026-03-11 16:21:52.317,11,WED,11,16,A,DAY,LATE,FIRE,MVC AUTO,2,E-911,"COOPER, KAKILA",Automatic Dispatch,2026-03-11 16:21:52.317,2026-03-11 16:22:04.000,2026-03-11 16:21:52.317,0,0,0,2026-03-11 16:21:54.997,2,2,0,2026-03-11 16:21:52.317,0,NULL,0,2026-03-11 16:23:00.647,2,2,0,2026-03-11 16:23:00.647,66,65,1,2026-03-11 16:25:39.473,159,158,1,2026-03-11 16:27:59.467,2026-03-11 16:41:10.720,0,NULL,2026-03-11 16:41:10.963,1158,1158,0,UNDEFINED
26-018729,2026-03-11 16:23:51.000,11,WED,11,16,A,DAY,LATE,POLICE,MENTAL HEALTH CASE,2,Phone,"VALENTIN, EMERITA","BONSU, VALERIE",2026-03-11 16:23:49.000,2026-03-11 16:31:34.000,2026-03-11 16:29:41.000,352,350,2,2026-03-11 16:31:32.130,111,111,0,2026-03-11 16:37:27.000,818,816,2,2026-03-11 16:31:34.350,463,463,0,2026-03-11 16:31:34.350,2,2,0,2026-03-11 16:42:47.803,673,673,0,2026-03-11 18:56:13.540,2026-03-11 18:56:13.540,0,NULL,2026-03-11 18:56:13.627,9144,9144,0,NR-No Report
26-006088,2026-03-11 16:24:09.000,11,WED,11,16,A,DAY,LATE,FIRE,ELEVATOR,3,Phone,"MAIORIELLO, BERMARI",Automatic Dispatch,2026-03-11 16:24:07.000,2026-03-11 16:25:37.000,2026-03-11 16:25:19.000,72,70,2,2026-03-11 16:25:20.820,1,1,0,2026-03-11 16:27:11.000,184,182,2,2026-03-11 16:27:13.040,73,73,0,2026-03-11 16:27:13.040,113,112,1,2026-03-11 16:33:17.473,364,364,0,2026-03-11 16:37:24.160,2026-03-11 16:37:24.160,0,NULL,2026-03-11 16:37:24.287,797,797,0,CAD2CAD
26-006089,2026-03-11 16:30:11.000,11,WED,11,16,A,DAY,LATE,FIRE,OUTSIDE FIRE,3,E-911,"CRUZ, STEPHANIE",Automatic Dispatch,2026-03-11 16:30:11.000,2026-03-11 16:31:08.000,2026-03-11 16:30:50.000,39,39,0,2026-03-11 16:30:52.937,2,2,0,2026-03-11 16:36:33.000,382,382,0,2026-03-11 16:32:21.480,41,41,0,2026-03-11 16:32:21.480,89,88,1,2026-03-11 16:44:58.047,757,756,1,2026-03-11 16:44:59.027,2026-03-11 16:44:59.027,0,NULL,2026-03-11 16:44:59.397,888,888,0,UNDEFINED
26-018730,2026-03-11 16:31:07.000,11,WED,11,16,A,DAY,LATE,POLICE,TELEPHONE COMPLAINT,4,Phone,"ANDERSON, MARILYN",NULL,2026-03-11 16:31:05.000,2026-03-11 16:44:25.000,2026-03-11 16:31:52.000,47,45,2,2026-03-11 16:44:30.393,758,758,0,2026-03-11 16:33:03.000,118,116,2,2026-03-11 16:44:34.683,805,805,0,2026-03-11 16:44:34.683,4,4,0,NULL,NULL,-9999,NULL,2026-03-12 01:18:43.990,2026-03-12 01:18:43.990,0,NULL,2026-03-12 01:18:44.053,31658,31658,0,RE-Report
26-006090,2026-03-11 16:31:40.000,11,WED,11,16,A,DAY,LATE,EMS,TROUBLE BREATHING ALS 1,1,E-911,"COOPER, KAKILA","GOODWIN, SHEENA",2026-03-11 16:31:40.000,2026-03-11 16:34:06.000,2026-03-11 16:32:27.000,47,47,0,2026-03-11 16:32:30.257,3,3,0,2026-03-11 16:34:09.000,149,149,0,2026-03-11 16:33:38.000,50,50,0,2026-03-11 16:33:38.000,68,67,1,2026-03-11 16:36:47.433,189,189,0,2026-03-11 16:36:17.507,2026-03-11 18:46:30.097,0,NULL,2026-03-11 18:46:30.217,8090,8090,0,UNDEFINED
26-018731,2026-03-11 16:38:42.000,11,WED,11,16,A,DAY,LATE,POLICE,DISABLED MOTORIST,2,E-911,"COOPER, KAKILA","BONSU, VALERIE",2026-03-11 16:38:42.000,2026-03-11 16:44:06.000,2026-03-11 16:39:58.000,76,76,0,2026-03-11 16:44:11.303,253,253,0,2026-03-11 16:41:16.000,154,154,0,2026-03-11 16:44:15.693,329,329,0,2026-03-11 16:44:15.693,4,4,0,2026-03-11 17:00:07.250,952,951,1,2026-03-11 17:06:47.747,2026-03-11 17:06:47.747,0,NULL,2026-03-11 17:06:47.827,1685,1685,0,NR-No Report
26-006092,2026-03-11 16:40:04.000,11,WED,11,16,A,DAY,LATE,FIRE,APPLIANCE FIRE,1,E-911,"CRUZ, STEPHANIE","GOODWIN, SHEENA",2026-03-11 16:40:03.000,2026-03-11 16:41:15.000,2026-03-11 16:40:42.000,39,38,1,2026-03-11 16:40:45.670,3,3,0,2026-03-11 16:43:56.000,233,232,1,2026-03-11 16:41:37.550,42,42,0,2026-03-11 16:41:37.550,52,0,52,2026-03-11 16:45:30.047,233,232,1,2026-03-11 16:42:37.453,2026-03-11 17:11:11.527,0,NULL,2026-03-11 17:11:11.683,1868,1868,0,UNDEFINED
26-018733,2026-03-11 16:42:44.000,11,WED,11,16,A,DAY,LATE,POLICE,NOISE COMPLAINT IN PROG,4,Phone,"JONES, DAESHA","BONSU, VALERIE",2026-03-11 16:42:42.000,2026-03-11 17:44:24.000,2026-03-11 16:44:08.000,86,84,2,2026-03-11 17:17:55.700,2027,2027,0,2026-03-11 16:45:37.000,175,173,2,2026-03-11 17:17:58.480,2113,2113,0,2026-03-11 17:17:58.480,3,2,1,NULL,NULL,-9999,NULL,NULL,2026-03-11 17:55:27.000,0,NULL,NULL,4365,4365,0,CN-Cancellation
26-018740,2026-03-11 16:47:11.000,11,WED,11,16,A,DAY,LATE,POLICE,POLICE INFORMATION,4,Phone,"VALENTIN, EMERITA",NULL,2026-03-11 16:47:09.000,2026-03-11 17:11:31.000,2026-03-11 16:58:50.000,701,699,2,2026-03-11 18:25:30.047,5200,5200,0,2026-03-11 17:18:40.000,1891,1889,2,2026-03-11 18:25:33.700,5901,5901,0,2026-03-11 18:25:33.700,3,3,0,2026-03-11 18:32:16.970,403,403,0,2026-03-12 00:50:18.833,2026-03-12 01:03:54.410,0,NULL,2026-03-12 01:03:54.720,29805,29805,0,RE-Report
26-018737,2026-03-11 16:50:51.000,11,WED,11,16,A,DAY,LATE,POLICE,POLICE INFORMATION,4,Phone,"WALKER, LATITIA",NULL,2026-03-11 16:50:49.000,2026-03-11 16:57:50.000,2026-03-11 16:57:20.000,391,389,2,2026-03-11 16:58:07.133,47,47,0,2026-03-11 16:58:23.000,454,452,2,2026-03-11 16:58:48.767,438,438,0,2026-03-11 16:58:48.767,41,-9999,10040,2026-03-11 17:02:44.710,236,235,1,2026-03-11 17:14:45.310,2026-03-12 02:05:53.713,0,NULL,2026-03-12 02:05:53.990,33304,33304,0,RE-Report
26-018736,2026-03-11 16:52:27.000,11,WED,11,16,A,DAY,LATE,POLICE,ASSIST CITIZEN DELAY,4,Phone,"MAIORIELLO, BERMARI","MCLEOD, DOUGLAS",2026-03-11 16:52:25.000,2026-03-11 16:59:07.000,2026-03-11 16:52:47.000,22,20,2,2026-03-11 22:02:43.650,18596,18596,0,2026-03-11 16:56:41.000,256,254,2,2026-03-11 22:02:45.807,18618,18618,0,2026-03-11 22:02:45.807,2,2,0,2026-03-11 22:12:37.623,592,591,1,2026-03-11 22:38:05.150,2026-03-11 22:38:05.150,0,NULL,2026-03-11 22:38:05.393,20740,20740,0,NR-No Report
26-018739,2026-03-11 16:58:16.000,11,WED,11,16,A,DAY,LATE,POLICE,OFF DUTY DETAIL,8,OFFICER,"REYES, JUAN","LAWRENCE, MEGAN",2026-03-11 16:58:16.000,2026-03-11 17:51:32.290,2026-03-11 16:58:16.000,0,1,-1,2026-03-11 16:58:16.000,0,0,0,2026-03-11 16:58:16.000,0,NULL,0,2026-03-11 16:58:16.000,0,0,0,2026-03-11 16:58:16.000,0,0,0,2026-03-11 16:58:16.000,0,0,0,2026-03-11 19:58:45.477,2026-03-12 00:12:00.000,0,NULL,NULL,26024,26024,0,NR-No Report
26-018742,2026-03-11 17:01:05.000,11,WED,11,17,A,DAY,LATE,POLICE,SHOPLIFTING IN PROG,4,Radio,"BONSU, VALERIE",NULL,2026-03-11 17:01:05.000,2026-03-11 17:05:00.000,2026-03-11 17:01:18.000,13,13,0,2026-03-11 20:38:16.120,13018,13018,0,2026-03-11 17:04:24.000,199,199,0,2026-03-11 20:38:16.120,13031,13031,0,2026-03-11 20:38:16.120,0,0,0,2026-03-11 20:42:03.047,227,226,1,2026-03-11 22:08:47.930,2026-03-11 22:08:47.930,0,NULL,2026-03-11 22:08:47.957,18462,18462,0,RE-Report
26-018743,2026-03-11 17:01:26.000,11,WED,11,17,A,DAY,LATE,POLICE,SHOPLIFTING IN PROG,4,Phone,"BONSU, VALERIE",NULL,2026-03-11 17:01:25.000,2026-03-11 18:27:29.000,2026-03-11 17:01:38.000,13,12,1,2026-03-11 22:09:04.500,18446,18446,0,2026-03-11 17:11:27.000,602,601,1,2026-03-11 22:09:04.500,18459,18459,0,2026-03-11 22:09:04.500,0,-9999,9999,NULL,NULL,-9999,NULL,2026-03-11 22:25:53.920,2026-03-11 22:25:53.920,0,NULL,2026-03-11 22:25:53.987,19468,19468,0,RE-Report
26-018744,2026-03-11 17:01:40.000,11,WED,11,17,A,DAY,LATE,POLICE,SHOPLIFTING IN PROG,4,Phone,"BONSU, VALERIE",NULL,2026-03-11 17:01:39.000,2026-03-11 18:27:26.000,2026-03-11 17:01:49.000,10,9,1,2026-03-11 20:01:33.013,10784,10784,0,2026-03-11 17:02:44.000,65,64,1,2026-03-11 20:01:33.013,10794,10794,0,2026-03-11 20:01:33.013,0,-9999,9999,NULL,NULL,-9999,NULL,2026-03-11 20:02:24.010,2026-03-11 20:02:24.010,0,NULL,2026-03-11 20:02:24.090,10845,10845,0,RE-Report
26-018745,2026-03-11 17:01:52.000,11,WED,11,17,A,DAY,LATE,POLICE,SHOPLIFTING IN PROG,4,Radio,"BONSU, VALERIE",NULL,2026-03-11 17:01:51.000,2026-03-11 17:04:25.000,2026-03-11 17:02:01.000,10,9,1,2026-03-11 18:26:23.837,5062,5062,0,2026-03-11 17:02:43.000,52,51,1,2026-03-11 18:26:23.837,5072,5072,0,2026-03-11 18:26:23.837,0,-9999,9999,2026-03-11 20:44:40.350,8297,8296,1,2026-03-11 22:38:38.050,2026-03-11 22:38:38.050,0,NULL,2026-03-11 22:38:38.197,20207,20207,0,RE-Report
26-018746,2026-03-11 17:02:03.000,11,WED,11,17,A,DAY,LATE,POLICE,SHOPLIFTING IN PROG,4,Phone,"BONSU, VALERIE",NULL,2026-03-11 17:02:02.000,2026-03-11 17:02:41.000,2026-03-11 17:02:14.000,12,11,1,2026-03-11 22:39:00.097,20206,20206,0,2026-03-11 17:02:17.000,15,14,1,2026-03-11 22:39:00.097,20218,20218,0,2026-03-11 22:39:00.097,0,-9999,9999,NULL,NULL,-9999,NULL,2026-03-11 22:56:28.073,2026-03-11 22:56:28.073,0,NULL,2026-03-11 22:56:28.163,21266,21266,0,RE-Report
26-006093,2026-03-11 17:07:57.000,11,WED,11,17,A,DAY,LATE,EMS,BACK PAIN BLS,3,E-911,"ANDERSON, MARILYN",Automatic Dispatch,2026-03-11 17:07:56.000,2026-03-11 17:09:54.000,2026-03-11 17:09:00.000,64,63,1,2026-03-11 17:09:03.567,3,3,0,2026-03-11 17:11:20.000,204,203,1,2026-03-11 17:10:22.483,67,67,0,2026-03-11 17:10:22.483,79,78,1,2026-03-11 17:17:20.780,418,418,0,2026-03-11 18:33:47.210,2026-03-11 18:33:47.210,0,NULL,2026-03-11 18:33:47.223,5151,5151,0,UNDEFINED
26-006094,2026-03-11 17:13:16.000,11,WED,11,17,A,DAY,LATE,EMS,BLS EMERGENCY,3,E-911,"WALKER, LATITIA",Automatic Dispatch,2026-03-11 17:13:16.000,2026-03-11 17:18:27.000,2026-03-11 17:14:10.000,54,54,0,2026-03-11 17:14:13.287,3,3,0,2026-03-11 17:16:53.000,217,217,0,2026-03-11 17:15:40.330,57,57,0,2026-03-11 17:15:40.330,87,87,0,2026-03-11 17:20:52.107,312,311,1,2026-03-11 18:59:08.107,2026-03-11 18:59:08.107,0,NULL,2026-03-11 18:59:08.247,6352,6352,0,UNDEFINED
26-018750,2026-03-11 17:13:43.000,11,WED,11,17,A,DAY,LATE,POLICE,SHOPLIFTING IN PROG,2,E-911,"BONSU, VALERIE",NULL,2026-03-11 17:13:41.000,2026-03-11 18:27:43.000,2026-03-11 17:14:42.000,61,59,2,2026-03-11 17:14:46.943,4,4,0,2026-03-11 17:15:02.000,81,79,2,2026-03-11 17:14:47.023,65,65,0,2026-03-11 17:14:47.023,1,0,1,2026-03-11 17:27:46.983,779,779,0,2026-03-11 17:18:32.373,2026-03-11 23:24:09.343,0,NULL,2026-03-11 23:24:09.420,22228,22228,0,RE-Report
26-006095,2026-03-11 17:16:30.000,11,WED,11,17,A,DAY,LATE,EMS,TROUBLE BREATHING ALS 1,1,E-911,"ANDERSON, MARILYN","COOPER, KAKILA",2026-03-11 17:16:30.000,2026-03-11 17:18:21.000,2026-03-11 17:17:30.000,60,60,0,2026-03-11 17:17:33.160,3,3,0,2026-03-11 17:22:22.000,352,352,0,2026-03-11 17:18:35.327,63,63,0,2026-03-11 17:18:35.327,62,62,0,2026-03-11 17:26:52.673,497,497,0,2026-03-11 17:59:58.417,2026-03-11 18:22:55.607,0,NULL,2026-03-11 18:22:55.717,3985,3985,0,CAD2CAD
26-018751,2026-03-11 17:21:29.183,11,WED,11,17,A,DAY,LATE,POLICE,ANIMAL COMPLAINT,4,E-911,"ANDERSON, MARILYN","ANDERSON, MARILYN",2026-03-11 17:21:29.183,2026-03-11 18:00:24.000,2026-03-11 17:21:29.183,0,1,-1,2026-03-11 17:27:41.987,372,372,0,2026-03-11 17:21:29.183,0,NULL,0,2026-03-11 17:27:42.050,372,372,0,2026-03-11 17:27:42.050,1,0,1,2026-03-11 17:29:53.667,131,131,0,2026-03-11 17:45:54.293,2026-03-11 17:45:54.293,1,2026-03-11 17:49:22.823,2026-03-11 17:45:54.403,1465,3631,-2166,ACOR-Animal Control Report
26-018752,2026-03-11 17:25:14.000,11,WED,11,17,A,DAY,LATE,POLICE,DRUG COMPLAINT IN PROG,2,E-911,"CRUZ, STEPHANIE",NULL,2026-03-11 17:25:14.000,2026-03-11 17:27:41.000,2026-03-11 17:26:23.000,69,69,0,2026-03-11 18:07:57.077,2494,2494,0,2026-03-11 17:28:43.000,209,209,0,2026-03-11 18:08:06.613,2563,2563,0,2026-03-11 18:08:06.613,9,4,5,2026-03-11 18:23:16.293,910,909,1,2026-03-11 18:52:49.507,2026-03-11 18:52:49.507,0,NULL,2026-03-11 18:52:49.520,5255,5255,0,NR-No Report
26-018758,2026-03-11 17:33:45.000,11,WED,11,17,A,DAY,LATE,POLICE,ANIMAL COMPLAINT,4,Phone,"VALENTIN, EMERITA","VALENTIN, EMERITA",2026-03-11 17:33:43.000,2026-03-11 17:41:37.000,2026-03-11 17:41:34.000,471,469,2,2026-03-11 17:41:40.663,6,6,0,2026-03-11 17:42:17.000,514,512,2,NULL,477,477,0,NULL,NULL,-9999,NULL,NULL,NULL,-9999,NULL,NULL,2026-03-11 17:42:17.000,0,NULL,NULL,514,514,0,ACOR-Animal Control Report
26-006096,2026-03-11 17:40:36.257,11,WED,11,17,A,DAY,LATE,EMS,MUTUAL BLS,1,C2C,CAD to CAD Service 1,CAD to CAD Service 1,2026-03-11 17:37:46.000,NULL,2026-03-11 17:40:37.837,171,0,171,2026-03-11 17:40:37.977,0,0,0,NULL,NULL,NULL,NULL,2026-03-11 17:42:23.270,171,-9999,10170,2026-03-11 17:42:23.270,106,105,1,2026-03-11 17:48:49.227,386,385,1,2026-03-11 17:58:45.667,2026-03-11 19:36:08.733,0,NULL,2026-03-11 19:36:08.917,7102,7102,0,UNDEFINED
26-018757,2026-03-11 17:41:26.000,11,WED,11,17,A,DAY,LATE,POLICE,TRAFFIC STOP,2,OFFICER,"YOUNG, JAMES K",NULL,2026-03-11 17:41:26.000,2026-03-11 17:41:36.000,2026-03-11 17:41:26.000,0,2,-2,2026-03-11 17:41:26.000,0,0,0,2026-03-11 17:41:26.000,0,NULL,0,2026-03-11 17:41:26.000,0,0,0,2026-03-11 17:41:26.000,0,0,0,2026-03-11 17:41:26.000,0,0,0,2026-03-11 17:51:11.963,2026-03-11 17:51:11.963,0,NULL,2026-03-11 17:51:12.097,585,585,0,CI-Citation
26-018760,2026-03-11 17:47:20.000,11,WED,11,17,A,DAY,LATE,POLICE,DRUG COMPLAINT IN PROG,2,E-911,"CRUZ, STEPHANIE","BONSU, VALERIE",2026-03-11 17:47:19.000,2026-03-11 17:50:37.000,2026-03-11 17:48:14.000,55,54,1,2026-03-11 17:51:30.330,196,196,0,2026-03-11 17:50:13.000,174,173,1,2026-03-11 17:51:30.983,251,251,0,2026-03-11 17:51:30.983,0,0,0,NULL,NULL,-9999,NULL,2026-03-11 18:07:39.373,2026-03-11 18:07:49.000,0,NULL,NULL,1230,1230,0,NR-No Report
26-018761,2026-03-11 17:55:18.000,11,WED,11,17,A,DAY,LATE,POLICE,DISORDERLY CONDUCT,2,E-911,"CRUZ, STEPHANIE",NULL,2026-03-11 17:55:17.000,2026-03-11 17:59:40.000,2026-03-11 17:56:05.000,48,47,1,2026-03-11 18:34:27.853,2302,2302,0,2026-03-11 17:57:43.000,146,145,1,2026-03-11 18:34:52.707,2350,2350,0,2026-03-11 18:34:52.707,25,24,1,2026-03-11 18:37:00.890,128,128,0,2026-03-12 02:06:14.177,2026-03-12 02:06:14.177,0,NULL,2026-03-12 02:06:14.290,29457,29457,0,NR-No Report
26-018762,2026-03-11 17:55:49.000,11,WED,11,17,A,DAY,LATE,POLICE,LARCENY OTHER DELAY,4,Phone,"ANDERSON, MARILYN",NULL,2026-03-11 17:55:48.000,2026-03-11 18:27:16.000,2026-03-11 17:56:31.000,43,42,1,2026-03-11 22:23:04.860,15993,15993,0,2026-03-11 17:58:04.000,136,135,1,2026-03-11 22:23:07.443,16036,16036,0,2026-03-11 22:23:07.443,3,2,1,2026-03-11 22:34:42.413,695,694,1,2026-03-11 23:46:34.357,2026-03-11 23:46:34.357,0,NULL,2026-03-11 23:46:34.460,21046,21046,0,RE-Report
26-018763,2026-03-11 18:01:30.000,11,WED,11,18,A,DAY,EARLY,POLICE,PUBLIC SERVICE ONE OFFICER,4,Phone,"MESARIS, MATTHEW",NULL,2026-03-11 18:01:29.000,2026-03-11 18:14:32.000,2026-03-11 18:03:02.000,93,92,1,2026-03-11 18:06:44.083,222,222,0,2026-03-11 18:03:04.000,95,94,1,2026-03-11 18:06:44.083,315,315,0,2026-03-11 18:06:44.083,0,0,0,2026-03-11 18:12:28.397,344,344,0,NULL,2026-03-11 18:14:44.000,0,NULL,NULL,795,795,0,NR-No Report
26-006099,2026-03-11 18:11:28.000,11,WED,11,18,A,DAY,EARLY,EMS,PUBLIC SERVICE EMS,4,Phone,"MARTINEZ, ESTHER",Automatic Dispatch,2026-03-11 18:11:27.000,2026-03-11 18:12:36.000,2026-03-11 18:12:12.000,45,44,1,2026-03-11 18:12:15.413,3,3,0,2026-03-11 18:12:46.000,79,78,1,2026-03-11 18:13:39.397,48,48,0,2026-03-11 18:13:39.397,84,83,1,2026-03-11 18:17:38.650,239,239,0,2026-03-11 18:53:57.473,2026-03-11 18:53:57.473,0,NULL,2026-03-11 18:53:57.687,2550,2550,0,UNDEFINED
26-006100,2026-03-11 18:15:42.000,11,WED,11,18,A,DAY,EARLY,EMS,CHEST PAIN ALS 1,1,E-911,"MCLEOD, DOUGLAS",Automatic Dispatch,2026-03-11 18:15:42.000,2026-03-11 18:17:07.000,2026-03-11 18:16:25.000,43,43,0,2026-03-11 18:16:27.907,2,2,0,2026-03-11 18:18:07.000,145,145,0,2026-03-11 18:17:28.140,45,45,0,2026-03-11 18:17:28.140,61,60,1,2026-03-11 18:21:29.297,241,241,0,2026-03-11 18:37:11.240,2026-03-11 19:15:25.680,0,NULL,2026-03-11 19:15:25.997,3583,3583,0,UNDEFINED
26-018765,2026-03-11 18:16:24.000,11,WED,11,18,A,DAY,EARLY,POLICE,SHOPLIFTING DELAY,4,Radio,"WALKER, JUANITA",NULL,2026-03-11 18:16:22.000,2026-03-11 18:18:29.000,2026-03-11 18:16:44.000,22,20,2,2026-03-11 21:54:01.513,13037,13037,0,2026-03-11 18:17:17.000,55,53,2,2026-03-11 21:54:01.513,13059,13059,0,2026-03-11 21:54:01.513,0,0,0,NULL,NULL,-9999,NULL,2026-03-11 22:07:55.430,2026-03-11 22:07:55.430,0,NULL,2026-03-11 22:07:55.543,13893,13893,0,RE-Report
26-018766,2026-03-11 18:17:22.000,11,WED,11,18,A,DAY,EARLY,POLICE,SHOPLIFTING DELAY,4,Radio,"WALKER, JUANITA",NULL,2026-03-11 18:17:20.000,2026-03-11 18:18:39.000,2026-03-11 18:17:40.000,20,18,2,2026-03-11 22:14:22.387,14202,14202,0,2026-03-11 18:17:53.000,33,31,2,2026-03-11 22:14:22.387,14222,14222,0,2026-03-11 22:14:22.387,0,-9999,9999,NULL,NULL,-9999,NULL,2026-03-11 22:20:07.160,2026-03-11 22:20:07.160,0,NULL,2026-03-11 22:20:07.243,14567,14567,0,RE-Report
26-018767,2026-03-11 18:17:56.000,11,WED,11,18,A,DAY,EARLY,POLICE,SHOPLIFTING DELAY,4,Radio,"WALKER, JUANITA",NULL,2026-03-11 18:17:55.000,2026-03-11 18:27:08.000,2026-03-11 18:18:16.000,21,20,1,2026-03-11 22:28:23.173,15007,15007,0,2026-03-11 18:18:25.000,30,29,1,2026-03-11 22:28:23.173,15028,15028,0,2026-03-11 22:28:23.173,0,-9999,9999,NULL,NULL,-9999,NULL,2026-03-11 22:46:33.410,2026-03-11 22:46:33.410,0,NULL,2026-03-11 22:46:33.483,16118,16118,0,RE-Report
26-018768,2026-03-11 18:19:04.000,11,WED,11,18,A,DAY,EARLY,POLICE,SHOPLIFTING DELAY,4,Radio,"WALKER, JUANITA",NULL,2026-03-11 18:19:02.000,2026-03-11 18:27:02.000,2026-03-11 18:19:23.000,21,19,2,2026-03-11 22:20:08.740,14445,14445,0,2026-03-11 18:19:31.000,29,27,2,2026-03-11 22:20:08.740,14466,14466,0,2026-03-11 22:20:08.740,0,-9999,9999,2026-03-11 22:22:52.910,164,164,0,2026-03-11 22:28:22.010,2026-03-11 22:28:22.010,0,NULL,2026-03-11 22:28:22.067,14960,14960,0,RE-Report
26-018769,2026-03-11 18:19:42.000,11,WED,11,18,A,DAY,EARLY,POLICE,SHOPLIFTING DELAY,4,Radio,"WALKER, JUANITA",NULL,2026-03-11 18:19:40.000,2026-03-11 18:27:00.000,2026-03-11 18:19:57.000,17,15,2,2026-03-11 22:08:01.510,13684,13684,0,2026-03-11 18:20:05.000,25,23,2,2026-03-11 22:08:01.510,13701,13701,0,2026-03-11 22:08:01.510,0,0,0,NULL,NULL,-9999,NULL,2026-03-11 22:14:20.467,2026-03-11 22:14:20.467,0,NULL,2026-03-11 22:14:20.543,14080,14080,0,RE-Report
26-018772,2026-03-11 18:28:39.000,11,WED,11,18,A,DAY,EARLY,POLICE,TELEPHONE COMPLAINT,4,Phone,"MESARIS, MATTHEW",NULL,2026-03-11 18:28:37.000,2026-03-11 18:36:44.000,2026-03-11 18:32:07.000,210,208,2,2026-03-11 22:33:11.167,14464,14464,0,2026-03-11 18:32:08.000,211,209,2,2026-03-11 22:43:37.360,14674,14674,0,2026-03-11 22:43:37.360,626,-9999,10625,2026-03-11 22:56:07.910,750,750,0,2026-03-11 23:40:10.617,2026-03-11 23:40:10.617,0,NULL,2026-03-11 23:40:10.707,18693,18693,0,NR-No Report
26-018773,2026-03-11 18:36:28.000,11,WED,11,18,A,DAY,EARLY,POLICE,OCCUPIED VEHICLE CHECK,2,OFFICER,"WALKER, JUANITA",NULL,2026-03-11 18:36:28.000,2026-03-11 18:36:36.717,2026-03-11 18:36:28.000,0,0,0,2026-03-11 18:36:28.000,0,0,0,2026-03-11 18:36:28.000,0,0,0,2026-03-11 18:38:42.153,0,0,0,2026-03-11 18:36:28.000,0,0,0,2026-03-11 18:36:28.000,0,0,0,2026-03-11 18:44:23.673,2026-03-11 22:37:07.813,0,NULL,2026-03-11 22:37:07.927,14439,14439,0,NR-No Report
26-018774,2026-03-11 18:37:22.000,11,WED,11,18,A,DAY,EARLY,POLICE,TRESPASSING IN PROG,2,Phone,"MCLEOD, DOUGLAS","WALKER, JUANITA",2026-03-11 18:37:21.000,2026-03-11 18:39:59.000,2026-03-11 18:38:50.000,89,88,1,2026-03-11 18:52:42.080,832,832,0,2026-03-11 18:39:26.000,125,124,1,2026-03-11 18:52:44.750,921,921,0,2026-03-11 18:52:44.750,2,2,0,2026-03-11 18:54:21.013,97,96,1,2026-03-11 18:53:04.680,2026-03-11 19:34:36.773,0,NULL,2026-03-11 19:34:36.847,3435,3435,0,NR-No Report
26-018775,2026-03-11 18:39:43.000,11,WED,11,18,A,DAY,EARLY,POLICE,DISORDERLY CONDUCT,2,Phone,"HARDING, AUTUMN","WALKER, JUANITA",2026-03-11 18:39:41.000,2026-03-11 18:40:53.000,2026-03-11 18:40:50.000,69,67,2,2026-03-11 18:42:37.047,107,107,0,2026-03-11 18:41:15.000,94,92,2,2026-03-11 18:42:42.643,176,176,0,2026-03-11 18:42:42.643,5,5,0,2026-03-11 18:47:41.437,299,298,1,2026-03-11 18:44:20.920,2026-03-11 19:00:14.760,0,NULL,2026-03-11 19:00:14.900,1233,1233,0,NR-No Report
26-006102,2026-03-11 18:40:25.000,11,WED,11,18,A,DAY,EARLY,EMS,CARDIAC ARREST ALS 2- SUPV,1,E-911,"MARTINEZ, ESTHER","GOODWIN, SHEENA",2026-03-11 18:40:24.000,2026-03-11 18:41:28.000,2026-03-11 18:41:21.000,57,56,1,2026-03-11 18:41:24.957,3,3,0,2026-03-11 18:44:38.000,254,253,1,2026-03-11 18:43:21.537,60,60,0,2026-03-11 18:43:21.537,117,116,1,2026-03-11 18:46:25.487,184,183,1,2026-03-11 19:26:59.527,2026-03-11 19:42:46.783,0,NULL,2026-03-11 19:42:46.900,3742,3742,0,UNDEFINED
26-006103,2026-03-11 18:42:20.000,11,WED,11,18,A,DAY,EARLY,FIRE,GAS LEAK - OUTSIDE,2,E-911,"MCLEOD, DOUGLAS",Automatic Dispatch,2026-03-11 18:42:20.000,2026-03-11 18:44:02.000,2026-03-11 18:43:06.000,46,46,0,2026-03-11 18:43:08.653,2,2,0,2026-03-11 18:44:37.000,137,137,0,2026-03-11 18:44:11.127,48,48,0,2026-03-11 18:44:11.127,63,62,1,2026-03-11 18:46:57.847,166,166,0,2026-03-11 18:56:08.693,2026-03-11 19:08:52.450,0,NULL,2026-03-11 19:08:52.577,1592,1592,0,UNDEFINED
26-018777,2026-03-11 18:48:38.000,11,WED,11,18,A,DAY,EARLY,POLICE,ASSIST FIRE - EMERGENCY,2,Radio,"GOODWIN, SHEENA",NULL,2026-03-11 18:48:38.000,2026-03-11 18:48:49.000,2026-03-11 18:48:38.000,0,NULL,0,2026-03-11 18:50:37.223,119,119,0,2026-03-11 18:48:38.000,0,0,0,2026-03-11 18:51:15.667,119,119,0,2026-03-11 18:51:15.667,38,5,33,2026-03-11 18:55:34.187,259,258,1,2026-03-11 18:51:05.700,2026-03-11 23:51:16.037,0,NULL,2026-03-11 23:51:16.113,18158,18158,0,RE-Report
26-018779,2026-03-11 18:49:47.000,11,WED,11,18,A,DAY,EARLY,POLICE,ALARM COMMERCIAL,2,Phone,"HARDING, AUTUMN",NULL,2026-03-11 18:49:45.000,2026-03-11 18:53:08.000,2026-03-11 18:51:25.000,100,98,2,2026-03-11 19:04:47.787,802,802,0,2026-03-11 18:51:58.000,133,131,2,2026-03-11 19:04:52.817,902,902,0,2026-03-11 19:04:52.817,5,5,0,2026-03-11 19:09:20.040,268,267,1,2026-03-11 19:05:35.870,2026-03-11 19:36:58.810,0,NULL,2026-03-11 19:36:58.953,2833,2833,0,FALSE-False Alarm
26-018781,2026-03-11 18:52:15.000,11,WED,11,18,A,DAY,EARLY,POLICE,SUSPICIOUS EVENT,2,E-911,"MARTINEZ, ESTHER","WALKER, JUANITA",2026-03-11 18:52:14.000,2026-03-11 18:53:29.000,2026-03-11 18:53:24.000,70,69,1,2026-03-11 19:24:56.317,1892,1892,0,2026-03-11 18:54:53.000,159,158,1,2026-03-11 19:25:00.707,1962,1962,0,2026-03-11 19:25:00.707,4,4,0,2026-03-11 19:26:47.973,107,107,0,2026-03-11 19:36:48.487,2026-03-11 19:36:48.487,0,NULL,2026-03-11 19:36:48.530,2674,2674,0,NR-No Report
26-018782,2026-03-11 18:53:56.000,11,WED,11,18,A,DAY,EARLY,POLICE,SHOPLIFTING IN PROG,2,E-911,"MCLEOD, DOUGLAS",NULL,2026-03-11 18:53:55.000,2026-03-11 18:55:13.000,2026-03-11 18:54:50.000,55,54,1,2026-03-11 19:07:56.270,786,786,0,2026-03-11 18:56:01.000,126,125,1,2026-03-11 19:08:04.187,841,841,0,2026-03-11 19:08:04.187,8,7,1,2026-03-11 19:08:04.187,0,0,0,2026-03-11 20:01:32.237,2026-03-11 21:53:59.817,0,NULL,2026-03-11 21:53:59.883,10804,10804,0,RE-Report
26-018783,2026-03-11 18:58:14.000,11,WED,11,18,A,DAY,EARLY,POLICE,DISORDERLY CONDUCT,2,Phone,"MESARIS, MATTHEW","WALKER, JUANITA",2026-03-11 18:58:14.000,2026-03-11 19:02:45.000,2026-03-11 18:59:11.000,57,57,0,2026-03-11 19:02:52.960,221,221,0,2026-03-11 18:59:17.000,63,63,0,2026-03-11 19:02:57.633,278,278,0,2026-03-11 19:02:57.633,5,4,1,2026-03-11 19:04:10.027,73,72,1,2026-03-11 19:04:06.197,2026-03-11 19:08:51.067,0,NULL,2026-03-11 19:08:51.117,637,637,0,NR-No Report
26-018784,2026-03-11 19:07:27.000,11,WED,11,19,C,NIGHT,EARLY,POLICE,TROUBLE UNKNOWN NO EMS,2,E-911,"HARDING, AUTUMN","WALKER, JUANITA",2026-03-11 19:07:27.000,2026-03-11 19:11:53.000,2026-03-11 19:09:20.000,113,113,0,2026-03-11 19:15:19.330,359,359,0,2026-03-11 19:10:10.000,163,163,0,2026-03-11 19:15:21.197,472,472,0,2026-03-11 19:15:21.197,2,1,1,2026-03-11 19:21:03.870,342,342,0,2026-03-11 19:24:22.460,2026-03-11 19:24:22.460,0,NULL,2026-03-11 19:24:23.160,1015,1015,0,NR-No Report
26-018785,2026-03-11 19:14:26.000,11,WED,11,19,C,NIGHT,EARLY,POLICE,ASSAULT MINOR INJ DELAY,4,Phone,"MCLEOD, DOUGLAS",NULL,2026-03-11 19:14:25.000,2026-03-11 19:19:37.000,2026-03-11 19:16:59.000,154,153,1,2026-03-11 22:03:20.683,9981,9981,0,2026-03-11 19:18:11.000,226,225,1,2026-03-11 22:03:28.743,10135,10135,0,2026-03-11 22:03:28.743,8,8,0,NULL,NULL,-9999,NULL,2026-03-11 23:57:48.173,2026-03-12 01:31:31.607,0,NULL,2026-03-12 01:31:31.773,22626,22626,0,RE-Report
26-018787,2026-03-11 19:25:55.000,11,WED,11,19,C,NIGHT,EARLY,POLICE,DISORDERLY CONDUCT,2,E-911,"MARTINEZ, ESTHER","WALKER, JUANITA",2026-03-11 19:25:55.000,2026-03-11 19:27:28.000,2026-03-11 19:26:58.000,63,63,0,2026-03-11 19:37:48.393,650,650,0,2026-03-11 19:28:39.000,164,164,0,2026-03-11 19:37:57.837,713,713,0,2026-03-11 19:37:57.837,9,9,0,NULL,NULL,-9999,NULL,NULL,2026-03-11 20:16:05.000,0,NULL,NULL,3010,3010,0,CN-Cancellation
26-006104,2026-03-11 19:34:40.000,11,WED,11,19,C,NIGHT,EARLY,FIRE,PUBLIC SERVICE FIRE,4,E-911,"MESARIS, MATTHEW",Automatic Dispatch,2026-03-11 19:34:40.000,2026-03-11 19:37:44.000,2026-03-11 19:37:24.000,164,164,0,2026-03-11 19:37:28.410,4,4,0,2026-03-11 19:37:27.000,167,167,0,2026-03-11 19:38:58.867,168,168,0,2026-03-11 19:38:58.867,90,90,0,2026-03-11 19:44:38.043,340,339,1,2026-03-11 20:00:06.273,2026-03-11 20:00:06.273,0,NULL,2026-03-11 20:00:06.467,1526,1526,0,UNDEFINED
26-018788,2026-03-11 19:38:27.000,11,WED,11,19,C,NIGHT,EARLY,POLICE,WEAPON VIOL GUN IN PROG,1,E-911,"MCLEOD, DOUGLAS",NULL,2026-03-11 19:38:27.000,2026-03-11 19:39:27.000,2026-03-11 19:39:23.000,56,56,0,2026-03-11 19:39:45.803,22,22,0,2026-03-11 19:43:41.000,314,314,0,2026-03-11 19:39:52.407,78,78,0,2026-03-11 19:39:52.407,7,3,4,2026-03-11 19:40:35.733,43,43,0,2026-03-11 19:42:15.683,2026-03-12 01:18:17.143,0,NULL,2026-03-12 01:18:17.220,20390,20390,0,RE-Report
26-006105,2026-03-11 19:40:29.000,11,WED,11,19,C,NIGHT,EARLY,FIRE,ELEVATOR,3,Phone,"MESARIS, MATTHEW",Automatic Dispatch,2026-03-11 19:40:29.000,2026-03-11 19:41:03.000,2026-03-11 19:40:56.000,27,27,0,2026-03-11 19:40:57.650,1,1,0,2026-03-11 19:41:24.000,55,55,0,2026-03-11 19:41:23.827,28,28,0,2026-03-11 19:41:23.827,26,26,0,NULL,NULL,-9999,NULL,2026-03-11 20:25:57.717,2026-03-11 20:25:57.717,0,NULL,2026-03-11 20:25:57.777,2728,2728,0,UNDEFINED
26-006106,2026-03-11 19:45:49.000,11,WED,11,19,C,NIGHT,EARLY,EMS,PUBLIC SERVICE EMS,4,E-911,"MARTINEZ, ESTHER",Automatic Dispatch,2026-03-11 19:45:49.000,2026-03-11 19:47:40.000,2026-03-11 19:46:24.000,35,35,0,2026-03-11 19:46:27.083,3,3,0,2026-03-11 19:47:36.000,107,107,0,2026-03-11 19:47:34.450,38,38,0,2026-03-11 19:47:34.450,67,67,0,2026-03-11 19:53:51.120,377,376,1,2026-03-11 20:19:57.370,2026-03-11 20:19:57.370,0,NULL,2026-03-11 20:19:57.683,2048,2048,0,UNDEFINED
26-018790,2026-03-11 19:56:33.000,11,WED,11,19,C,NIGHT,EARLY,POLICE,TROUBLE UNKNOWN EMS,2,E-911,"MARTINEZ, ESTHER","MCLEOD, DOUGLAS",2026-03-11 19:56:33.000,2026-03-11 20:00:11.000,2026-03-11 19:58:10.000,97,97,0,2026-03-11 20:02:56.857,286,286,0,2026-03-11 20:00:06.000,213,213,0,2026-03-11 20:03:54.190,383,383,0,2026-03-11 20:03:54.190,58,0,58,NULL,NULL,-9999,NULL,2026-03-11 20:03:57.940,2026-03-11 20:06:36.000,0,NULL,NULL,603,603,0,CN-Cancellation
26-006108,2026-03-11 19:58:11.000,11,WED,11,19,C,NIGHT,EARLY,EMS,UNKNOWN MEDICAL ALS 1,1,E-911,"MARTINEZ, ESTHER",Automatic Dispatch,2026-03-11 19:58:11.000,2026-03-11 19:58:39.000,2026-03-11 19:58:11.000,0,NULL,0,2026-03-11 19:58:14.173,3,3,0,2026-03-11 19:58:11.000,0,0,0,2026-03-11 19:59:04.107,3,3,0,2026-03-11 19:59:04.107,50,49,1,2026-03-11 20:02:10.920,186,186,0,2026-03-11 20:05:43.017,2026-03-11 20:06:28.753,0,NULL,2026-03-11 20:06:28.903,497,497,0,UNDEFINED
26-018791,2026-03-11 20:01:32.000,11,WED,11,20,C,NIGHT,EARLY,POLICE,OFF DUTY DETAIL,8,OFFICER,"ELAM, ERIK J",NULL,2026-03-11 20:01:32.000,2026-03-11 20:16:34.000,2026-03-11 20:01:32.000,0,1,-1,2026-03-11 20:01:32.000,0,0,0,2026-03-11 20:01:32.000,0,NULL,0,2026-03-11 20:01:32.000,0,0,0,2026-03-11 20:01:32.000,0,0,0,2026-03-11 20:01:32.000,0,0,0,2026-03-12 00:14:17.740,2026-03-12 00:14:17.740,0,NULL,2026-03-12 00:14:17.760,15165,15165,0,NR-No Report
26-006109,2026-03-11 20:02:34.010,11,WED,11,20,C,NIGHT,EARLY,FIRE,MUTUAL STRUCTURE FIRE,1,C2C,CAD to CAD Service 1,CAD to CAD Service 1,2026-03-11 19:59:35.000,NULL,2026-03-11 20:02:34.650,179,0,179,2026-03-11 20:02:34.727,0,0,0,NULL,NULL,NULL,NULL,2026-03-11 20:02:52.357,179,194,-15,2026-03-11 20:02:52.357,18,0,18,2026-03-11 20:05:23.523,151,151,0,2026-03-11 20:13:13.730,2026-03-11 20:42:58.537,0,NULL,2026-03-11 20:42:58.613,2603,2603,0,CAD2CAD
26-006110,2026-03-11 20:03:51.000,11,WED,11,20,C,NIGHT,EARLY,EMS,ALTERED LOC ALS 1,1,E-911,"MESARIS, MATTHEW","GOODWIN, SHEENA",2026-03-11 20:03:50.000,2026-03-11 20:04:33.000,2026-03-11 20:04:26.000,36,35,1,2026-03-11 20:04:28.883,2,2,0,2026-03-11 20:07:47.000,237,236,1,2026-03-11 20:05:57.617,38,38,0,2026-03-11 20:05:57.617,89,88,1,2026-03-11 20:10:16.523,259,258,1,2026-03-11 20:04:34.957,2026-03-11 22:17:56.203,0,NULL,2026-03-11 22:17:56.590,8046,8046,0,UNDEFINED
26-006111,2026-03-11 20:04:05.000,11,WED,11,20,C,NIGHT,EARLY,EMS,STROKE ALS 2,1,E-911,"MARTINEZ, ESTHER","GOODWIN, SHEENA",2026-03-11 20:04:05.000,2026-03-11 20:06:25.000,2026-03-11 20:05:14.000,69,69,0,2026-03-11 20:05:17.687,3,3,0,2026-03-11 20:06:22.000,137,137,0,2026-03-11 20:06:41.750,72,72,0,2026-03-11 20:06:41.750,84,84,0,2026-03-11 20:08:52.700,131,130,1,2026-03-11 20:35:32.183,2026-03-11 22:23:03.457,0,NULL,2026-03-11 22:23:03.570,8338,8338,0,UNDEFINED
26-006112,2026-03-11 20:06:55.000,11,WED,11,20,C,NIGHT,EARLY,EMS,CHEST PAIN ALS 1,1,Phone,"MESARIS, MATTHEW",Automatic Dispatch,2026-03-11 20:06:54.000,2026-03-11 20:08:35.000,2026-03-11 20:07:22.000,28,27,1,2026-03-11 20:07:25.553,3,3,0,2026-03-11 20:07:40.000,46,45,1,2026-03-11 20:08:17.450,31,31,0,2026-03-11 20:08:17.450,52,51,1,2026-03-11 20:16:05.807,468,468,0,2026-03-11 20:36:45.210,2026-03-11 21:38:39.673,0,NULL,2026-03-11 21:38:39.777,5505,5505,0,UNDEFINED
26-006113,2026-03-11 20:07:59.000,11,WED,11,20,C,NIGHT,EARLY,FIRE,FIRE ALARM,3,E-911,"MARTINEZ, ESTHER",Automatic Dispatch,2026-03-11 20:07:58.000,2026-03-11 20:09:32.000,2026-03-11 20:08:52.000,54,53,1,2026-03-11 20:08:54.877,2,2,0,2026-03-11 20:10:20.000,142,141,1,2026-03-11 20:10:11.160,56,56,0,2026-03-11 20:10:11.160,77,76,1,2026-03-11 20:17:51.520,460,460,0,2026-03-11 20:29:22.760,2026-03-11 20:29:22.760,0,NULL,2026-03-11 20:29:23.013,1284,1284,0,UNDEFINED
26-018792,2026-03-11 20:08:03.000,11,WED,11,20,C,NIGHT,EARLY,POLICE,ALARM COMMERCIAL,2,Phone,"MESARIS, MATTHEW","MCLEOD, DOUGLAS",2026-03-11 20:08:00.000,2026-03-11 20:09:09.000,2026-03-11 20:09:05.000,65,62,3,2026-03-11 20:09:38.997,33,33,0,2026-03-11 20:14:59.000,419,416,3,2026-03-11 20:10:55.213,98,98,0,2026-03-11 20:10:55.213,77,0,77,2026-03-11 20:22:54.950,719,719,0,2026-03-11 20:11:00.930,2026-03-11 20:31:22.560,0,NULL,2026-03-11 20:31:22.800,1402,1402,0,FALSE-False Alarm
26-018794,2026-03-11 20:11:05.000,11,WED,11,20,C,NIGHT,EARLY,POLICE,SUICIDE IN PROG NO INJ,1,E-911,"MESARIS, MATTHEW",NULL,2026-03-11 20:11:04.000,2026-03-11 20:14:36.000,2026-03-11 20:14:29.000,205,204,1,2026-03-11 20:14:46.890,17,17,0,2026-03-11 20:14:56.000,232,231,1,2026-03-11 20:15:08.633,222,222,0,2026-03-11 20:15:08.633,22,-9999,10021,2026-03-11 20:22:15.260,427,426,1,2026-03-11 20:36:09.490,2026-03-12 01:56:51.280,0,NULL,2026-03-12 01:56:51.380,20747,20747,0,RE-Report
26-018795,2026-03-11 20:30:02.000,11,WED,11,20,C,NIGHT,EARLY,POLICE,SUICIDE IN PROG NO INJ,1,E-911,"WALKER, JUANITA",NULL,2026-03-11 20:30:02.000,2026-03-11 20:31:25.000,2026-03-11 20:31:20.000,78,78,0,2026-03-11 20:31:35.240,15,15,0,2026-03-11 20:34:19.000,257,257,0,2026-03-11 20:31:39.490,93,93,0,2026-03-11 20:31:39.490,4,4,0,2026-03-11 20:33:08.533,89,89,0,2026-03-11 20:57:42.177,2026-03-11 21:02:37.550,0,NULL,2026-03-11 21:02:37.930,1955,1955,0,NR-No Report
26-006115,2026-03-11 20:33:43.000,11,WED,11,20,C,NIGHT,EARLY,EMS,BLS EMERGENCY,3,E-911,"MCLEOD, DOUGLAS",Automatic Dispatch,2026-03-11 20:33:43.000,2026-03-11 20:35:20.000,2026-03-11 20:34:40.000,57,57,0,2026-03-11 20:34:42.610,2,2,0,2026-03-11 20:35:28.000,105,105,0,2026-03-11 20:35:57.497,59,59,0,2026-03-11 20:35:57.497,75,74,1,2026-03-11 20:41:38.550,341,341,0,2026-03-11 21:36:54.807,2026-03-11 21:36:54.807,0,NULL,2026-03-11 21:36:55.217,3791,3791,0,UNDEFINED
26-006116,2026-03-11 20:35:54.503,11,WED,11,20,C,NIGHT,EARLY,EMS,PSYCHIATRIC EMERGENCY ALS 1,2,Radio,"MCLEOD, DOUGLAS",Automatic Dispatch,2026-03-11 20:35:54.503,2026-03-11 20:37:37.000,2026-03-11 20:35:54.503,0,0,0,2026-03-11 20:35:57.243,3,2,1,2026-03-11 20:35:54.503,0,NULL,0,2026-03-11 20:37:08.860,3,2,1,2026-03-11 20:37:08.860,71,71,0,2026-03-11 20:37:43.220,35,34,1,2026-03-11 20:49:26.450,2026-03-11 21:54:56.640,0,NULL,2026-03-11 21:54:56.737,4742,4742,0,UNDEFINED
26-006117,2026-03-11 20:47:13.000,11,WED,11,20,C,NIGHT,EARLY,EMS,TROUBLE BREATHING ALS 1,1,E-911,"WALKER, JUANITA","GOODWIN, SHEENA",2026-03-11 20:47:13.000,2026-03-11 20:51:22.000,2026-03-11 20:51:06.000,233,233,0,2026-03-11 20:51:08.610,2,2,0,2026-03-11 20:54:12.000,419,419,0,2026-03-11 20:51:27.997,235,235,0,2026-03-11 20:51:27.997,19,19,0,2026-03-11 20:53:26.750,119,118,1,2026-03-11 20:54:41.127,2026-03-11 22:47:02.513,0,NULL,2026-03-11 22:47:02.637,7189,7189,0,UNDEFINED
26-006118,2026-03-11 21:00:31.000,11,WED,11,21,C,NIGHT,EARLY,FIRE,FIRE ALARM,3,Phone,"MARTINEZ, ESTHER","MESARIS, MATTHEW",2026-03-11 21:00:31.000,2026-03-11 21:01:56.000,2026-03-11 21:01:12.000,41,41,0,2026-03-11 21:01:15.050,3,3,0,2026-03-11 21:02:02.000,91,91,0,2026-03-11 21:02:30.313,44,44,0,2026-03-11 21:02:30.313,75,0,75,2026-03-11 21:06:32.887,242,242,0,2026-03-11 21:02:38.813,2026-03-11 21:13:54.293,0,NULL,2026-03-11 21:13:54.507,803,803,0,UNDEFINED
26-018802,2026-03-11 21:11:27.000,11,WED,11,21,C,NIGHT,EARLY,POLICE,PUBLIC SERVICE MULTI OFFICER,3,Phone,"WALKER, JUANITA","MCLEOD, DOUGLAS",2026-03-11 21:11:25.000,2026-03-11 21:15:34.000,2026-03-11 21:13:23.000,118,116,2,2026-03-11 21:20:04.110,401,401,0,2026-03-11 21:18:20.000,415,413,2,2026-03-11 21:20:07.350,519,519,0,2026-03-11 21:20:07.350,3,3,0,2026-03-11 22:20:47.713,3640,3640,0,2026-03-11 21:21:29.113,2026-03-11 22:41:01.983,0,NULL,2026-03-11 22:41:02.037,5376,5376,0,NR-No Report
26-018806,2026-03-11 21:27:34.000,11,WED,11,21,C,NIGHT,EARLY,POLICE,PARKING COMPLAINT,4,Phone,"MARTINEZ, ESTHER",NULL,2026-03-11 21:27:32.000,2026-03-11 21:30:00.000,2026-03-11 21:28:46.000,74,72,2,2026-03-11 21:50:16.420,1290,1290,0,2026-03-11 21:29:36.000,124,122,2,2026-03-11 21:50:16.420,1364,1364,0,2026-03-11 21:50:16.420,0,0,0,NULL,NULL,-9999,NULL,2026-03-11 23:11:22.690,2026-03-11 23:11:22.690,0,NULL,2026-03-11 23:11:22.880,6230,6230,0,NR-No Report
26-018803,2026-03-11 21:27:51.000,11,WED,11,21,C,NIGHT,EARLY,POLICE,TRAFFIC STOP,2,OFFICER,"RAHIM, AHMAD","MCLEOD, DOUGLAS",2026-03-11 21:27:51.000,2026-03-11 21:29:25.000,2026-03-11 21:27:51.000,0,1,-1,2026-03-11 21:28:51.460,60,60,0,2026-03-11 21:27:51.000,0,NULL,0,2026-03-11 21:28:51.563,60,60,0,2026-03-11 21:28:51.563,0,0,0,2026-03-11 21:28:51.627,0,0,0,2026-03-11 21:45:35.667,2026-03-11 21:45:35.667,0,NULL,2026-03-11 21:45:35.710,1064,1064,0,NR-No Report
26-018807,2026-03-11 21:30:57.000,11,WED,11,21,C,NIGHT,EARLY,POLICE,911 HANG UP,2,E-911,"WATSON, JOANNE","HARDING, AUTUMN",2026-03-11 21:30:57.000,2026-03-11 21:32:34.000,2026-03-11 21:31:22.000,25,25,0,2026-03-11 22:05:48.010,2066,2066,0,2026-03-11 21:31:42.000,45,45,0,2026-03-11 22:05:51.803,2091,2091,0,2026-03-11 22:05:51.803,3,3,0,2026-03-11 22:09:34.073,223,222,1,2026-03-11 22:11:53.650,2026-03-11 22:11:53.650,0,NULL,2026-03-11 22:11:53.740,2456,2456,0,NR-No Report
26-018808,2026-03-11 21:31:25.000,11,WED,11,21,C,NIGHT,EARLY,POLICE,SUSPICIOUS EVENT,2,Phone,"MARTINEZ, ESTHER","MCLEOD, DOUGLAS",2026-03-11 21:31:23.000,2026-03-11 21:32:21.000,2026-03-11 21:31:56.000,33,31,2,2026-03-11 21:42:27.817,631,631,0,2026-03-11 21:33:09.000,106,104,2,2026-03-11 21:42:27.927,664,664,0,2026-03-11 21:42:27.927,0,0,0,2026-03-11 23:48:18.473,7551,7550,1,2026-03-12 00:05:49.810,2026-03-12 00:05:49.810,0,NULL,2026-03-12 00:05:49.897,9266,9266,0,NR-No Report
26-018809,2026-03-11 21:34:44.000,11,WED,11,21,C,NIGHT,EARLY,POLICE,MVC PROPERTY DAMAGE,2,E-911,"WALKER, JUANITA","MCLEOD, DOUGLAS",2026-03-11 21:34:44.000,2026-03-11 21:36:49.000,2026-03-11 21:36:31.000,107,107,0,2026-03-11 22:16:08.937,2377,2377,0,2026-03-11 21:37:13.000,149,149,0,2026-03-11 22:16:13.680,2484,2484,0,2026-03-11 22:16:13.680,5,4,1,2026-03-11 22:21:00.387,287,286,1,NULL,2026-03-11 23:12:08.000,0,NULL,NULL,5844,5844,0,NR-No Report
26-018810,2026-03-11 21:43:29.000,11,WED,11,21,C,NIGHT,EARLY,POLICE,DISORDERLY CONDUCT,2,Phone,"SWINTON, LATOYA","MCLEOD, DOUGLAS",2026-03-11 21:43:28.000,2026-03-11 21:45:13.000,2026-03-11 21:45:05.000,97,96,1,2026-03-11 21:59:04.123,839,839,0,2026-03-11 21:46:19.000,171,170,1,2026-03-11 21:59:04.193,936,936,0,2026-03-11 21:59:04.193,0,0,0,2026-03-11 22:06:39.940,455,455,0,2026-03-11 22:16:40.360,2026-03-11 22:42:01.000,0,NULL,NULL,3513,3513,0,NR-No Report
26-018812,2026-03-11 21:49:29.000,11,WED,11,21,C,NIGHT,EARLY,POLICE,TRAFFIC STOP,2,Radio,"MCLEOD, DOUGLAS","MCLEOD, DOUGLAS",2026-03-11 21:49:29.000,2026-03-11 21:49:36.000,2026-03-11 21:49:29.000,0,0,0,2026-03-11 21:49:29.000,0,0,0,2026-03-11 21:49:29.000,0,0,0,2026-03-11 21:52:00.360,0,0,0,2026-03-11 21:49:29.000,0,0,0,2026-03-11 21:49:29.000,0,0,0,2026-03-11 22:19:33.407,2026-03-11 22:19:33.407,0,NULL,2026-03-11 22:19:33.490,1804,1804,0,NR-No Report
26-018814,2026-03-11 21:57:53.000,11,WED,11,21,C,NIGHT,EARLY,POLICE,SEXUAL OFFENSE IN PROG,2,E-911,"WALKER, JUANITA","MCLEOD, DOUGLAS",2026-03-11 21:57:53.000,2026-03-11 22:00:22.000,2026-03-11 21:59:41.000,108,108,0,2026-03-11 22:10:28.130,647,647,0,2026-03-11 22:01:46.000,233,233,0,2026-03-11 22:10:28.233,755,755,0,2026-03-11 22:10:28.233,0,0,0,2026-03-11 22:15:02.407,274,274,0,2026-03-11 22:11:48.090,2026-03-11 22:29:00.813,0,NULL,2026-03-11 22:29:00.887,1867,1867,0,NR-No Report
26-018815,2026-03-11 22:03:56.000,11,WED,11,22,C,NIGHT,MIDS,POLICE,DISORDERLY CONDUCT,2,E-911,"WALKER, JUANITA","MCLEOD, DOUGLAS",2026-03-11 22:03:54.000,2026-03-11 22:04:21.000,2026-03-11 22:04:13.000,19,17,2,2026-03-11 22:08:53.820,280,280,0,2026-03-11 22:08:19.000,265,263,2,2026-03-11 22:08:56.870,299,299,0,2026-03-11 22:08:56.783,3,3,0,2026-03-11 22:12:38.950,222,222,0,2026-03-11 22:34:05.520,2026-03-11 22:41:02.850,0,NULL,2026-03-11 22:41:02.897,2228,2228,0,NR-No Report
26-018816,2026-03-11 22:04:32.000,11,WED,11,22,C,NIGHT,MIDS,POLICE,SHOPLIFTING IN PROG,2,Phone,"WATSON, JOANNE","MCLEOD, DOUGLAS",2026-03-11 22:04:31.000,2026-03-11 22:05:09.000,2026-03-11 22:04:51.000,20,19,1,2026-03-11 22:17:35.337,764,764,0,2026-03-11 22:05:53.000,82,81,1,2026-03-11 22:17:37.240,784,784,0,2026-03-11 22:17:37.240,2,1,1,2026-03-11 22:20:55.340,198,198,0,2026-03-11 22:22:37.823,2026-03-11 22:28:05.907,0,NULL,2026-03-11 22:28:05.987,1414,1414,0,NR-No Report
26-018818,2026-03-11 22:04:58.000,11,WED,11,22,C,NIGHT,MIDS,POLICE,DOMESTIC VIOL DELAY,4,Phone,"MCLEOD, DOUGLAS",NULL,2026-03-11 22:04:56.000,2026-03-11 22:06:57.000,2026-03-11 22:05:55.000,59,57,2,2026-03-11 22:54:24.797,2909,2909,0,2026-03-11 22:07:03.000,127,125,2,2026-03-11 22:54:35.850,2968,2968,0,2026-03-11 22:54:35.850,11,11,0,2026-03-12 02:42:28.100,13673,13672,1,2026-03-12 04:50:05.370,2026-03-12 04:50:05.370,0,NULL,2026-03-12 04:50:05.377,24309,24309,0,RE-Report
26-006119,2026-03-11 22:07:44.000,11,WED,11,22,C,NIGHT,MIDS,EMS,BLS EMERGENCY,3,E-911,"MARTINEZ, ESTHER",Automatic Dispatch,2026-03-11 22:07:43.000,2026-03-11 22:09:51.000,2026-03-11 22:08:33.000,50,49,1,2026-03-11 22:08:36.320,3,3,0,2026-03-11 22:10:24.000,161,160,1,2026-03-11 22:09:41.720,53,53,0,2026-03-11 22:09:41.720,65,65,0,2026-03-11 22:14:25.723,284,284,0,2026-03-11 22:31:57.570,2026-03-11 22:31:57.570,0,NULL,2026-03-11 22:31:57.723,1454,1454,0,UNDEFINED
26-006120,2026-03-11 22:15:46.000,11,WED,11,22,C,NIGHT,MIDS,EMS,TROUBLE BREATHING ALS 1,1,E-911,"MARTINEZ, ESTHER",Automatic Dispatch,2026-03-11 22:15:46.000,2026-03-11 22:17:56.000,2026-03-11 22:16:15.000,29,29,0,2026-03-11 22:16:18.323,3,3,0,2026-03-11 22:18:22.000,156,156,0,2026-03-11 22:16:57.380,32,32,0,2026-03-11 22:16:57.380,39,39,0,2026-03-11 22:20:44.323,227,226,1,2026-03-11 23:30:46.290,2026-03-12 00:04:30.297,0,NULL,2026-03-12 00:04:30.637,6524,6524,0,UNDEFINED
26-006121,2026-03-11 22:22:02.000,11,WED,11,22,C,NIGHT,MIDS,EMS,UNCONSCIOUS ALS 2,1,Phone,"MARTINEZ, ESTHER","MESARIS, MATTHEW",2026-03-11 22:22:02.000,2026-03-11 22:23:47.000,2026-03-11 22:22:32.000,30,30,0,2026-03-11 22:22:35.500,3,3,0,2026-03-11 22:24:54.000,172,172,0,2026-03-11 22:24:03.783,33,33,0,2026-03-11 22:24:03.783,88,88,0,2026-03-11 22:27:07.197,184,183,1,2026-03-11 22:24:13.767,2026-03-12 00:01:44.523,0,NULL,2026-03-12 00:01:44.660,5982,5982,0,UNDEFINED
26-018822,2026-03-11 22:31:48.000,11,WED,11,22,C,NIGHT,MIDS,POLICE,TRAFFIC STOP,2,OFFICER,"LEONARD, JOHN T",NULL,2026-03-11 22:31:48.000,2026-03-11 22:32:01.000,2026-03-11 22:31:48.000,0,1,-1,2026-03-11 22:31:48.000,0,0,0,2026-03-11 22:31:48.000,0,NULL,0,2026-03-11 22:31:48.000,0,0,0,2026-03-11 22:31:48.000,0,0,0,2026-03-11 22:31:48.000,0,0,0,2026-03-11 22:37:07.560,2026-03-11 22:37:07.560,0,NULL,2026-03-11 22:37:07.660,319,319,0,CI-Citation
26-018823,2026-03-11 22:35:16.000,11,WED,11,22,C,NIGHT,MIDS,POLICE,TRAFFIC STOP,2,OFFICER,"MCLEOD, DOUGLAS","MCLEOD, DOUGLAS",2026-03-11 22:35:16.000,2026-03-11 22:35:38.000,2026-03-11 22:35:16.000,0,0,0,2026-03-11 22:35:16.000,0,0,0,2026-03-11 22:35:16.000,0,0,0,2026-03-11 22:35:23.893,0,0,0,2026-03-11 22:35:16.000,0,0,0,2026-03-11 22:35:16.000,0,0,0,2026-03-11 22:43:25.747,2026-03-11 22:44:10.590,0,NULL,2026-03-11 22:44:10.657,534,534,0,NR-No Report
26-018824,2026-03-11 22:36:36.073,11,WED,11,22,C,NIGHT,MIDS,POLICE,ASSIST FIRE - IMMEDIATE,2,NOT CAPTURED,"MESARIS, MATTHEW",NULL,2026-03-11 22:36:36.073,2026-03-11 22:36:39.000,2026-03-11 22:36:36.073,0,0,0,2026-03-11 22:36:53.523,17,17,0,2026-03-11 22:36:36.073,0,NULL,0,2026-03-11 22:36:59.150,17,17,0,2026-03-11 22:36:59.150,6,5,1,2026-03-11 22:38:29.350,90,90,0,2026-03-11 23:04:56.323,2026-03-12 00:09:37.573,0,NULL,2026-03-12 00:09:37.677,5581,5581,0,NR-No Report
26-018825,2026-03-11 22:36:49.000,11,WED,11,22,C,NIGHT,MIDS,POLICE,TROUBLE UNKNOWN NO EMS,2,E-911,"WALKER, JUANITA","MCLEOD, DOUGLAS",2026-03-11 22:36:49.000,2026-03-11 22:37:27.000,2026-03-11 22:37:15.000,26,26,0,2026-03-11 22:39:36.843,141,141,0,2026-03-11 22:46:42.000,593,593,0,2026-03-11 22:39:40.760,167,167,0,2026-03-11 22:39:40.760,4,3,1,2026-03-11 22:47:11.053,451,450,1,2026-03-11 22:51:40.557,2026-03-11 22:51:46.383,0,NULL,2026-03-11 22:51:46.427,897,897,0,NR-No Report
26-018826,2026-03-11 22:37:38.000,11,WED,11,22,C,NIGHT,MIDS,POLICE,TRAFFIC STOP,2,OFFICER,"SUN, JEFF Y",NULL,2026-03-11 22:37:38.000,2026-03-11 22:37:51.000,2026-03-11 22:37:38.000,0,1,-1,2026-03-11 22:37:38.000,0,0,0,2026-03-11 22:37:38.000,0,NULL,0,2026-03-11 22:37:38.000,0,0,0,2026-03-11 22:37:38.000,0,0,0,2026-03-11 22:37:38.000,0,0,0,2026-03-11 22:46:51.880,2026-03-11 22:46:51.880,0,NULL,2026-03-11 22:46:51.957,553,553,0,NR-No Report
26-018829,2026-03-11 22:38:51.000,11,WED,11,22,C,NIGHT,MIDS,POLICE,TRESPASSING IN PROG,2,E-911,"WATSON, JOANNE","MCLEOD, DOUGLAS",2026-03-11 22:38:51.000,2026-03-11 22:44:09.000,2026-03-11 22:39:54.000,63,63,0,2026-03-11 22:45:18.787,324,324,0,2026-03-11 22:43:24.000,273,273,0,2026-03-11 22:45:27.107,387,387,0,2026-03-11 22:45:27.107,9,8,1,2026-03-11 22:47:38.743,131,131,0,2026-03-11 23:20:15.947,2026-03-11 23:20:52.530,0,NULL,2026-03-11 23:20:52.580,2521,2521,0,NR-No Report
26-018830,2026-03-11 22:42:14.000,11,WED,11,22,C,NIGHT,MIDS,POLICE,SUBJECT STOP,2,OFFICER,"MCLEOD, DOUGLAS",NULL,2026-03-11 22:42:14.000,2026-03-11 22:42:17.000,2026-03-11 22:42:14.000,0,0,0,2026-03-11 22:42:14.000,0,0,0,2026-03-11 22:42:14.000,0,0,0,2026-03-11 22:43:20.570,0,0,0,2026-03-11 22:42:14.000,0,0,0,2026-03-11 22:42:14.000,0,0,0,2026-03-11 22:45:57.647,2026-03-11 22:55:27.273,0,NULL,2026-03-11 22:55:27.357,793,793,0,NR-No Report
26-018831,2026-03-11 22:43:37.000,11,WED,11,22,C,NIGHT,MIDS,POLICE,NOISE COMPLAINT IN PROG,4,Phone,"SWINTON, LATOYA","MCLEOD, DOUGLAS",2026-03-11 22:43:36.000,2026-03-11 22:51:37.000,2026-03-11 22:44:02.000,26,25,1,2026-03-11 23:31:58.743,2876,2876,0,2026-03-11 22:45:00.000,84,83,1,2026-03-11 23:32:02.497,2902,2902,0,2026-03-11 23:32:02.497,4,3,1,2026-03-11 23:38:26.553,384,384,0,2026-03-11 23:32:32.770,2026-03-11 23:45:14.043,0,NULL,2026-03-11 23:45:14.120,3698,3698,0,NR-No Report
26-018832,2026-03-11 22:44:40.000,11,WED,11,22,C,NIGHT,MIDS,POLICE,ADMINISTRATIVE TASK,2,Phone,"MARTINEZ, ESTHER","MCLEOD, DOUGLAS",2026-03-11 22:44:38.000,2026-03-11 22:46:00.000,2026-03-11 22:45:27.000,49,47,2,2026-03-11 22:48:20.203,173,173,0,2026-03-11 22:45:53.000,75,73,2,2026-03-11 22:48:24.303,222,222,0,2026-03-11 22:48:24.303,4,4,0,2026-03-11 23:02:25.223,841,840,1,2026-03-11 22:48:57.890,2026-03-11 23:17:34.897,0,NULL,2026-03-11 23:17:35.020,1976,1976,0,NR-No Report
26-018835,2026-03-11 22:56:54.000,11,WED,11,22,C,NIGHT,MIDS,POLICE,TRAFFIC STOP,2,Radio,"MCLEOD, DOUGLAS","MCLEOD, DOUGLAS",2026-03-11 22:56:54.000,2026-03-11 22:57:03.000,2026-03-11 22:56:54.000,0,0,0,2026-03-11 22:56:54.000,0,0,0,2026-03-11 22:56:54.000,0,0,0,2026-03-11 22:57:13.583,0,0,0,2026-03-11 22:56:54.000,0,0,0,2026-03-11 22:56:54.000,0,0,0,2026-03-11 23:34:29.130,2026-03-11 23:54:09.340,0,NULL,2026-03-11 23:54:09.403,3435,3435,0,NR-No Report
26-006122,2026-03-11 22:58:01.000,11,WED,11,22,C,NIGHT,MIDS,EMS,TROUBLE BREATHING ALS 1,1,E-911,"MARTINEZ, ESTHER",Automatic Dispatch,2026-03-11 22:58:00.000,2026-03-11 22:59:50.000,2026-03-11 22:58:38.000,38,37,1,2026-03-11 22:58:40.960,2,2,0,2026-03-11 23:00:56.000,176,175,1,2026-03-11 22:59:17.620,40,40,0,2026-03-11 22:59:17.620,37,36,1,2026-03-11 23:03:18.403,241,240,1,2026-03-11 23:28:34.617,2026-03-12 00:12:30.823,0,NULL,2026-03-12 00:12:30.893,4470,4470,0,UNDEFINED
26-018836,2026-03-11 22:58:48.000,11,WED,11,22,C,NIGHT,MIDS,POLICE,DISORDERLY CONDUCT,2,Phone,"SWINTON, LATOYA",NULL,2026-03-11 22:58:46.000,2026-03-11 23:01:26.000,2026-03-11 23:00:09.000,83,81,2,2026-03-11 23:12:41.237,752,752,0,2026-03-11 23:00:15.000,89,87,2,2026-03-11 23:12:41.337,835,835,0,2026-03-11 23:12:41.337,0,0,0,2026-03-11 23:19:00.493,379,379,0,2026-03-11 23:46:26.460,2026-03-11 23:47:33.857,0,NULL,2026-03-11 23:47:33.920,2927,2927,0,NR-No Report
26-006123,2026-03-11 23:01:02.093,11,WED,11,23,C,NIGHT,MIDS,EMS,MUTUAL BLS,1,C2C,CAD to CAD Service 1,CAD to CAD Service 1,2026-03-11 23:00:15.000,NULL,2026-03-11 23:01:02.653,47,0,47,2026-03-11 23:01:02.763,0,0,0,NULL,NULL,NULL,NULL,2026-03-11 23:02:10.297,47,-9999,10046,2026-03-11 23:02:10.297,68,67,1,2026-03-11 23:16:21.403,851,851,0,2026-03-11 23:20:11.747,2026-03-11 23:20:11.747,0,NULL,2026-03-11 23:20:11.840,1196,1196,0,UNDEFINED
26-018837,2026-03-11 23:02:23.000,11,WED,11,23,C,NIGHT,MIDS,POLICE,TRAFFIC STOP,2,OFFICER,"SUN, JEFF Y",NULL,2026-03-11 23:02:23.000,2026-03-11 23:02:39.000,2026-03-11 23:02:23.000,0,2,-2,2026-03-11 23:02:23.000,0,0,0,2026-03-11 23:02:23.000,0,NULL,0,2026-03-11 23:02:23.000,0,0,0,2026-03-11 23:02:23.000,0,0,0,2026-03-11 23:02:23.000,0,0,0,2026-03-11 23:10:02.823,2026-03-11 23:10:02.823,0,NULL,2026-03-11 23:10:03.047,459,459,0,NR-No Report
26-018838,2026-03-11 23:03:04.000,11,WED,11,23,C,NIGHT,MIDS,POLICE,ASSIST OUTSIDE AGENCY,2,Phone,"WALKER, JUANITA","MCLEOD, DOUGLAS",2026-03-11 23:03:02.000,2026-03-11 23:12:25.000,2026-03-11 23:04:19.000,77,75,2,2026-03-11 23:15:56.753,697,697,0,2026-03-11 23:12:19.000,557,555,2,2026-03-11 23:15:56.833,774,774,0,2026-03-11 23:15:56.833,0,0,0,2026-03-11 23:15:58.460,2,1,1,2026-03-11 23:27:13.867,2026-03-11 23:27:13.867,0,NULL,2026-03-11 23:27:13.950,1451,1451,0,NR-No Report
26-018841,2026-03-11 23:10:29.000,11,WED,11,23,C,NIGHT,MIDS,POLICE,TRAFFIC STOP,2,OFFICER,"MCLEOD, DOUGLAS","MCLEOD, DOUGLAS",2026-03-11 23:10:29.000,2026-03-11 23:13:45.000,2026-03-11 23:10:29.000,0,0,0,2026-03-11 23:10:29.000,0,0,0,2026-03-11 23:10:29.000,0,0,0,2026-03-11 23:10:57.377,0,0,0,2026-03-11 23:10:29.000,0,0,0,2026-03-11 23:10:29.000,0,0,0,2026-03-11 23:29:46.503,2026-03-11 23:32:31.250,0,NULL,2026-03-11 23:32:31.253,1322,1322,0,CI-Citation
26-018842,2026-03-11 23:13:00.000,11,WED,11,23,C,NIGHT,MIDS,POLICE,DIP - DRUNK/INTOX PERSON,2,Radio,"MCLEOD, DOUGLAS","MCLEOD, DOUGLAS",2026-03-11 23:13:00.000,2026-03-11 23:13:13.000,2026-03-11 23:13:00.000,0,0,0,2026-03-11 23:13:00.000,0,0,0,2026-03-11 23:13:00.000,0,0,0,2026-03-11 23:13:40.313,0,0,0,2026-03-11 23:13:00.000,0,0,0,2026-03-11 23:13:00.000,0,0,0,2026-03-11 23:40:09.007,2026-03-12 01:42:41.793,0,NULL,2026-03-12 01:42:41.853,8981,8981,0,RE-Report
26-018844,2026-03-11 23:23:00.000,11,WED,11,23,C,NIGHT,MIDS,POLICE,OFF DUTY DETAIL,8,OFFICER,"ROLON, CARLOS M",NULL,2026-03-11 23:23:00.000,2026-03-11 23:54:34.000,2026-03-11 23:23:00.000,0,1,-1,2026-03-11 23:23:00.000,0,0,0,2026-03-11 23:23:00.000,0,NULL,0,2026-03-11 23:23:00.000,0,0,0,2026-03-11 23:23:00.000,0,0,0,2026-03-11 23:23:00.000,0,0,0,2026-03-12 02:50:22.393,2026-03-12 02:50:22.393,0,NULL,2026-03-12 02:50:22.480,12442,12442,0,NR-No Report
26-018846,2026-03-11 23:27:19.000,11,WED,11,23,C,NIGHT,MIDS,POLICE,TRAFFIC STOP,2,OFFICER,"SUN, JEFF Y",NULL,2026-03-11 23:27:19.000,2026-03-11 23:27:33.000,2026-03-11 23:27:19.000,0,1,-1,2026-03-11 23:27:19.000,0,0,0,2026-03-11 23:27:19.000,0,NULL,0,2026-03-11 23:27:19.000,0,0,0,2026-03-11 23:27:19.000,0,0,0,2026-03-11 23:27:19.000,0,0,0,2026-03-11 23:41:10.693,2026-03-11 23:41:10.693,0,NULL,2026-03-11 23:41:10.770,831,831,0,NR-No Report
26-006124,2026-03-11 23:38:39.807,11,WED,11,23,C,NIGHT,MIDS,FIRE,MUTUAL ASSAULT WEAPON,1,C2C,CAD to CAD Service 1,CAD to CAD Service 1,2026-03-11 23:37:39.000,2026-03-11 23:38:54.000,2026-03-11 23:38:40.730,61,0,61,2026-03-11 23:38:40.807,0,0,0,NULL,NULL,NULL,NULL,2026-03-11 23:39:18.557,61,71,-10,2026-03-11 23:39:18.557,38,37,1,2026-03-11 23:47:04.160,466,465,1,2026-03-11 23:40:52.280,2026-03-11 23:56:33.770,0,NULL,2026-03-11 23:56:33.817,1134,1134,0,CAD2CAD
26-018847,2026-03-11 23:43:03.000,11,WED,11,23,C,NIGHT,MIDS,POLICE,TRAFFIC STOP,2,OFFICER,"LEONARD, JOHN T",NULL,2026-03-11 23:43:03.000,2026-03-11 23:43:25.000,2026-03-11 23:43:03.000,0,1,-1,2026-03-11 23:43:03.000,0,0,0,2026-03-11 23:43:03.000,0,NULL,0,2026-03-11 23:43:03.000,0,0,0,2026-03-11 23:43:03.000,0,0,0,2026-03-11 23:43:03.000,0,0,0,2026-03-11 23:47:57.103,2026-03-11 23:47:57.103,0,NULL,2026-03-11 23:47:57.267,294,294,0,NR-No Report
26-018848,2026-03-11 23:43:43.000,11,WED,11,23,C,NIGHT,MIDS,POLICE,911 HANG UP,2,E-911,"WALKER, JUANITA","MCLEOD, DOUGLAS",2026-03-11 23:43:43.000,2026-03-11 23:48:00.000,2026-03-11 23:44:09.000,26,26,0,2026-03-11 23:48:33.090,264,264,0,2026-03-11 23:44:22.000,39,39,0,2026-03-11 23:48:47.367,290,290,0,2026-03-11 23:48:47.367,14,14,0,NULL,NULL,-9999,NULL,NULL,2026-03-11 23:50:09.000,0,NULL,NULL,386,386,0,CN-Cancellation
26-006125,2026-03-11 23:46:47.000,11,WED,11,23,C,NIGHT,MIDS,EMS,ABDOMINAL PAIN BLS,3,E-911,"WATSON, JOANNE",Automatic Dispatch,2026-03-11 23:46:47.000,2026-03-11 23:49:21.000,2026-03-11 23:48:01.000,74,74,0,2026-03-11 23:48:03.647,2,2,0,2026-03-11 23:50:17.000,210,210,0,2026-03-11 23:50:53.883,76,76,0,2026-03-11 23:50:53.883,170,170,0,2026-03-11 23:54:15.950,202,202,0,2026-03-12 00:11:33.820,2026-03-12 00:50:40.640,0,NULL,2026-03-12 00:50:40.693,3833,3833,0,UNDEFINED
26-018849,2026-03-11 23:49:44.000,11,WED,11,23,C,NIGHT,MIDS,POLICE,SUSPICIOUS EVENT,2,Phone,"SWINTON, LATOYA","MCLEOD, DOUGLAS",2026-03-11 23:49:44.000,2026-03-11 23:51:34.000,2026-03-11 23:51:28.000,104,104,0,2026-03-11 23:53:18.733,110,110,0,2026-03-11 23:51:34.000,110,110,0,2026-03-11 23:53:28.557,214,214,0,2026-03-11 23:53:28.557,10,9,1,2026-03-11 23:55:49.190,141,140,1,2026-03-12 00:05:42.947,2026-03-12 00:06:40.887,0,NULL,2026-03-12 00:06:40.920,1016,1016,0,NR-No Report
26-018852,2026-03-11 23:56:54.000,11,WED,11,23,C,NIGHT,MIDS,POLICE,TROUBLE UNKNOWN EMS,2,Phone,"SWINTON, LATOYA","MCLEOD, DOUGLAS",2026-03-11 23:56:53.000,2026-03-11 23:58:54.000,2026-03-11 23:57:56.000,63,62,1,2026-03-11 23:59:18.947,82,82,0,2026-03-12 00:06:15.000,562,561,1,2026-03-11 23:59:23.597,145,145,0,2026-03-11 23:59:23.597,5,4,1,2026-03-12 00:01:28.977,125,125,0,2026-03-12 00:15:10.120,2026-03-12 00:15:38.873,0,NULL,2026-03-12 00:15:38.897,1125,1125,0,NR-No Report
26-018853,2026-03-11 23:56:57.000,11,WED,11,23,C,NIGHT,MIDS,POLICE,DISORDERLY CONDUCT,2,Phone,"MARTINEZ, ESTHER","MCLEOD, DOUGLAS",2026-03-11 23:56:56.000,2026-03-11 23:59:57.000,2026-03-11 23:58:04.000,68,67,1,2026-03-12 00:00:08.670,124,124,0,2026-03-11 23:58:42.000,106,105,1,2026-03-12 00:00:24.320,192,192,0,2026-03-12 00:00:24.320,16,15,1,2026-03-12 00:04:33.157,249,248,1,2026-03-12 00:11:10.313,2026-03-12 00:11:16.087,0,NULL,2026-03-12 00:11:16.157,860,860,0,NR-No Report
26-006127,2026-03-11 23:57:57.000,11,WED,11,23,C,NIGHT,MIDS,EMS,UNKNOWN MEDICAL ALS 1,1,Phone,"SWINTON, LATOYA",Automatic Dispatch,2026-03-11 23:57:57.000,2026-03-11 23:58:20.000,2026-03-11 23:57:57.000,0,NULL,0,2026-03-11 23:58:00.133,3,3,0,2026-03-11 23:57:57.000,0,0,0,2026-03-11 23:59:25.103,3,3,0,2026-03-11 23:59:25.103,85,84,1,2026-03-12 00:03:09.150,224,224,0,2026-03-12 00:14:25.153,2026-03-12 03:23:04.473,0,NULL,2026-03-12 03:23:04.537,12307,12307,0,CAD2CAD
26-018855,2026-03-12 00:02:00.000,11,THU,12,0,C,NIGHT,MIDS,POLICE,TRAFFIC STOP,2,Radio,"MCLEOD, DOUGLAS","MCLEOD, DOUGLAS",2026-03-12 00:02:00.000,2026-03-12 00:04:15.000,2026-03-12 00:02:00.000,0,0,0,2026-03-12 00:02:00.000,0,0,0,2026-03-12 00:02:00.000,0,0,0,2026-03-12 00:02:07.743,0,0,0,2026-03-12 00:02:00.000,0,0,0,2026-03-12 00:02:00.000,0,0,0,2026-03-12 00:36:38.587,2026-03-12 00:44:51.027,0,NULL,2026-03-12 00:44:51.127,2571,2571,0,NR-No Report
26-018856,2026-03-12 00:07:09.000,11,THU,12,0,C,NIGHT,MIDS,POLICE,ALARM COMMERCIAL,2,Phone,"WATSON, JOANNE","DOGAN, KYLAH",2026-03-12 00:07:07.000,2026-03-12 00:08:45.000,2026-03-12 00:08:42.000,95,93,2,2026-03-12 00:13:30.720,288,288,0,2026-03-12 00:08:44.000,97,95,2,2026-03-12 00:13:35.093,383,383,0,2026-03-12 00:13:35.093,5,4,1,2026-03-12 00:13:35.093,0,0,0,2026-03-12 00:22:31.890,2026-03-12 00:22:31.890,0,NULL,2026-03-12 00:22:32.217,924,924,0,FALSE-False Alarm
26-018857,2026-03-12 00:15:36.000,11,THU,12,0,C,NIGHT,MIDS,POLICE,TROUBLE UNKNOWN NO EMS,2,Phone,"MCLEOD, DOUGLAS","DOGAN, KYLAH",2026-03-12 00:15:36.000,2026-03-12 00:18:11.000,2026-03-12 00:17:00.000,84,84,0,2026-03-12 00:19:04.920,124,124,0,2026-03-12 00:17:49.000,133,133,0,2026-03-12 00:19:08.943,208,208,0,2026-03-12 00:19:08.943,4,4,0,2026-03-12 00:23:51.027,283,282,1,2026-03-12 00:33:43.833,2026-03-12 00:37:04.300,0,NULL,2026-03-12 00:37:04.373,1288,1288,0,NR-No Report
26-006128,2026-03-12 00:21:50.000,11,THU,12,0,C,NIGHT,MIDS,FIRE,OUTSIDE FIRE,3,E-911,"WATSON, JOANNE",Automatic Dispatch,2026-03-12 00:21:49.000,2026-03-12 00:22:41.000,2026-03-12 00:22:20.000,31,30,1,2026-03-12 00:22:23.123,3,3,0,2026-03-12 00:23:33.000,104,103,1,2026-03-12 00:23:44.987,34,34,0,2026-03-12 00:23:44.987,81,81,0,2026-03-12 00:29:54.563,370,369,1,2026-03-12 00:37:23.343,2026-03-12 00:37:23.343,0,NULL,2026-03-12 00:37:23.683,934,934,0,UNDEFINED
26-018858,2026-03-12 00:22:41.000,11,THU,12,0,C,NIGHT,MIDS,POLICE,PUBLIC SERVICE MULTI OFFICER,4,Phone,"MCLEOD, DOUGLAS","MCLEOD, DOUGLAS",2026-03-12 00:22:39.000,2026-03-12 00:24:02.270,2026-03-12 00:23:37.000,58,56,2,2026-03-12 00:24:02.120,25,25,0,2026-03-12 00:24:11.000,92,90,2,2026-03-12 00:24:04.440,83,83,0,2026-03-12 00:24:04.440,2,2,0,2026-03-12 00:28:58.297,294,293,1,2026-03-12 00:46:31.193,2026-03-12 00:47:00.347,0,NULL,2026-03-12 00:47:00.467,1461,1461,0,NR-No Report
26-018859,2026-03-12 00:25:14.000,11,THU,12,0,C,NIGHT,MIDS,POLICE,WARRANT SERVICE,2,Phone,"MCLEOD, DOUGLAS",NULL,2026-03-12 00:25:12.000,2026-03-12 00:34:30.000,2026-03-12 00:26:06.000,54,52,2,2026-03-12 00:35:19.097,553,553,0,2026-03-12 00:26:29.000,77,75,2,2026-03-12 00:35:42.460,607,607,0,2026-03-12 00:35:42.460,23,23,0,2026-03-12 00:38:24.800,162,162,0,2026-03-12 04:31:21.710,2026-03-12 04:31:21.710,0,NULL,2026-03-12 04:31:21.790,14769,14769,0,RE-Report
26-018860,2026-03-12 00:27:10.000,11,THU,12,0,C,NIGHT,MIDS,POLICE,ON VIEW,2,Radio,"DOGAN, KYLAH",NULL,2026-03-12 00:27:10.000,2026-03-12 00:27:16.000,2026-03-12 00:27:10.000,0,0,0,2026-03-12 00:27:10.000,0,0,0,2026-03-12 00:27:10.000,0,0,0,2026-03-12 00:27:42.417,0,0,0,2026-03-12 00:27:10.000,0,0,0,2026-03-12 00:27:10.000,0,0,0,2026-03-12 00:36:36.317,2026-03-12 00:49:09.967,0,NULL,2026-03-12 00:49:10.043,1319,1319,0,NR-No Report
26-018862,2026-03-12 00:29:43.000,11,THU,12,0,C,NIGHT,MIDS,POLICE,DIP - DRUNK/INTOX PERSON,2,E-911,"WATSON, JOANNE","DOGAN, KYLAH",2026-03-12 00:29:43.000,2026-03-12 00:32:20.000,2026-03-12 00:31:08.000,85,85,0,2026-03-12 00:32:34.400,86,86,0,2026-03-12 00:32:16.000,153,153,0,2026-03-12 00:32:44.780,171,171,0,2026-03-12 00:32:44.780,10,10,0,2026-03-12 00:36:42.010,238,237,1,2026-03-12 00:57:58.550,2026-03-12 04:14:33.807,0,NULL,2026-03-12 04:14:33.880,13490,13490,0,RE-Report
26-018861,2026-03-12 00:29:55.000,11,THU,12,0,C,NIGHT,MIDS,POLICE,TRAFFIC STOP,2,OFFICER,"DOGAN, KYLAH","DOGAN, KYLAH",2026-03-12 00:29:55.000,NULL,2026-03-12 00:29:55.000,0,0,0,2026-03-12 00:29:55.000,0,0,0,2026-03-12 00:29:55.000,0,0,0,2026-03-12 00:33:59.073,0,0,0,2026-03-12 00:29:55.000,0,0,0,2026-03-12 00:29:55.000,0,0,0,2026-03-12 01:08:17.717,2026-03-12 01:09:57.780,0,NULL,2026-03-12 01:09:57.860,2402,2402,0,CI-Citation
26-018865,2026-03-12 00:43:19.000,11,THU,12,0,C,NIGHT,MIDS,POLICE,TRAFFIC STOP,2,Radio,"DOGAN, KYLAH","DOGAN, KYLAH",2026-03-12 00:43:19.000,2026-03-12 00:43:26.000,2026-03-12 00:43:19.000,0,0,0,2026-03-12 00:43:19.000,0,0,0,2026-03-12 00:43:19.000,0,0,0,2026-03-12 00:43:35.373,0,0,0,2026-03-12 00:43:19.000,0,0,0,2026-03-12 00:43:19.000,0,0,0,2026-03-12 01:07:03.787,2026-03-12 01:07:31.713,0,NULL,2026-03-12 01:07:31.807,1452,1452,0,CI-Citation
26-006129,2026-03-12 00:46:14.000,11,THU,12,0,C,NIGHT,MIDS,EMS,TROUBLE BREATHING ALS 1,1,E-911,"WATSON, JOANNE",Automatic Dispatch,2026-03-12 00:46:13.000,2026-03-12 00:50:06.000,2026-03-12 00:48:18.000,125,124,1,2026-03-12 00:48:20.593,2,2,0,2026-03-12 00:52:23.000,370,369,1,2026-03-12 00:49:49.717,127,127,0,2026-03-12 00:49:49.717,89,89,0,2026-03-12 00:52:49.080,180,179,1,2026-03-12 00:55:19.763,2026-03-12 01:12:51.480,0,NULL,2026-03-12 01:12:51.620,1598,1598,0,UNDEFINED
26-018866,2026-03-12 00:55:43.000,11,THU,12,0,C,NIGHT,MIDS,POLICE,DWI - DRUNK/INTOX DRIVER,2,Radio,"DOGAN, KYLAH","DOGAN, KYLAH",2026-03-12 00:55:43.000,2026-03-12 00:55:45.000,2026-03-12 00:55:43.000,0,0,0,2026-03-12 00:55:43.000,0,0,0,2026-03-12 00:55:43.000,0,0,0,2026-03-12 00:56:26.473,0,0,0,2026-03-12 00:55:43.000,0,0,0,2026-03-12 00:55:43.000,0,0,0,2026-03-12 01:33:50.603,2026-03-12 06:12:18.447,0,NULL,2026-03-12 06:12:18.563,18995,18995,0,RE-Report
26-006130,2026-03-12 00:55:56.000,11,THU,12,0,C,NIGHT,MIDS,EMS,TROUBLE BREATHING ALS 1,1,E-911,"MCLEOD, DOUGLAS",Automatic Dispatch,2026-03-12 00:55:55.000,2026-03-12 00:58:28.000,2026-03-12 00:56:44.000,49,48,1,2026-03-12 00:56:47.343,3,3,0,2026-03-12 00:58:12.000,137,136,1,2026-03-12 00:58:22.603,52,52,0,2026-03-12 00:58:22.603,95,95,0,2026-03-12 01:03:36.867,314,314,0,2026-03-12 01:11:26.083,2026-03-12 02:15:01.033,0,NULL,2026-03-12 02:15:01.433,4746,4746,0,UNDEFINED
26-018867,2026-03-12 01:05:20.000,11,THU,12,1,C,NIGHT,MIDS,POLICE,SUICIDE DELAY,3,Phone,"MCLEOD, DOUGLAS","DOGAN, KYLAH",2026-03-12 01:05:18.000,2026-03-12 01:11:45.000,2026-03-12 01:07:47.000,149,147,2,2026-03-12 01:42:06.133,2059,2059,0,2026-03-12 01:11:37.000,379,377,2,2026-03-12 01:43:49.113,2208,2208,0,2026-03-12 01:43:49.113,103,102,1,NULL,NULL,-9999,NULL,2026-03-12 02:28:42.503,2026-03-12 02:28:42.503,0,NULL,2026-03-12 02:28:42.593,5004,5004,0,NR-No Report
26-018868,2026-03-12 01:10:54.000,11,THU,12,1,C,NIGHT,MIDS,POLICE,SUBJECT STOP,2,OFFICER,"DOGAN, KYLAH","DOGAN, KYLAH",2026-03-12 01:10:54.000,2026-03-12 01:21:05.000,2026-03-12 01:10:54.000,0,0,0,2026-03-12 01:10:54.000,0,0,0,2026-03-12 01:10:54.000,0,0,0,2026-03-12 01:11:12.607,0,0,0,2026-03-12 01:10:54.000,0,0,0,2026-03-12 01:10:54.000,0,0,0,2026-03-12 01:20:19.117,2026-03-12 01:22:39.333,0,NULL,2026-03-12 01:22:39.390,705,705,0,NR-No Report
26-018869,2026-03-12 01:11:06.000,11,THU,12,1,C,NIGHT,MIDS,POLICE,FLAG DOWN,2,OFFICER,"DANNENFELSER, CHRISTOPHER J",NULL,2026-03-12 01:11:06.000,NULL,2026-03-12 01:11:06.000,0,1,-1,2026-03-12 01:11:06.000,0,0,0,2026-03-12 01:11:06.000,0,NULL,0,2026-03-12 01:11:06.000,0,0,0,2026-03-12 01:11:06.000,0,0,0,2026-03-12 01:11:06.000,0,0,0,2026-03-12 01:11:16.673,2026-03-12 01:11:16.673,0,NULL,2026-03-12 01:11:17.603,10,10,0,NR-No Report
26-018870,2026-03-12 01:15:53.000,11,THU,12,1,C,NIGHT,MIDS,POLICE,DISABLED MOTORIST,2,E-911,"WATSON, JOANNE","DOGAN, KYLAH",2026-03-12 01:15:52.000,2026-03-12 01:18:52.000,2026-03-12 01:17:02.000,70,69,1,2026-03-12 01:20:28.787,206,206,0,2026-03-12 01:17:44.000,112,111,1,2026-03-12 01:20:31.683,276,276,0,2026-03-12 01:20:31.683,3,2,1,2026-03-12 01:20:48.860,17,17,0,2026-03-12 01:30:03.810,2026-03-12 01:30:03.810,0,NULL,2026-03-12 01:30:03.907,851,851,0,NR-No Report
26-006131,2026-03-12 01:24:15.000,11,THU,12,1,C,NIGHT,MIDS,EMS,UNCONSCIOUS ALS 2,1,E-911,"HARDING, AUTUMN","MESARIS, MATTHEW",2026-03-12 01:24:14.000,2026-03-12 01:25:30.000,2026-03-12 01:24:42.000,28,27,1,2026-03-12 01:24:45.263,3,3,0,2026-03-12 01:25:54.000,100,99,1,2026-03-12 01:26:46.203,31,31,0,2026-03-12 01:26:46.203,121,120,1,2026-03-12 01:29:56.877,190,190,0,2026-03-12 01:31:22.317,2026-03-12 01:34:12.980,0,NULL,2026-03-12 01:34:13.133,598,598,0,UNDEFINED
26-018871,2026-03-12 01:26:00.000,11,THU,12,1,C,NIGHT,MIDS,POLICE,RUNAWAY RETURNED,4,Radio,"DOGAN, KYLAH",NULL,2026-03-12 01:25:58.000,2026-03-12 01:30:41.000,2026-03-12 01:26:13.000,15,13,2,2026-03-12 02:19:28.337,3195,3195,0,2026-03-12 01:26:54.000,56,54,2,2026-03-12 02:19:28.337,3210,3210,0,2026-03-12 02:19:28.337,0,-9999,9999,NULL,NULL,-9999,NULL,2026-03-12 04:15:29.067,2026-03-12 04:15:29.067,0,NULL,2026-03-12 04:15:29.150,10171,10171,0,RE-Report
26-018872,2026-03-12 01:27:41.000,11,THU,12,1,C,NIGHT,MIDS,POLICE,DIP - DRUNK/INTOX PERSON,2,OFFICER,"DOGAN, KYLAH",NULL,2026-03-12 01:27:41.000,2026-03-12 01:30:30.000,2026-03-12 01:27:41.000,0,0,0,2026-03-12 01:27:41.000,0,0,0,2026-03-12 01:27:41.000,0,0,0,2026-03-12 01:28:40.507,0,0,0,2026-03-12 01:27:41.000,0,0,0,2026-03-12 01:27:41.000,0,0,0,2026-03-12 02:21:09.900,2026-03-12 06:26:33.830,0,NULL,2026-03-12 06:26:33.917,17932,17932,0,RE-Report
26-018875,2026-03-12 01:49:03.000,11,THU,12,1,C,NIGHT,MIDS,POLICE,DOMESTIC VIOL NO INJ,2,E-911,"MARTINEZ, ESTHER","DOGAN, KYLAH",2026-03-12 01:49:02.000,2026-03-12 01:50:08.000,2026-03-12 01:49:49.000,47,46,1,2026-03-12 01:50:36.547,47,47,0,2026-03-12 01:51:46.000,164,163,1,2026-03-12 01:50:38.607,94,94,0,2026-03-12 01:50:38.607,2,2,0,2026-03-12 01:55:01.673,263,263,0,2026-03-12 02:19:25.483,2026-03-12 02:19:25.483,0,NULL,2026-03-12 02:19:25.767,1823,1823,0,NR-No Report
26-018876,2026-03-12 01:52:18.000,11,THU,12,1,C,NIGHT,MIDS,POLICE,TRAFFIC STOP,2,OFFICER,"LEONARD, JOHN T",NULL,2026-03-12 01:52:18.000,2026-03-12 01:53:14.000,2026-03-12 01:52:18.000,0,1,-1,2026-03-12 01:52:18.000,0,0,0,2026-03-12 01:52:18.000,0,NULL,0,2026-03-12 01:52:18.000,0,0,0,2026-03-12 01:52:18.000,0,0,0,2026-03-12 01:52:18.000,0,0,0,2026-03-12 02:05:59.143,2026-03-12 02:08:28.877,0,NULL,2026-03-12 02:08:28.967,970,970,0,CI-Citation
26-018877,2026-03-12 01:55:19.000,11,THU,12,1,C,NIGHT,MIDS,POLICE,SUBJECT STOP,2,OFFICER,"DOGAN, KYLAH","DOGAN, KYLAH",2026-03-12 01:55:19.000,2026-03-12 02:06:16.000,2026-03-12 01:55:19.000,0,0,0,2026-03-12 01:55:19.000,0,0,0,2026-03-12 01:55:19.000,0,0,0,2026-03-12 01:55:25.747,0,0,0,2026-03-12 01:55:19.000,0,0,0,2026-03-12 01:55:19.000,0,0,0,2026-03-12 01:59:18.270,2026-03-12 02:13:00.557,0,NULL,2026-03-12 02:13:00.790,1061,1061,0,NR-No Report
26-018878,2026-03-12 01:58:35.000,11,THU,12,1,C,NIGHT,MIDS,POLICE,DISORDERLY CONDUCT,2,Phone,"WATSON, JOANNE","MCLEOD, DOUGLAS",2026-03-12 01:58:34.000,2026-03-12 02:02:06.000,2026-03-12 02:01:14.000,160,159,1,2026-03-12 02:20:03.160,1129,1129,0,2026-03-12 02:03:22.000,288,287,1,2026-03-12 02:20:09.290,1289,1289,0,2026-03-12 02:20:09.290,6,6,0,2026-03-12 02:28:27.230,498,497,1,2026-03-12 02:36:31.813,2026-03-12 02:43:11.327,0,NULL,2026-03-12 02:43:11.547,2677,2677,0,NR-No Report
26-018880,2026-03-12 02:05:46.000,11,THU,12,2,C,NIGHT,LATE,POLICE,SUICIDE IN PROG NO INJ,2,Phone,"WATSON, JOANNE","HARDING, AUTUMN",2026-03-12 02:05:44.000,2026-03-12 02:08:41.000,2026-03-12 02:07:29.000,105,103,2,2026-03-12 02:12:35.057,306,306,0,2026-03-12 02:10:59.000,315,313,2,2026-03-12 02:12:48.620,411,411,0,2026-03-12 02:12:48.620,13,13,0,2026-03-12 02:23:01.010,613,612,1,2026-03-12 02:48:44.293,2026-03-12 02:51:08.890,0,NULL,2026-03-12 02:51:08.970,2724,2724,0,NR-No Report
26-018879,2026-03-12 02:05:47.000,11,THU,12,2,C,NIGHT,LATE,POLICE,SUBJECT STOP,2,OFFICER,"HARDING, AUTUMN","MCLEOD, DOUGLAS",2026-03-12 02:05:47.000,2026-03-12 02:14:48.000,2026-03-12 02:05:47.000,0,0,0,2026-03-12 02:05:47.000,0,0,0,2026-03-12 02:05:47.000,0,0,0,2026-03-12 02:16:43.180,0,0,0,2026-03-12 02:05:47.000,0,0,0,2026-03-12 02:05:47.000,0,0,0,2026-03-12 02:21:27.763,2026-03-12 02:45:37.097,0,NULL,2026-03-12 02:45:37.177,2390,2390,0,NR-No Report
26-018881,2026-03-12 02:10:25.000,11,THU,12,2,C,NIGHT,LATE,POLICE,ASSIST OUTSIDE AGENCY,2,OFFICER,"HARDING, AUTUMN","MCLEOD, DOUGLAS",2026-03-12 02:10:23.000,2026-03-12 02:13:43.000,2026-03-12 02:12:12.000,109,107,2,2026-03-12 02:22:30.880,618,618,0,2026-03-12 02:12:13.000,110,108,2,2026-03-12 02:22:30.957,727,727,0,2026-03-12 02:22:30.957,0,0,0,2026-03-12 02:22:31.017,1,0,1,2026-03-12 03:11:04.903,2026-03-12 03:14:55.357,0,NULL,2026-03-12 03:14:55.473,3872,3872,0,NR-No Report
26-018883,2026-03-12 02:17:45.000,11,THU,12,2,C,NIGHT,LATE,POLICE,DOMESTIC VIOL DELAY,4,Phone,"MARTINEZ, ESTHER","MCLEOD, DOUGLAS",2026-03-12 02:17:43.000,2026-03-12 02:22:08.000,2026-03-12 02:19:09.000,86,84,2,2026-03-12 02:32:09.330,780,780,0,2026-03-12 02:21:48.000,245,243,2,2026-03-12 02:32:12.883,866,866,0,2026-03-12 02:32:12.883,3,3,0,NULL,NULL,-9999,NULL,2026-03-12 08:20:09.257,2026-03-12 08:20:09.257,0,NULL,2026-03-12 08:20:09.337,21746,21746,0,RE-Report
26-018882,2026-03-12 02:18:19.000,11,THU,12,2,C,NIGHT,LATE,POLICE,TRAFFIC STOP,2,OFFICER,"SUN, JEFF Y",NULL,2026-03-12 02:18:19.000,2026-03-12 02:18:34.000,2026-03-12 02:18:19.000,0,1,-1,2026-03-12 02:18:19.000,0,0,0,2026-03-12 02:18:19.000,0,NULL,0,2026-03-12 02:18:19.000,0,0,0,2026-03-12 02:18:19.000,0,0,0,2026-03-12 02:18:19.000,0,0,0,2026-03-12 02:31:44.290,2026-03-12 02:31:44.290,0,NULL,2026-03-12 02:31:44.347,805,805,0,NR-No Report
26-018884,2026-03-12 02:29:05.000,11,THU,12,2,C,NIGHT,LATE,POLICE,PROPERTY FOUND,4,Phone,"MCLEOD, DOUGLAS","MCLEOD, DOUGLAS",2026-03-12 02:29:03.000,2026-03-12 02:33:59.000,2026-03-12 02:29:19.000,16,14,2,2026-03-12 02:29:28.820,9,9,0,2026-03-12 02:29:39.000,36,34,2,2026-03-12 02:29:28.927,25,25,0,2026-03-12 02:29:28.927,0,0,0,2026-03-12 02:29:28.977,0,0,0,2026-03-12 05:38:43.910,2026-03-12 05:38:43.910,0,NULL,2026-03-12 05:38:44.000,11380,11380,0,RE-Report
26-006132,2026-03-12 02:33:58.000,11,THU,12,2,C,NIGHT,LATE,FIRE,FIRE ALARM,3,E-911,"DOGAN, KYLAH",Automatic Dispatch,2026-03-12 02:33:58.000,2026-03-12 02:35:57.000,2026-03-12 02:34:37.000,39,39,0,2026-03-12 02:34:40.300,3,3,0,2026-03-12 02:34:37.000,39,NULL,39,2026-03-12 02:35:50.897,42,42,0,2026-03-12 02:35:50.897,70,70,0,2026-03-12 02:44:02.350,492,491,1,2026-03-12 02:48:23.520,2026-03-12 02:48:23.520,0,NULL,2026-03-12 02:48:23.713,865,865,0,UNDEFINED
26-018886,2026-03-12 02:48:07.000,11,THU,12,2,C,NIGHT,LATE,POLICE,DWI - DRUNK/INTOX DRIVER,2,OFFICER,"SUN, JEFF Y",NULL,2026-03-12 02:48:07.000,2026-03-12 02:48:32.000,2026-03-12 02:48:07.000,0,1,-1,2026-03-12 02:48:07.000,0,0,0,2026-03-12 02:48:07.000,0,NULL,0,2026-03-12 02:48:07.000,0,0,0,2026-03-12 02:48:07.000,0,0,0,2026-03-12 02:48:07.000,0,0,0,2026-03-12 03:27:15.370,2026-03-12 06:37:21.520,0,NULL,2026-03-12 06:37:21.577,13754,13754,0,RE-Report
26-018887,2026-03-12 02:53:39.000,11,THU,12,2,C,NIGHT,LATE,POLICE,TRAFFIC STOP,2,OFFICER,"GILPIN, CHRISTOPHER G",NULL,2026-03-12 02:53:39.000,2026-03-12 02:54:07.000,2026-03-12 02:53:39.000,0,1,-1,2026-03-12 02:53:39.000,0,0,0,2026-03-12 02:53:39.000,0,NULL,0,2026-03-12 02:53:39.000,0,0,0,2026-03-12 02:53:39.000,0,0,0,2026-03-12 02:53:39.000,0,0,0,2026-03-12 02:58:10.353,2026-03-12 02:58:10.353,0,NULL,2026-03-12 02:58:10.703,271,271,0,NR-No Report
26-018888,2026-03-12 03:00:12.000,11,THU,12,3,C,NIGHT,LATE,POLICE,911 HANG UP,2,E-911,"WATSON, JOANNE","DOGAN, KYLAH",2026-03-12 03:00:11.000,2026-03-12 03:02:36.000,2026-03-12 03:01:18.000,67,66,1,2026-03-12 03:13:40.567,742,742,0,2026-03-12 03:01:18.000,67,66,1,2026-03-12 03:13:45.823,809,809,0,2026-03-12 03:13:45.823,5,5,0,2026-03-12 03:21:08.423,443,442,1,2026-03-12 03:31:08.750,2026-03-12 04:36:36.853,0,NULL,2026-03-12 04:36:36.917,5785,5785,0,NR-No Report
26-018889,2026-03-12 03:14:07.000,11,THU,12,3,C,NIGHT,LATE,POLICE,WARRANT SERVICE,4,Phone,"WATSON, JOANNE",NULL,2026-03-12 03:14:06.000,2026-03-12 03:14:54.000,2026-03-12 03:14:30.000,24,23,1,2026-03-12 05:48:08.113,9218,9218,0,2026-03-12 03:14:36.000,30,29,1,2026-03-12 05:48:08.113,9242,9242,0,2026-03-12 05:48:08.113,0,-9999,9999,2026-03-12 06:11:18.547,1390,1390,0,2026-03-12 08:05:09.263,2026-03-12 15:33:17.173,0,NULL,2026-03-12 15:33:17.277,44351,44351,0,NR-No Report
26-018890,2026-03-12 03:14:38.000,11,THU,12,3,C,NIGHT,LATE,POLICE,WARRANT SERVICE,4,Phone,"WATSON, JOANNE",NULL,2026-03-12 03:14:37.000,2026-03-12 05:35:16.000,2026-03-12 03:15:08.000,31,30,1,2026-03-12 05:33:17.920,8289,8289,0,2026-03-12 03:15:09.000,32,31,1,2026-03-12 05:33:17.920,8320,8320,0,2026-03-12 05:33:17.920,0,-9999,9999,2026-03-12 05:39:18.630,361,360,1,2026-03-12 10:46:21.240,2026-03-12 20:24:21.473,0,NULL,2026-03-12 20:24:21.503,61784,61784,0,NR-No Report
26-006135,2026-03-12 03:14:56.350,11,THU,12,3,C,NIGHT,LATE,EMS,MUTUAL ALS,1,C2C,CAD to CAD Service 1,CAD to CAD Service 1,2026-03-12 03:12:44.000,NULL,2026-03-12 03:14:56.897,132,0,132,2026-03-12 03:14:56.977,0,0,0,NULL,NULL,NULL,NULL,2026-03-12 03:16:30.727,132,-9999,10131,2026-03-12 03:16:30.727,94,90,4,2026-03-12 03:25:30.537,540,539,1,2026-03-12 03:32:05.967,2026-03-12 04:05:24.557,0,NULL,2026-03-12 04:05:24.650,3160,3160,0,CAD2CAD
26-018891,2026-03-12 03:15:11.000,11,THU,12,3,C,NIGHT,LATE,POLICE,WARRANT SERVICE,4,Phone,"WATSON, JOANNE",NULL,2026-03-12 03:15:11.000,2026-03-17 19:32:39.000,2026-03-12 03:15:33.000,22,22,0,2026-03-12 03:43:53.057,1700,1700,0,2026-03-12 03:15:34.000,23,23,0,2026-03-12 03:44:11.093,1722,1722,0,2026-03-12 03:44:11.093,18,18,0,2026-03-12 03:44:11.093,0,0,0,2026-03-12 07:13:24.473,2026-03-12 18:53:30.513,1,2026-03-17 19:20:50.413,2026-03-18 02:38:56.363,56299,84225,-27926,RE-Report
26-018892,2026-03-12 03:15:36.000,11,THU,12,3,C,NIGHT,LATE,POLICE,WARRANT SERVICE,4,Phone,"WATSON, JOANNE",NULL,2026-03-12 03:15:35.000,2026-03-12 05:26:03.000,2026-03-12 03:15:59.000,24,23,1,2026-03-12 04:34:47.360,4728,4728,0,2026-03-12 03:16:04.000,29,28,1,2026-03-12 04:34:47.360,4752,4752,0,2026-03-12 04:34:47.360,0,-9999,9999,2026-03-12 05:59:50.790,5103,5103,0,2026-03-12 07:00:08.703,2026-03-12 12:35:21.500,0,NULL,2026-03-12 12:35:21.500,33586,33586,0,RE-Report
26-006136,2026-03-12 03:21:47.000,11,THU,12,3,C,NIGHT,LATE,EMS,UNKNOWN MEDICAL ALS 1,1,Phone,"DOGAN, KYLAH",Automatic Dispatch,2026-03-12 03:21:47.000,2026-03-12 03:22:08.000,2026-03-12 03:21:47.000,0,NULL,0,2026-03-12 03:21:49.690,2,2,0,2026-03-12 03:21:47.000,0,0,0,2026-03-12 03:24:21.227,2,2,0,2026-03-12 03:24:21.227,152,151,1,2026-03-12 03:28:31.887,250,250,0,2026-03-12 03:38:22.607,2026-03-12 04:10:00.530,0,NULL,2026-03-12 04:10:00.667,2893,2893,0,UNDEFINED
26-006137,2026-03-12 03:28:19.000,11,THU,12,3,C,NIGHT,LATE,EMS,BLS EMERGENCY,3,E-911,"MARTINEZ, ESTHER",Automatic Dispatch,2026-03-12 03:28:18.000,2026-03-12 03:30:10.000,2026-03-12 03:29:08.000,50,49,1,2026-03-12 03:29:10.940,2,2,0,2026-03-12 03:32:24.000,246,245,1,2026-03-12 03:32:00.943,52,52,0,2026-03-12 03:32:00.943,170,170,0,2026-03-12 03:40:31.767,511,510,1,2026-03-12 04:50:01.010,2026-03-12 04:50:01.010,0,NULL,2026-03-12 04:50:01.133,4903,4903,0,UNDEFINED
26-018894,2026-03-12 03:33:43.000,11,THU,12,3,C,NIGHT,LATE,POLICE,DIP - DRUNK/INTOX PERSON,2,Phone,"DOGAN, KYLAH","MCLEOD, DOUGLAS",2026-03-12 03:33:42.000,2026-03-12 03:34:28.000,2026-03-12 03:34:14.000,32,31,1,2026-03-12 03:35:00.207,46,46,0,2026-03-12 03:36:55.000,193,192,1,2026-03-12 03:35:06.610,78,78,0,2026-03-12 03:35:06.610,6,6,0,2026-03-12 03:37:41.193,155,154,1,2026-03-12 03:41:17.737,2026-03-12 03:43:26.423,0,NULL,2026-03-12 03:43:26.487,584,584,0,NR-No Report
26-018895,2026-03-12 03:35:57.000,11,THU,12,3,C,NIGHT,LATE,POLICE,ALARM COMMERCIAL,2,Phone,"MARTINEZ, ESTHER","MCLEOD, DOUGLAS",2026-03-12 03:35:55.000,2026-03-12 03:36:36.000,2026-03-12 03:36:26.000,31,29,2,2026-03-12 03:36:57.140,31,31,0,2026-03-12 03:37:18.000,83,81,2,2026-03-12 03:37:00.653,62,62,0,2026-03-12 03:37:00.653,3,3,0,2026-03-12 03:45:20.793,500,500,0,2026-03-12 04:32:25.300,2026-03-12 04:32:31.173,0,NULL,2026-03-12 04:32:31.237,3396,3396,0,NR-No Report
26-018897,2026-03-12 04:01:11.000,11,THU,12,4,C,NIGHT,LATE,POLICE,DISORDERLY CONDUCT,2,E-911,"MARTINEZ, ESTHER","DOGAN, KYLAH",2026-03-12 04:01:11.000,2026-03-12 04:03:26.000,2026-03-12 04:01:49.000,38,38,0,2026-03-12 04:16:12.197,863,863,0,2026-03-12 04:03:22.000,131,131,0,2026-03-12 04:16:12.267,901,901,0,2026-03-12 04:16:12.267,0,0,0,2026-03-12 04:19:20.710,188,188,0,2026-03-12 04:26:59.497,2026-03-12 04:29:12.287,0,NULL,2026-03-12 04:29:12.353,1681,1681,0,NR-No Report
26-018898,2026-03-12 04:02:38.000,11,THU,12,4,C,NIGHT,LATE,POLICE,GLA IN PROG,2,Radio,"DOGAN, KYLAH","DOGAN, KYLAH",2026-03-12 04:02:37.000,2026-03-12 04:38:03.000,2026-03-12 04:02:51.000,14,13,1,2026-03-12 04:03:25.930,34,34,0,2026-03-12 04:05:54.000,197,196,1,2026-03-12 04:03:26.243,48,48,0,2026-03-12 04:03:26.243,1,0,1,2026-03-12 04:03:26.290,0,0,0,2026-03-12 04:33:55.227,2026-03-12 06:04:03.773,0,NULL,2026-03-12 06:04:03.883,7286,7286,0,RE-Report
26-006138,2026-03-12 04:20:45.627,11,THU,12,4,C,NIGHT,LATE,FIRE,MUTUAL FIRE ALARM,1,C2C,CAD to CAD Service 1,CAD to CAD Service 1,2026-03-12 04:19:27.000,NULL,2026-03-12 04:20:46.393,79,0,79,2026-03-12 04:20:46.470,0,0,0,NULL,NULL,NULL,NULL,2026-03-12 04:22:13.213,79,89,-10,2026-03-12 04:22:13.213,87,86,1,2026-03-12 04:22:37.307,24,24,0,2026-03-12 04:23:13.750,2026-03-12 05:18:22.277,0,NULL,2026-03-12 05:18:22.323,3535,3535,0,CAD2CAD
26-018901,2026-03-12 05:06:00.000,11,THU,12,5,C,NIGHT,LATE,POLICE,TRAFFIC STOP,2,OFFICER,"KUKU, JAMAL O",NULL,2026-03-12 05:06:00.000,2026-03-12 05:06:19.000,2026-03-12 05:06:00.000,0,1,-1,2026-03-12 05:06:00.000,0,0,0,2026-03-12 05:06:00.000,0,NULL,0,2026-03-12 05:06:00.000,0,0,0,2026-03-12 05:06:00.000,0,0,0,2026-03-12 05:06:00.000,0,0,0,2026-03-12 05:13:31.163,2026-03-12 05:13:31.163,0,NULL,2026-03-12 05:13:31.253,451,451,0,NR-No Report
26-018903,2026-03-12 05:25:07.000,11,THU,12,5,C,NIGHT,LATE,POLICE,ALARM RESIDENTIAL NIGHTIME,1,Phone,"MARTINEZ, ESTHER","DOGAN, KYLAH",2026-03-12 05:25:06.000,2026-03-12 05:26:29.000,2026-03-12 05:25:41.000,35,34,1,2026-03-12 05:26:44.333,63,63,0,2026-03-12 05:26:29.000,83,82,1,2026-03-12 05:26:50.360,98,98,0,2026-03-12 05:26:50.360,6,6,0,2026-03-12 05:29:59.703,189,189,0,2026-03-12 05:43:00.303,2026-03-12 05:43:08.653,0,NULL,2026-03-12 05:43:08.717,1082,1082,0,NR-No Report
26-018904,2026-03-12 05:25:58.000,11,THU,12,5,C,NIGHT,LATE,POLICE,ALARM COMMERCIAL,2,Text,"HARDING, AUTUMN",NULL,2026-03-12 05:25:57.000,2026-03-12 05:27:13.000,2026-03-12 05:26:20.000,23,22,1,2026-03-12 05:27:02.263,42,42,0,2026-03-12 05:26:45.000,48,47,1,2026-03-12 05:27:02.263,65,65,0,2026-03-12 05:27:02.263,0,-9999,9999,2026-03-12 05:32:59.657,357,357,0,2026-03-12 05:37:58.577,2026-03-12 05:37:58.577,0,NULL,2026-03-12 05:37:58.847,721,721,0,NR-No Report
26-018905,2026-03-12 05:27:11.000,11,THU,12,5,C,NIGHT,LATE,POLICE,ALARM COMMERCIAL,2,Phone,"HARDING, AUTUMN",NULL,2026-03-12 05:27:09.000,2026-03-12 05:40:18.000,2026-03-12 05:28:20.000,71,69,2,2026-03-12 05:43:28.407,908,908,0,2026-03-12 05:28:22.000,73,71,2,2026-03-12 05:43:28.407,979,979,0,2026-03-12 05:43:28.407,0,-9999,9999,2026-03-12 05:57:28.420,840,840,0,2026-03-12 06:03:14.000,2026-03-12 06:03:14.000,0,NULL,2026-03-12 06:03:14.127,2165,2164,1,NR-No Report
26-018906,2026-03-12 05:36:42.000,11,THU,12,5,C,NIGHT,LATE,POLICE,ALARM COMMERCIAL,2,Phone,"MESARIS, MATTHEW",NULL,2026-03-12 05:36:40.000,NULL,2026-03-12 05:37:21.000,41,39,2,2026-03-12 05:38:02.490,41,41,0,2026-03-12 05:37:25.000,45,43,2,2026-03-12 05:38:02.490,82,82,0,2026-03-12 05:38:02.490,0,-9999,9999,2026-03-12 05:41:00.277,178,177,1,2026-03-12 05:43:24.633,2026-03-12 05:43:24.633,0,NULL,2026-03-12 05:43:24.860,404,404,0,NR-No Report
26-018907,2026-03-12 05:53:59.000,11,THU,12,5,C,NIGHT,LATE,POLICE,ALARM COMMERCIAL,2,Phone,"MARTINEZ, ESTHER","DEWBERRY, RE'KEYA",2026-03-12 05:53:59.000,2026-03-12 05:56:23.000,2026-03-12 05:54:36.000,37,37,0,2026-03-12 05:56:58.997,142,142,0,2026-03-12 05:55:29.000,90,90,0,2026-03-12 05:57:01.710,179,179,0,2026-03-12 05:57:01.710,3,2,1,2026-03-12 06:04:13.853,432,432,0,2026-03-12 05:58:12.377,2026-03-12 06:09:31.553,0,NULL,2026-03-12 06:09:31.617,932,932,0,FALSE-False Alarm
26-006139,2026-03-12 05:54:32.000,11,THU,12,5,C,NIGHT,LATE,EMS,FALL BLS,3,E-911,"MESARIS, MATTHEW",Automatic Dispatch,2026-03-12 05:54:32.000,2026-03-12 05:56:36.000,2026-03-12 05:55:21.000,49,49,0,2026-03-12 05:55:25.470,4,4,0,2026-03-12 05:57:06.000,154,154,0,2026-03-12 05:57:11.100,53,53,0,2026-03-12 05:57:11.100,106,105,1,2026-03-12 06:03:44.800,393,393,0,2026-03-12 06:56:44.237,2026-03-12 06:56:44.237,0,NULL,2026-03-12 06:56:44.353,3732,3732,0,UNDEFINED
26-018911,2026-03-12 06:09:06.000,11,THU,12,6,A,DAY,EARLY,POLICE,911 HANG UP,2,E-911,"BONSU, VALERIE","DEWBERRY, RE'KEYA",2026-03-12 06:09:06.000,2026-03-12 06:12:58.000,2026-03-12 06:09:33.000,27,27,0,2026-03-12 06:13:18.123,225,225,0,2026-03-12 06:09:33.000,27,NULL,27,2026-03-12 06:13:28.850,252,252,0,2026-03-12 06:13:28.850,10,2,8,2026-03-12 06:16:32.347,184,183,1,2026-03-12 06:23:26.337,2026-03-12 06:23:26.337,0,NULL,2026-03-12 06:23:26.367,860,860,0,NR-No Report
26-018913,2026-03-12 06:14:29.000,11,THU,12,6,A,DAY,EARLY,POLICE,DISORDERLY CONDUCT,2,Phone,"CRUZ, STEPHANIE","DEWBERRY, RE'KEYA",2026-03-12 06:14:28.000,2026-03-12 06:16:14.000,2026-03-12 06:15:48.000,80,79,1,2026-03-12 06:16:50.423,62,62,0,2026-03-12 06:18:51.000,263,262,1,2026-03-12 06:16:54.097,142,142,0,2026-03-12 06:16:54.097,4,3,1,2026-03-12 06:18:36.617,102,102,0,2026-03-12 06:17:31.867,2026-03-12 06:25:57.563,0,NULL,2026-03-12 06:25:57.657,689,689,0,NR-No Report
26-006140,2026-03-12 06:14:47.000,11,THU,12,6,A,DAY,EARLY,FIRE,FIRE ALARM,3,Phone,"WALKER, LATITIA",Automatic Dispatch,2026-03-12 06:14:47.000,2026-03-12 06:15:26.000,2026-03-12 06:15:05.000,18,18,0,2026-03-12 06:15:08.650,3,3,0,2026-03-12 06:16:24.000,97,97,0,2026-03-12 06:16:58.810,21,21,0,2026-03-12 06:16:58.810,110,110,0,2026-03-12 06:22:32.087,334,333,1,2026-03-12 06:31:23.600,2026-03-12 06:31:23.600,0,NULL,2026-03-12 06:31:23.733,996,996,0,UNDEFINED
26-018914,2026-03-12 06:16:47.000,11,THU,12,6,A,DAY,EARLY,POLICE,ALARM COMMERCIAL,2,Text,"FLOURNOY, ERICKA","DEWBERRY, RE'KEYA",2026-03-12 06:16:45.000,2026-03-12 06:17:56.000,2026-03-12 06:17:27.000,42,40,2,2026-03-12 06:18:18.730,51,51,0,2026-03-12 06:19:12.000,147,145,2,2026-03-12 06:18:22.313,93,93,0,2026-03-12 06:18:22.313,4,3,1,2026-03-12 06:24:13.530,351,351,0,2026-03-12 06:26:17.750,2026-03-12 06:42:08.353,0,NULL,2026-03-12 06:42:08.457,1523,1523,0,NR-No Report
26-006142,2026-03-12 06:28:28.000,11,THU,12,6,A,DAY,EARLY,FIRE,FIRE ALARM,3,Phone,"WALKER, LATITIA",Automatic Dispatch,2026-03-12 06:28:26.000,2026-03-12 06:29:17.000,2026-03-12 06:28:47.000,21,19,2,2026-03-12 06:28:50.697,3,3,0,2026-03-12 06:29:39.000,73,71,2,2026-03-12 06:30:29.780,24,24,0,2026-03-12 06:30:29.780,99,99,0,NULL,NULL,-9999,NULL,2026-03-12 06:41:36.897,2026-03-12 06:41:36.897,0,NULL,2026-03-12 06:41:37.297,790,790,0,UNDEFINED
26-018915,2026-03-12 06:33:22.000,11,THU,12,6,A,DAY,EARLY,POLICE,OFF DUTY DETAIL,8,OFFICER,"JONES, MARCELL L",NULL,2026-03-12 06:33:22.000,2026-03-12 06:33:26.000,2026-03-12 06:33:22.000,0,1,-1,2026-03-12 06:33:22.000,0,0,0,2026-03-12 06:33:22.000,0,NULL,0,2026-03-12 06:33:22.000,0,0,0,2026-03-12 06:33:22.000,0,0,0,2026-03-12 06:33:22.000,0,0,0,2026-03-12 08:05:35.130,2026-03-12 08:05:35.130,0,NULL,2026-03-12 08:05:35.217,5533,5533,0,NR-No Report
26-006143,2026-03-12 06:43:21.000,11,THU,12,6,A,DAY,EARLY,FIRE,PUBLIC SERVICE FIRE,4,E-911,"CRUZ, STEPHANIE",Automatic Dispatch,2026-03-12 06:43:21.000,2026-03-12 06:45:24.000,2026-03-12 06:45:04.000,103,103,0,2026-03-12 06:45:07.363,3,3,0,2026-03-12 06:53:53.000,632,632,0,2026-03-12 06:46:06.237,106,106,0,2026-03-12 06:46:06.237,59,58,1,2026-03-12 06:54:44.930,518,518,0,2026-03-12 07:01:12.217,2026-03-12 07:01:12.217,0,NULL,2026-03-12 07:01:12.343,1071,1071,0,UNDEFINED
26-018919,2026-03-12 06:48:41.000,11,THU,12,6,A,DAY,EARLY,POLICE,HAZARD,2,Phone,"PATTERSON, JAHAIRA","DEWBERRY, RE'KEYA",2026-03-12 06:48:41.000,2026-03-12 06:49:10.000,2026-03-12 06:49:02.000,21,21,0,2026-03-12 06:49:45.660,43,43,0,2026-03-12 06:52:00.000,199,199,0,2026-03-12 06:49:51.167,64,64,0,2026-03-12 06:49:51.167,6,5,1,2026-03-12 06:58:25.527,514,514,0,2026-03-12 07:14:57.043,2026-03-12 07:14:57.043,0,NULL,2026-03-12 07:14:57.137,1576,1576,0,NR-No Report
26-018920,2026-03-12 06:58:12.000,11,THU,12,6,A,DAY,EARLY,POLICE,WALK IN HQ LOBBY,2,Phone,"JONES, DAESHA","DEWBERRY, RE'KEYA",2026-03-12 06:58:10.000,2026-03-12 07:01:01.000,2026-03-12 06:58:41.000,31,29,2,2026-03-12 07:01:43.383,182,182,0,2026-03-12 06:58:41.000,31,NULL,31,2026-03-12 07:01:59.853,213,213,0,2026-03-12 07:01:59.853,16,16,0,NULL,NULL,-9999,NULL,2026-03-12 08:21:52.310,2026-03-12 08:21:52.310,0,NULL,2026-03-12 08:21:52.413,5022,5022,0,RE-Report
26-018921,2026-03-12 07:02:23.000,11,THU,12,7,A,DAY,EARLY,POLICE,PARKING COMPLAINT,4,Phone,"PATTERSON, JAHAIRA",NULL,2026-03-12 07:02:23.000,NULL,2026-03-12 07:03:18.000,55,55,0,2026-03-12 08:13:07.130,4189,4189,0,2026-03-12 07:03:56.000,93,93,0,2026-03-12 08:13:07.130,4244,4244,0,2026-03-12 08:13:07.130,0,0,0,2026-03-12 08:44:21.213,1874,1874,0,2026-03-12 08:45:29.493,2026-03-12 08:45:29.493,0,NULL,2026-03-12 08:45:30.060,6186,6186,0,NR-No Report
26-018922,2026-03-12 07:05:54.000,11,THU,12,7,A,DAY,EARLY,POLICE,PARKING COMPLAINT,4,Phone,"PATTERSON, JAHAIRA",NULL,2026-03-12 07:05:54.000,NULL,2026-03-12 07:06:02.000,8,8,0,2026-03-12 08:09:49.590,3827,3827,0,2026-03-12 07:15:20.000,566,566,0,2026-03-12 08:09:49.590,3835,3835,0,2026-03-12 08:09:49.590,0,0,0,2026-03-12 08:12:38.553,169,168,1,2026-03-12 08:19:38.317,2026-03-12 08:19:38.317,0,NULL,2026-03-12 08:19:38.567,4424,4424,0,CI-Citation
26-018923,2026-03-12 07:11:03.000,11,THU,12,7,A,DAY,EARLY,POLICE,TRAFFIC STOP,2,OFFICER,"STERLING, DAVON",NULL,2026-03-12 07:11:03.000,2026-03-12 07:11:13.000,2026-03-12 07:11:03.000,0,2,-2,2026-03-12 07:11:03.000,0,0,0,2026-03-12 07:11:03.000,0,NULL,0,2026-03-12 07:11:03.000,0,0,0,2026-03-12 07:11:03.000,0,0,0,2026-03-12 07:11:03.000,0,0,0,2026-03-12 07:15:46.493,2026-03-12 07:15:46.493,0,NULL,2026-03-12 07:15:47.577,283,283,0,NR-No Report
26-018924,2026-03-12 07:17:27.000,11,THU,12,7,A,DAY,EARLY,POLICE,DISORDERLY CONDUCT,2,E-911,"CRUZ, STEPHANIE","DEWBERRY, RE'KEYA",2026-03-12 07:17:27.000,2026-03-12 07:18:57.000,2026-03-12 07:18:23.000,56,56,0,2026-03-12 07:19:07.757,44,44,0,2026-03-12 07:20:11.000,164,164,0,2026-03-12 07:19:16.790,100,100,0,2026-03-12 07:19:16.790,9,9,0,2026-03-12 07:36:40.577,1044,1043,1,2026-03-12 07:40:56.410,2026-03-12 07:41:39.657,0,NULL,2026-03-12 07:41:39.870,1452,1452,0,NR-No Report
26-018926,2026-03-12 07:26:17.000,11,THU,12,7,A,DAY,EARLY,POLICE,DISABLED MOTORIST,2,OFFICER,"STERLING, DAVON",NULL,2026-03-12 07:26:17.000,2026-03-12 07:26:27.000,2026-03-12 07:26:17.000,0,1,-1,2026-03-12 07:26:17.000,0,0,0,2026-03-12 07:26:17.000,0,NULL,0,2026-03-12 07:26:17.000,0,0,0,2026-03-12 07:26:17.000,0,0,0,2026-03-12 07:26:17.000,0,0,0,2026-03-12 08:29:09.670,2026-03-12 08:29:09.670,0,NULL,2026-03-12 08:29:09.787,3772,3772,0,NR-No Report
26-018928,2026-03-12 07:28:01.000,11,THU,12,7,A,DAY,EARLY,POLICE,ALARM RESIDENTIAL,2,Text,"BONSU, VALERIE","DEWBERRY, RE'KEYA",2026-03-12 07:28:01.000,2026-03-12 07:28:54.000,2026-03-12 07:28:44.000,43,43,0,2026-03-12 07:29:03.657,19,19,0,2026-03-12 07:29:17.000,76,76,0,2026-03-12 07:29:14.290,62,62,0,2026-03-12 07:29:14.290,11,10,1,2026-03-12 07:38:56.123,582,581,1,2026-03-12 08:00:13.353,2026-03-12 08:01:04.350,0,NULL,2026-03-12 08:01:04.533,1983,1983,0,NR-No Report
26-018929,2026-03-12 07:32:21.000,11,THU,12,7,A,DAY,EARLY,POLICE,TRAFFIC STOP,2,OFFICER,"LARNERD, GRANT",NULL,2026-03-12 07:32:21.000,2026-03-12 07:32:27.000,2026-03-12 07:32:21.000,0,2,-2,2026-03-12 07:32:21.000,0,0,0,2026-03-12 07:32:21.000,0,NULL,0,2026-03-12 07:32:21.000,0,0,0,2026-03-12 07:32:21.000,0,0,0,2026-03-12 07:32:21.000,0,0,0,2026-03-12 07:56:44.100,2026-03-12 07:56:44.100,0,NULL,2026-03-12 07:56:44.200,1463,1463,0,CI-Citation
26-018930,2026-03-12 07:34:37.000,11,THU,12,7,A,DAY,EARLY,POLICE,OFF DUTY DETAIL,8,OFFICER,"ANDERSON, ALEX D",NULL,2026-03-12 07:34:37.000,2026-03-12 07:34:44.000,2026-03-12 07:34:37.000,0,1,-1,2026-03-12 07:34:37.000,0,0,0,2026-03-12 07:34:37.000,0,NULL,0,2026-03-12 07:34:37.000,0,0,0,2026-03-12 07:34:37.000,0,0,0,2026-03-12 07:34:37.000,0,0,0,2026-03-12 16:15:20.983,2026-03-12 16:33:15.690,0,NULL,2026-03-12 16:33:15.787,32318,32318,0,NR-No Report
26-018932,2026-03-12 07:48:47.000,11,THU,12,7,A,DAY,EARLY,POLICE,OFF DUTY DETAIL,8,OFFICER,"HETZNER, PHILIP H",NULL,2026-03-12 07:48:47.000,2026-03-12 07:49:07.000,2026-03-12 07:48:47.000,0,1,-1,2026-03-12 07:48:47.000,0,0,0,2026-03-12 07:48:47.000,0,NULL,0,2026-03-12 07:48:47.000,0,0,0,2026-03-12 07:48:47.000,0,0,0,2026-03-12 07:48:47.000,0,0,0,2026-03-12 11:57:18.123,2026-03-12 11:57:21.393,0,NULL,2026-03-12 11:57:21.487,14914,14914,0,NR-No Report
26-018934,2026-03-12 07:55:53.000,11,THU,12,7,A,DAY,EARLY,POLICE,ALARM COMMERCIAL,2,Phone,"PATTERSON, JAHAIRA","BONSU, VALERIE",2026-03-12 07:55:51.000,2026-03-12 07:58:04.000,2026-03-12 07:56:06.000,15,13,2,2026-03-12 08:01:12.913,306,306,0,2026-03-12 08:03:19.000,448,446,2,2026-03-12 08:01:13.027,321,321,0,2026-03-12 08:01:13.027,1,0,1,2026-03-12 08:01:14.503,1,1,0,2026-03-12 08:05:47.457,2026-03-12 08:21:08.310,0,NULL,2026-03-12 08:21:08.597,1517,1517,0,NR-No Report
26-018937,2026-03-12 08:06:26.000,11,THU,12,8,A,DAY,EARLY,POLICE,TRAFFIC STOP,2,OFFICER,"MCGECHEE, NICOLE",NULL,2026-03-12 08:06:26.000,2026-03-12 08:06:39.000,2026-03-12 08:06:26.000,0,1,-1,2026-03-12 08:06:26.000,0,0,0,2026-03-12 08:06:26.000,0,NULL,0,2026-03-12 08:06:26.000,0,0,0,2026-03-12 08:06:26.000,0,0,0,2026-03-12 08:06:26.000,0,0,0,2026-03-12 08:16:21.660,2026-03-12 08:16:21.660,0,NULL,2026-03-12 08:16:21.720,595,595,0,NR-No Report
26-018938,2026-03-12 08:06:56.000,11,THU,12,8,A,DAY,EARLY,POLICE,ANIMAL DECEASED,3,Phone,"PATTERSON, JAHAIRA","PATTERSON, JAHAIRA",2026-03-12 08:06:54.000,2026-03-12 08:14:29.000,2026-03-12 08:07:48.000,54,52,2,2026-03-12 08:17:02.000,554,553,1,2026-03-12 08:08:06.000,72,70,2,2026-03-12 08:17:02.143,608,607,1,2026-03-12 08:17:02.143,0,0,0,2026-03-12 08:17:02.210,0,0,0,2026-03-12 08:17:53.557,2026-03-12 08:17:53.557,0,NULL,2026-03-12 08:17:53.640,659,659,0,ACOR-Animal Control Report
26-018939,2026-03-12 08:08:59.000,11,THU,12,8,A,DAY,EARLY,POLICE,TRAFFIC STOP,2,OFFICER,"BOWLIN, MICHAEL S",NULL,2026-03-12 08:08:59.000,2026-03-12 08:09:07.000,2026-03-12 08:08:59.000,0,1,-1,2026-03-12 08:08:59.000,0,0,0,2026-03-12 08:08:59.000,0,NULL,0,2026-03-12 08:08:59.000,0,0,0,2026-03-12 08:08:59.000,0,0,0,2026-03-12 08:08:59.000,0,0,0,2026-03-12 08:17:12.170,2026-03-12 08:17:12.170,0,NULL,2026-03-12 08:17:12.290,493,493,0,CI-Citation
26-018940,2026-03-12 08:10:20.000,11,THU,12,8,A,DAY,EARLY,POLICE,POLICE INFORMATION,4,Phone,"MAIORIELLO, BERMARI","MAIORIELLO, BERMARI",2026-03-12 08:10:18.000,2026-03-12 08:11:22.713,2026-03-12 08:10:47.000,29,27,2,2026-03-12 08:11:22.593,35,35,0,2026-03-12 08:11:43.000,85,83,2,2026-03-12 08:11:28.327,64,64,0,2026-03-12 08:11:28.327,6,5,1,2026-03-12 08:11:28.327,0,0,0,2026-03-12 10:58:59.103,2026-03-12 10:58:59.103,0,NULL,2026-03-12 10:58:59.177,10121,10121,0,RE-Report
26-018941,2026-03-12 08:11:58.000,11,THU,12,8,A,DAY,EARLY,POLICE,PARKING COMPLAINT,4,Phone,"PICKERAL, LAUREN",NULL,2026-03-12 08:11:57.000,2026-03-12 08:15:04.000,2026-03-12 08:12:35.000,38,37,1,2026-03-12 08:19:45.117,430,430,0,2026-03-12 08:12:54.000,57,56,1,2026-03-12 08:19:45.117,468,468,0,2026-03-12 08:19:45.117,0,-9999,9999,2026-03-12 08:42:43.747,1378,1378,0,2026-03-12 08:46:50.837,2026-03-12 08:46:50.837,0,NULL,2026-03-12 08:46:51.883,2093,2093,0,CI-Citation
26-006144,2026-03-12 08:12:47.000,11,THU,12,8,A,DAY,EARLY,EMS,PUBLIC SERVICE EMS,4,E-911,"CRUZ, STEPHANIE",Automatic Dispatch,2026-03-12 08:12:47.000,2026-03-12 08:14:27.000,2026-03-12 08:13:54.000,67,67,0,2026-03-12 08:13:57.367,3,3,0,2026-03-12 08:19:56.000,429,429,0,2026-03-12 08:14:41.077,70,70,0,2026-03-12 08:14:41.077,44,43,1,2026-03-12 08:20:19.817,338,338,0,2026-03-12 08:32:51.180,2026-03-12 08:32:51.180,0,NULL,2026-03-12 08:32:51.317,1204,1204,0,UNDEFINED
26-018942,2026-03-12 08:13:56.000,11,THU,12,8,A,DAY,EARLY,POLICE,OFF DUTY DETAIL,8,OFFICER,"ROBBINS, SADAIAH S",NULL,2026-03-12 08:13:56.000,2026-03-12 08:19:16.000,2026-03-12 08:13:56.000,0,1,-1,2026-03-12 08:13:56.000,0,0,0,2026-03-12 08:13:56.000,0,NULL,0,2026-03-12 08:13:56.000,0,0,0,2026-03-12 08:13:56.000,0,0,0,2026-03-12 08:13:56.000,0,0,0,2026-03-12 09:34:48.013,2026-03-12 15:51:05.580,0,NULL,2026-03-12 15:51:05.650,27429,27429,0,NR-No Report
26-018944,2026-03-12 08:18:32.000,11,THU,12,8,A,DAY,EARLY,POLICE,TRAFFIC STOP,2,OFFICER,"BROWN, BRIDGET C",NULL,2026-03-12 08:18:32.000,2026-03-12 08:18:39.000,2026-03-12 08:18:32.000,0,1,-1,2026-03-12 08:18:32.000,0,0,0,2026-03-12 08:18:32.000,0,NULL,0,2026-03-12 08:18:32.000,0,0,0,2026-03-12 08:18:32.000,0,0,0,2026-03-12 08:18:32.000,0,0,0,2026-03-12 08:33:42.727,2026-03-12 08:33:42.727,0,NULL,2026-03-12 08:33:42.850,910,910,0,CI-Citation
26-018945,2026-03-12 08:20:40.000,11,THU,12,8,A,DAY,EARLY,POLICE,TRAFFIC STOP,2,OFFICER,"BOWLIN, MICHAEL S",NULL,2026-03-12 08:20:40.000,2026-03-12 08:20:48.000,2026-03-12 08:20:40.000,0,1,-1,2026-03-12 08:20:40.000,0,0,0,2026-03-12 08:20:40.000,0,NULL,0,2026-03-12 08:20:40.000,0,0,0,2026-03-12 08:20:40.000,0,0,0,2026-03-12 08:20:40.000,0,0,0,2026-03-12 08:26:58.233,2026-03-12 08:26:58.233,0,NULL,2026-03-12 08:26:58.340,378,378,0,CI-Citation
26-006145,2026-03-12 08:20:58.000,11,THU,12,8,A,DAY,EARLY,EMS,UNKNOWN MEDICAL ALS 1,1,E-911,"CRUZ, STEPHANIE",Automatic Dispatch,2026-03-12 08:20:58.000,2026-03-12 08:23:20.000,2026-03-12 08:22:57.000,119,119,0,2026-03-12 08:22:59.493,2,2,0,2026-03-12 08:26:23.000,325,325,0,2026-03-12 08:23:28.417,121,121,0,2026-03-12 08:23:28.417,29,28,1,2026-03-12 08:26:50.370,202,201,1,2026-03-12 08:31:07.807,2026-03-12 09:27:49.480,0,NULL,2026-03-12 09:27:49.833,4011,4011,0,UNDEFINED
26-018946,2026-03-12 08:22:20.000,11,THU,12,8,A,DAY,EARLY,POLICE,TRAFFIC STOP,2,OFFICER,"MCGECHEE, NICOLE",NULL,2026-03-12 08:22:20.000,2026-03-12 08:22:26.000,2026-03-12 08:22:20.000,0,0,0,2026-03-12 08:22:20.000,0,0,0,2026-03-12 08:22:20.000,0,NULL,0,2026-03-12 08:22:20.000,0,0,0,2026-03-12 08:22:20.000,0,0,0,2026-03-12 08:22:20.000,0,0,0,2026-03-12 08:28:29.750,2026-03-12 08:28:29.750,0,NULL,2026-03-12 08:28:29.843,369,369,0,NR-No Report
26-018947,2026-03-12 08:23:48.000,11,THU,12,8,A,DAY,EARLY,POLICE,PARKING COMPLAINT,4,Phone,"PICKERAL, LAUREN",NULL,2026-03-12 08:23:46.000,2026-03-12 09:04:52.000,2026-03-12 08:24:38.000,52,50,2,2026-03-12 08:45:35.153,1257,1257,0,2026-03-12 08:30:06.000,380,378,2,2026-03-12 08:45:35.153,1309,1309,0,2026-03-12 08:45:35.153,0,0,0,2026-03-12 08:54:32.670,537,537,0,2026-03-12 09:35:47.343,2026-03-12 09:35:47.343,0,NULL,2026-03-12 09:35:47.903,4321,4321,0,NR-No Report
26-018950,2026-03-12 08:28:55.000,11,THU,12,8,A,DAY,EARLY,POLICE,TRESPASSING IN PROG,2,Phone,"PATTERSON, JAHAIRA","BONSU, VALERIE",2026-03-12 08:28:55.000,2026-03-12 08:32:16.000,2026-03-12 08:29:43.000,48,48,0,2026-03-12 08:32:29.113,166,166,0,2026-03-12 08:30:27.000,92,92,0,2026-03-12 08:33:15.307,214,214,0,2026-03-12 08:33:15.307,46,12,34,2026-03-12 08:44:00.350,645,645,0,2026-03-12 08:50:04.923,2026-03-12 08:50:46.943,0,NULL,2026-03-12 08:50:47.017,1311,1311,0,NR-No Report
26-018951,2026-03-12 08:32:26.000,11,THU,12,8,A,DAY,EARLY,POLICE,TRAFFIC STOP,2,OFFICER,"MCGECHEE, NICOLE","BONSU, VALERIE",2026-03-12 08:32:26.000,2026-03-12 08:32:44.000,2026-03-12 08:32:26.000,0,1,-1,2026-03-12 08:32:39.810,13,13,0,2026-03-12 08:32:26.000,0,NULL,0,2026-03-12 08:32:43.797,13,13,0,2026-03-12 08:32:43.797,4,3,1,2026-03-12 08:32:43.797,0,0,0,2026-03-12 08:50:44.277,2026-03-12 08:50:44.277,0,NULL,2026-03-12 08:50:44.343,1098,1098,0,CI-Citation
26-006146,2026-03-12 08:33:37.000,11,THU,12,8,A,DAY,EARLY,EMS,SICK PERSON BLS,10,E-911,"WALKER, LATITIA",Automatic Dispatch,2026-03-12 08:33:37.000,2026-03-12 08:35:26.000,2026-03-12 08:34:43.000,66,66,0,2026-03-12 08:34:46.090,3,3,0,2026-03-12 08:36:39.000,182,182,0,2026-03-12 08:35:31.953,69,69,0,2026-03-12 08:35:31.953,45,45,0,2026-03-12 08:39:30.220,239,238,1,2026-03-12 08:55:34.957,2026-03-12 09:30:12.500,0,NULL,2026-03-12 09:30:13.223,3395,3395,0,UNDEFINED
26-006147,2026-03-12 08:35:02.060,11,THU,12,8,A,DAY,EARLY,EMS,MUTUAL ALS,1,C2C,CAD to CAD Service 1,CAD to CAD Service 1,2026-03-12 08:34:06.000,NULL,2026-03-12 08:35:03.967,57,0,57,2026-03-12 08:35:04.483,1,0,1,NULL,NULL,NULL,NULL,2026-03-12 08:35:57.130,58,-9999,10057,2026-03-12 08:35:57.130,53,52,1,2026-03-12 08:39:47.247,230,230,0,2026-03-12 09:00:23.213,2026-03-12 10:03:32.693,0,NULL,2026-03-12 10:03:32.803,5366,5366,0,UNDEFINED
26-018952,2026-03-12 08:35:12.000,11,THU,12,8,A,DAY,EARLY,POLICE,DISORDERLY CONDUCT,2,E-911,"CRUZ, STEPHANIE","BONSU, VALERIE",2026-03-12 08:35:12.000,2026-03-12 08:35:49.000,2026-03-12 08:35:46.000,34,34,0,2026-03-12 08:36:09.813,23,23,0,2026-03-12 08:37:37.000,145,145,0,2026-03-12 08:36:22.670,57,57,0,2026-03-12 08:36:22.670,13,12,1,2026-03-12 08:43:27.870,425,425,0,2026-03-12 09:31:10.887,2026-03-12 09:31:14.370,0,NULL,2026-03-12 09:31:14.420,3362,3362,0,NR-No Report
26-018953,2026-03-12 08:38:09.000,11,THU,12,8,A,DAY,EARLY,POLICE,POLICE INFORMATION,4,Radio,"BONSU, VALERIE","BONSU, VALERIE",2026-03-12 08:38:09.000,2026-03-12 08:46:11.000,2026-03-12 08:38:21.000,12,12,0,2026-03-12 09:51:45.930,4404,4404,0,2026-03-12 08:38:54.000,45,45,0,2026-03-12 09:51:46.653,4416,4416,0,2026-03-12 09:51:46.653,1,0,1,2026-03-12 09:51:46.977,0,0,0,2026-03-12 09:51:49.043,2026-03-12 09:51:49.043,0,NULL,2026-03-12 09:51:49.123,4420,4420,0,RE-Report
26-018954,2026-03-12 08:51:13.000,11,THU,12,8,A,DAY,EARLY,POLICE,POLICE INFORMATION,4,Phone,"WALKER, LATITIA","WALKER, LATITIA",2026-03-12 08:51:12.000,2026-03-12 08:52:25.000,2026-03-12 08:51:30.000,18,17,1,2026-03-12 08:51:59.773,29,29,0,2026-03-12 08:51:31.000,19,18,1,2026-03-12 08:51:59.870,47,47,0,2026-03-12 08:51:59.870,0,0,0,2026-03-12 08:51:59.927,0,0,0,2026-03-12 18:30:25.350,2026-03-12 18:30:25.030,0,NULL,2026-03-12 18:30:25.030,34753,34753,0,RE-Report
26-018955,2026-03-12 08:52:00.000,11,THU,12,8,A,DAY,EARLY,POLICE,WARRANT SERVICE,2,Phone,"JONES, DAESHA",NULL,2026-03-12 08:51:58.000,2026-03-12 08:54:49.000,2026-03-12 08:53:49.000,111,109,2,2026-03-12 08:58:32.220,283,283,0,2026-03-12 08:56:48.000,290,288,2,2026-03-12 08:58:41.853,394,394,0,2026-03-12 08:58:41.853,9,9,0,2026-03-12 09:14:25.200,944,943,1,2026-03-12 10:15:42.787,2026-03-12 12:11:58.343,0,NULL,2026-03-12 12:11:58.427,12000,12000,0,RE-Report
26-018959,2026-03-12 09:03:46.000,11,THU,12,9,A,DAY,EARLY,POLICE,ALARM COMMERCIAL,2,Phone,"JONES, DAESHA","BONSU, VALERIE",2026-03-12 09:03:43.000,2026-03-12 09:05:05.000,2026-03-12 09:04:06.000,23,20,3,2026-03-12 09:06:55.673,169,169,0,2026-03-12 09:05:49.000,126,123,3,2026-03-12 09:09:12.480,192,192,0,2026-03-12 09:09:12.480,137,136,1,2026-03-12 09:26:48.193,1056,1055,1,2026-03-12 09:41:14.913,2026-03-12 09:41:14.913,0,NULL,2026-03-12 09:41:14.997,2251,2251,0,FALSE-False Alarm
26-018962,2026-03-12 09:15:55.000,11,THU,12,9,A,DAY,EARLY,POLICE,TRAFFIC STOP,2,OFFICER,"LARNERD, GRANT",NULL,2026-03-12 09:15:55.000,2026-03-12 09:16:05.000,2026-03-12 09:15:55.000,0,3,-3,2026-03-12 09:15:55.000,0,0,0,2026-03-12 09:15:55.000,0,NULL,0,2026-03-12 09:15:55.000,0,0,0,2026-03-12 09:15:55.000,0,0,0,2026-03-12 09:15:55.000,0,0,0,2026-03-12 09:28:33.633,2026-03-12 09:28:33.633,0,NULL,2026-03-12 09:28:33.743,758,758,0,NR-No Report
26-006148,2026-03-12 09:22:52.000,11,THU,12,9,A,DAY,EARLY,FIRE,FIRE ALARM,3,Phone,"LAWRENCE, MEGAN",Automatic Dispatch,2026-03-12 09:22:50.000,2026-03-12 09:24:07.000,2026-03-12 09:23:55.000,65,63,2,2026-03-12 09:23:57.540,2,2,0,2026-03-12 09:28:11.000,321,319,2,2026-03-12 09:25:00.543,67,67,0,2026-03-12 09:25:00.543,63,63,0,2026-03-12 09:28:36.973,216,216,0,2026-03-12 09:32:36.427,2026-03-12 09:32:36.427,0,NULL,2026-03-12 09:32:36.700,586,586,0,UNDEFINED
26-018969,2026-03-12 09:37:52.000,11,THU,12,9,A,DAY,EARLY,POLICE,TRESPASSING IN PROG,2,Phone,"LAWRENCE, MEGAN","BONSU, VALERIE",2026-03-12 09:37:50.000,2026-03-12 09:38:47.000,2026-03-12 09:38:22.000,32,30,2,2026-03-12 09:39:24.623,62,62,0,2026-03-12 09:45:11.000,441,439,2,2026-03-12 09:39:27.473,94,94,0,2026-03-12 09:39:27.473,3,2,1,2026-03-12 09:49:55.743,628,628,0,2026-03-12 10:23:17.810,2026-03-12 11:34:39.283,0,NULL,2026-03-12 11:34:39.933,7009,7009,0,RE-Report
26-018971,2026-03-12 09:39:45.000,11,THU,12,9,A,DAY,EARLY,POLICE,TROUBLE UNKNOWN EMS,2,E-911,"CRUZ, STEPHANIE","BONSU, VALERIE",2026-03-12 09:39:45.000,2026-03-12 09:40:42.000,2026-03-12 09:40:30.000,45,45,0,2026-03-12 09:41:05.593,35,35,0,2026-03-12 09:42:33.000,168,168,0,2026-03-12 09:41:22.727,80,80,0,2026-03-12 09:41:22.727,17,3,14,2026-03-12 09:47:53.583,391,390,1,2026-03-12 10:01:17.983,2026-03-12 10:03:01.630,0,NULL,2026-03-12 10:03:01.917,1396,1396,0,NR-No Report
26-006149,2026-03-12 09:40:32.000,11,THU,12,9,A,DAY,EARLY,EMS,UNKNOWN MEDICAL ALS 1,1,NOT CAPTURED,"CRUZ, STEPHANIE",Automatic Dispatch,2026-03-12 09:40:32.000,2026-03-12 09:40:54.000,2026-03-12 09:40:32.000,0,NULL,0,2026-03-12 09:40:34.690,2,2,0,2026-03-12 09:40:32.000,0,0,0,2026-03-12 09:41:05.970,2,2,0,2026-03-12 09:41:05.970,31,31,0,2026-03-12 09:46:48.987,343,343,0,2026-03-12 10:03:04.787,2026-03-12 10:39:53.043,0,NULL,2026-03-12 10:39:53.193,3561,3561,0,UNDEFINED
26-018972,2026-03-12 09:51:39.000,11,THU,12,9,A,DAY,EARLY,POLICE,PUBLIC SERVICE MULTI OFFICER,4,Phone,"JONES, DAESHA","FLOURNOY, ERICKA",2026-03-12 09:51:37.000,2026-03-12 09:59:17.000,2026-03-12 09:52:48.000,71,69,2,2026-03-12 10:55:51.460,3783,3783,0,2026-03-12 10:01:23.000,586,584,2,2026-03-12 10:58:00.600,3854,3854,0,2026-03-12 10:58:00.600,129,129,0,2026-03-12 10:59:22.993,82,82,0,2026-03-12 11:04:45.587,2026-03-12 11:04:45.587,0,NULL,2026-03-12 11:04:45.653,4388,4388,0,NR-No Report
26-006150,2026-03-12 09:56:29.000,11,THU,12,9,A,DAY,EARLY,EMS,STROKE ALS 2,1,E-911,"WALKER, LATITIA",Automatic Dispatch,2026-03-12 09:56:29.000,2026-03-12 09:57:42.000,2026-03-12 09:57:13.000,44,44,0,2026-03-12 09:57:16.397,3,3,0,2026-03-12 09:59:25.000,176,176,0,2026-03-12 09:58:12.507,47,47,0,2026-03-12 09:58:12.507,56,56,0,2026-03-12 10:02:25.243,253,252,1,2026-03-12 10:15:55.850,2026-03-12 11:08:51.353,0,NULL,2026-03-12 11:08:51.393,4342,4342,0,UNDEFINED
26-006151,2026-03-12 10:01:55.000,11,THU,12,10,A,DAY,MIDS,FIRE,ELEVATOR,3,E-911,"CRUZ, STEPHANIE",Automatic Dispatch,2026-03-12 10:01:54.000,2026-03-12 10:04:51.000,2026-03-12 10:02:44.000,50,49,1,2026-03-12 10:02:46.517,2,2,0,2026-03-12 10:09:44.000,470,469,1,2026-03-12 10:03:59.973,52,52,0,2026-03-12 10:03:59.973,73,73,0,2026-03-12 10:10:10.833,371,370,1,2026-03-12 10:23:55.090,2026-03-12 10:23:55.090,0,NULL,2026-03-12 10:23:55.153,1321,1321,0,RAF-Reassign FD Call
26-006152,2026-03-12 10:05:21.000,11,THU,12,10,A,DAY,MIDS,EMS,FALL BLS,3,E-911,"WALKER, LATITIA",Automatic Dispatch,2026-03-12 10:05:20.000,2026-03-12 10:07:13.000,2026-03-12 10:06:19.000,59,58,1,2026-03-12 10:06:21.957,2,2,0,2026-03-12 10:07:55.000,155,154,1,2026-03-12 10:06:26.753,61,61,0,2026-03-12 10:06:26.753,5,4,1,2026-03-12 10:11:38.850,312,312,0,2026-03-12 11:33:19.283,2026-03-12 11:33:19.283,0,NULL,2026-03-12 11:33:19.407,5279,5279,0,UNDEFINED
26-018973,2026-03-12 10:08:59.000,11,THU,12,10,A,DAY,MIDS,POLICE,WALK IN HQ LOBBY,3,Phone,"LAWRENCE, MEGAN","FLOURNOY, ERICKA",2026-03-12 10:08:58.000,2026-03-12 10:09:41.000,2026-03-12 10:09:16.000,18,17,1,2026-03-12 10:10:07.587,51,51,0,2026-03-12 10:10:59.000,121,120,1,2026-03-12 10:10:09.217,69,69,0,2026-03-12 10:10:09.217,2,1,1,2026-03-12 10:12:58.583,169,169,0,2026-03-12 10:22:07.260,2026-03-12 10:22:07.260,0,NULL,2026-03-12 10:22:07.390,789,789,0,NR-No Report
26-006154,2026-03-12 10:16:54.000,11,THU,12,10,A,DAY,MIDS,FIRE,HAZARD,3,E-911,"WALKER, LATITIA",Automatic Dispatch,2026-03-12 10:16:53.000,2026-03-12 10:18:17.000,2026-03-12 10:18:06.000,73,72,1,2026-03-12 10:18:08.630,2,2,0,2026-03-12 10:21:49.000,296,295,1,2026-03-12 10:18:18.463,75,75,0,2026-03-12 10:18:18.463,10,9,1,2026-03-12 10:22:48.547,270,270,0,2026-03-12 11:02:04.920,2026-03-12 11:02:04.920,0,NULL,2026-03-12 11:02:05.450,2711,2711,0,UNDEFINED
26-006153,2026-03-12 10:17:08.000,11,THU,12,10,A,DAY,MIDS,FIRE,OUTSIDE FIRE,3,E-911,"DEWBERRY, RE'KEYA",Automatic Dispatch,2026-03-12 10:17:08.000,2026-03-12 10:17:59.000,2026-03-12 10:17:47.000,39,39,0,2026-03-12 10:17:49.270,2,2,0,2026-03-12 10:26:54.000,586,586,0,2026-03-12 10:18:45.270,41,41,0,2026-03-12 10:18:45.270,56,55,1,2026-03-12 10:23:31.613,286,286,0,2026-03-12 10:45:23.053,2026-03-12 10:45:23.053,0,NULL,2026-03-12 10:45:23.603,1695,1695,0,UNDEFINED
26-006156,2026-03-12 10:18:11.000,11,THU,12,10,A,DAY,MIDS,FIRE,FIRE ALARM,3,Phone,"MAIORIELLO, BERMARI",Automatic Dispatch,2026-03-12 10:18:10.000,2026-03-12 10:19:31.000,2026-03-12 10:18:58.000,48,47,1,2026-03-12 10:19:02.310,4,4,0,2026-03-12 10:19:57.000,107,106,1,2026-03-12 10:20:42.767,52,52,0,2026-03-12 10:20:42.767,100,100,0,2026-03-12 10:26:04.923,322,322,0,2026-03-12 10:31:45.083,2026-03-12 10:31:45.083,0,NULL,2026-03-12 10:31:45.357,815,815,0,UNDEFINED
26-018977,2026-03-12 10:18:13.000,11,THU,12,10,A,DAY,MIDS,POLICE,HAZARD,2,E-911,"CRUZ, STEPHANIE","FLOURNOY, ERICKA",2026-03-12 10:18:13.000,2026-03-12 10:21:48.000,2026-03-12 10:19:06.000,53,53,0,2026-03-12 10:22:16.307,190,190,0,2026-03-12 10:19:30.000,77,77,0,2026-03-12 10:22:20.350,243,243,0,2026-03-12 10:22:20.350,4,4,0,2026-03-12 10:23:42.670,82,82,0,NULL,2026-03-12 11:20:35.000,0,NULL,NULL,3742,3742,0,DUPPD-Duplicate Police
26-006157,2026-03-12 10:18:30.000,11,THU,12,10,A,DAY,MIDS,FIRE,FIRE ALARM,3,Phone,"JONES, DAESHA",Automatic Dispatch,2026-03-12 10:18:28.000,2026-03-12 10:19:47.000,2026-03-12 10:19:03.000,35,33,2,2026-03-12 10:19:05.873,2,2,0,2026-03-12 10:20:39.000,131,129,2,2026-03-12 10:19:15.470,37,37,0,2026-03-12 10:19:15.470,10,9,1,2026-03-12 10:26:57.890,462,462,0,2026-03-12 10:40:24.160,2026-03-12 10:40:24.160,0,NULL,2026-03-12 10:40:25.043,1316,1316,0,UNDEFINED
26-018980,2026-03-12 10:18:56.000,11,THU,12,10,A,DAY,MIDS,POLICE,HAZARD,2,E-911,"BONSU, VALERIE",NULL,2026-03-12 10:18:56.000,2026-03-12 10:21:16.000,2026-03-12 10:20:03.000,67,67,0,2026-03-12 10:21:46.060,103,103,0,2026-03-12 10:21:12.000,136,136,0,2026-03-12 10:21:47.857,170,170,0,2026-03-12 10:21:47.857,1,1,0,2026-03-12 10:28:31.137,404,403,1,2026-03-12 10:45:00.157,2026-03-12 15:59:02.660,0,NULL,2026-03-12 15:59:03.090,20406,20406,0,NR-No Report
26-006158,2026-03-12 10:18:57.000,11,THU,12,10,A,DAY,MIDS,FIRE,FIRE ALARM,3,Phone,"PATTERSON, JAHAIRA",Automatic Dispatch,2026-03-12 10:18:57.000,2026-03-12 10:21:14.000,2026-03-12 10:19:22.000,25,25,0,2026-03-12 10:19:24.440,2,2,0,2026-03-12 10:22:13.000,196,196,0,2026-03-12 10:20:51.200,27,27,0,2026-03-12 10:20:51.200,87,86,1,2026-03-12 10:30:03.610,552,552,0,2026-03-12 10:41:14.487,2026-03-12 10:41:14.487,0,NULL,2026-03-12 10:41:15.247,1337,1337,0,UNDEFINED
26-018984,2026-03-12 10:20:31.000,11,THU,12,10,A,DAY,MIDS,POLICE,TRESPASSING IN PROG,2,Phone,"PATTERSON, JAHAIRA","FLOURNOY, ERICKA",2026-03-12 10:20:31.000,2026-03-12 10:40:58.000,2026-03-12 10:21:01.000,30,30,0,2026-03-12 10:41:16.610,1215,1215,0,2026-03-12 10:22:11.000,100,100,0,2026-03-12 10:41:18.440,1245,1245,0,2026-03-12 10:41:18.440,2,1,1,2026-03-12 10:42:57.910,99,99,0,2026-03-12 11:04:30.220,2026-03-12 11:05:14.860,0,NULL,2026-03-12 11:05:14.953,2683,2683,0,NR-No Report
26-006160,2026-03-12 10:22:24.000,11,THU,12,10,A,DAY,MIDS,FIRE,FIRE ALARM,3,Phone,"PATTERSON, JAHAIRA",Automatic Dispatch,2026-03-12 10:22:24.000,2026-03-12 10:24:37.000,2026-03-12 10:22:41.000,17,17,0,2026-03-12 10:22:43.270,2,2,0,2026-03-12 10:23:22.000,58,58,0,2026-03-12 10:24:47.457,19,19,0,2026-03-12 10:24:47.457,124,124,0,NULL,NULL,-9999,NULL,2026-03-12 10:26:33.687,2026-03-12 10:26:33.687,0,NULL,2026-03-12 10:26:34.600,249,249,0,UNDEFINED
26-006161,2026-03-12 10:25:51.000,11,THU,12,10,A,DAY,MIDS,FIRE,ELEVATOR,3,E-911,"BONSU, VALERIE","WALKER, KAREN",2026-03-12 10:25:50.000,NULL,2026-03-12 10:26:19.000,29,28,1,2026-03-12 10:26:21.997,2,2,0,2026-03-12 10:28:33.000,163,162,1,2026-03-12 10:26:59.773,31,31,0,2026-03-12 10:26:59.773,38,37,1,2026-03-12 10:40:05.233,786,785,1,2026-03-12 10:31:21.613,2026-03-12 10:49:07.027,0,NULL,2026-03-12 10:49:07.717,1397,1397,0,UNDEFINED
26-006162,2026-03-12 10:26:13.000,11,THU,12,10,A,DAY,MIDS,EMS,FACILITY BLS,3,E-911,"WELCH, KIMBERLY",Automatic Dispatch,2026-03-12 10:26:13.000,2026-03-12 10:31:28.000,2026-03-12 10:28:01.000,108,108,0,2026-03-12 10:28:04.420,3,3,0,2026-03-12 10:28:58.000,165,165,0,2026-03-12 10:28:20.330,111,111,0,2026-03-12 10:28:20.330,16,15,1,2026-03-12 10:33:13.623,293,293,0,2026-03-12 10:47:52.920,2026-03-12 11:41:46.100,0,NULL,2026-03-12 11:41:46.463,4533,4533,0,UNDEFINED
26-018992,2026-03-12 10:30:03.000,11,THU,12,10,A,DAY,MIDS,POLICE,SUSPICIOUS EVENT,2,E-911,"BONSU, VALERIE","FLOURNOY, ERICKA",2026-03-12 10:30:02.000,2026-03-12 10:38:26.000,2026-03-12 10:32:58.000,176,175,1,2026-03-12 10:40:23.727,445,445,0,2026-03-12 10:41:26.000,684,683,1,2026-03-12 10:40:25.953,621,621,0,2026-03-12 10:40:25.953,2,2,0,2026-03-12 10:40:57.177,32,31,1,2026-03-12 10:45:39.363,2026-03-12 10:45:43.087,0,NULL,2026-03-12 10:45:43.090,941,941,0,NR-No Report
26-018990,2026-03-12 10:30:34.000,11,THU,12,10,A,DAY,MIDS,POLICE,PARKING COMPLAINT,4,Phone,"LAWRENCE, MEGAN",NULL,2026-03-12 10:30:32.000,NULL,2026-03-12 10:30:51.000,19,17,2,2026-03-12 10:34:23.150,212,212,0,2026-03-12 10:31:57.000,85,83,2,2026-03-12 10:34:23.150,231,231,0,2026-03-12 10:34:23.150,0,-9999,9999,NULL,NULL,-9999,NULL,2026-03-12 10:34:37.707,2026-03-12 10:34:37.707,0,NULL,2026-03-12 10:34:38.340,245,245,0,NR-No Report
26-006163,2026-03-12 10:30:45.000,11,THU,12,10,A,DAY,MIDS,FIRE,FIRE ALARM,3,E-911,"CRUZ, STEPHANIE","WALKER, KAREN",2026-03-12 10:30:45.000,2026-03-12 10:32:22.000,2026-03-12 10:31:50.000,65,65,0,2026-03-12 10:35:37.240,227,227,0,2026-03-12 10:33:50.000,185,185,0,2026-03-12 10:35:42.080,292,292,0,2026-03-12 10:35:42.080,5,4,1,NULL,NULL,-9999,NULL,2026-03-12 10:48:56.743,2026-03-12 10:48:56.743,0,NULL,2026-03-12 10:48:57.030,1091,1091,0,UNDEFINED
26-018994,2026-03-12 10:33:11.000,11,THU,12,10,A,DAY,MIDS,POLICE,MVC PROPERTY DAMAGE,2,E-911,"WELCH, KIMBERLY","FLOURNOY, ERICKA",2026-03-12 10:33:10.000,2026-03-12 18:51:38.000,2026-03-12 10:35:10.000,120,119,1,2026-03-12 10:37:45.033,155,155,0,2026-03-12 10:35:41.000,151,150,1,2026-03-12 10:37:55.243,275,275,0,2026-03-12 10:37:55.243,10,10,0,2026-03-12 10:44:12.747,377,377,0,2026-03-12 11:09:51.053,2026-03-12 11:09:51.053,1,2026-03-12 16:57:21.973,2026-03-12 19:04:48.893,2201,30698,-28497,RE-Report
26-018993,2026-03-12 10:34:58.000,11,THU,12,10,A,DAY,MIDS,POLICE,FLAG DOWN,2,OFFICER,"NORTH, JASON W",NULL,2026-03-12 10:34:58.000,NULL,2026-03-12 10:34:58.000,0,1,-1,2026-03-12 10:34:58.000,0,0,0,2026-03-12 10:34:58.000,0,NULL,0,2026-03-12 10:34:58.000,0,0,0,2026-03-12 10:34:58.000,0,0,0,2026-03-12 10:34:58.000,0,0,0,2026-03-12 10:36:06.107,2026-03-12 10:36:06.107,0,NULL,2026-03-12 10:36:06.207,68,68,0,NR-No Report
26-006165,2026-03-12 10:37:37.000,11,THU,12,10,A,DAY,MIDS,EMS,TROUBLE BREATHING ALS 1,1,E-911,"WALKER, LATITIA","WALKER, KAREN",2026-03-12 10:37:37.000,2026-03-12 10:39:07.000,2026-03-12 10:38:28.000,51,51,0,2026-03-12 10:39:14.743,46,46,0,2026-03-12 10:39:39.000,122,122,0,2026-03-12 10:39:20.033,97,97,0,2026-03-12 10:39:20.033,6,5,1,2026-03-12 10:42:38.963,198,198,0,2026-03-12 11:13:18.650,2026-03-12 11:45:54.330,0,NULL,2026-03-12 11:45:54.440,4097,4097,0,UNDEFINED
26-018997,2026-03-12 10:46:25.000,11,THU,12,10,A,DAY,MIDS,POLICE,ALARM COMMERCIAL,1,Phone,"MAIORIELLO, BERMARI","FLOURNOY, ERICKA",2026-03-12 10:46:23.000,2026-03-12 10:48:07.000,2026-03-12 10:47:18.000,55,53,2,2026-03-12 10:52:16.397,298,298,0,2026-03-12 10:48:55.000,152,150,2,2026-03-12 10:52:22.323,353,353,0,2026-03-12 10:52:22.323,6,5,1,2026-03-12 10:55:58.917,216,216,0,2026-03-12 10:58:42.477,2026-03-12 10:59:23.740,0,NULL,2026-03-12 10:59:23.807,780,780,0,FALSE-False Alarm
26-018999,2026-03-12 10:55:38.000,11,THU,12,10,A,DAY,MIDS,POLICE,ASSIST CITIZEN DELAY,4,Phone,"WALKER, LATITIA","FLOURNOY, ERICKA",2026-03-12 10:55:36.000,2026-03-12 10:57:19.000,2026-03-12 10:56:13.000,37,35,2,2026-03-12 11:09:43.190,810,810,0,2026-03-12 10:57:07.000,91,89,2,2026-03-12 11:09:47.390,847,847,0,2026-03-12 11:09:47.390,4,4,0,2026-03-12 11:15:47.200,360,359,1,2026-03-12 11:45:13.733,2026-03-12 11:45:13.733,0,NULL,2026-03-12 11:45:13.897,2977,2977,0,NR-No Report
26-006166,2026-03-12 10:57:35.000,11,THU,12,10,A,DAY,MIDS,FIRE,FIRE ALARM,3,Phone,"PERALTA, ANNETTE",Automatic Dispatch,2026-03-12 10:57:33.000,2026-03-12 10:59:15.000,2026-03-12 10:58:53.000,80,78,2,2026-03-12 10:58:56.060,3,3,0,2026-03-12 10:59:05.000,92,90,2,2026-03-12 10:59:49.327,83,83,0,2026-03-12 10:59:49.327,53,53,0,2026-03-12 11:02:27.790,158,158,0,2026-03-12 11:05:30.713,2026-03-12 11:05:30.713,0,NULL,2026-03-12 11:05:31.033,477,477,0,UNDEFINED
26-019000,2026-03-12 11:01:50.000,11,THU,12,11,A,DAY,MIDS,POLICE,POLICE INFORMATION,4,Phone,"CRUZ, STEPHANIE","FLOURNOY, ERICKA",2026-03-12 11:01:48.000,2026-03-12 11:05:00.000,2026-03-12 11:02:37.000,49,47,2,2026-03-12 11:10:10.240,453,453,0,2026-03-12 11:04:13.000,145,143,2,2026-03-12 11:10:16.090,502,502,0,2026-03-12 11:10:16.090,6,5,1,2026-03-12 12:27:08.377,4612,4612,0,2026-03-12 11:10:48.490,2026-03-12 15:31:18.940,0,NULL,2026-03-12 15:31:19.013,16170,16170,0,RE-Report
26-006167,2026-03-12 11:05:34.000,11,THU,12,11,A,DAY,MIDS,FIRE,FIRE ALARM,3,Phone,"BONSU, VALERIE",Automatic Dispatch,2026-03-12 11:05:34.000,2026-03-12 11:08:09.000,2026-03-12 11:07:44.000,130,130,0,2026-03-12 11:07:46.353,2,2,0,2026-03-12 11:07:48.000,134,134,0,2026-03-12 11:08:04.750,132,132,0,2026-03-12 11:08:04.750,18,18,0,NULL,NULL,-9999,NULL,2026-03-12 11:11:19.167,2026-03-12 11:11:19.167,0,NULL,2026-03-12 11:11:19.307,345,345,0,UNDEFINED
26-006168,2026-03-12 11:06:26.000,11,THU,12,11,A,DAY,MIDS,EMS,PUBLIC SERVICE EMS,4,Phone,"MAIORIELLO, BERMARI",Automatic Dispatch,2026-03-12 11:06:25.000,2026-03-12 11:09:44.000,2026-03-12 11:09:19.000,174,173,1,2026-03-12 11:09:21.253,2,2,0,2026-03-12 11:10:33.000,248,247,1,2026-03-12 11:09:59.827,176,176,0,2026-03-12 11:09:59.827,38,38,0,2026-03-12 11:17:27.567,448,447,1,2026-03-12 11:30:05.523,2026-03-12 11:30:05.523,0,NULL,2026-03-12 11:30:05.973,1420,1420,0,UNDEFINED
26-019002,2026-03-12 11:06:38.000,11,THU,12,11,A,DAY,MIDS,POLICE,POLICE INFORMATION,4,Phone,"JONES, DAESHA","JONES, DAESHA",2026-03-12 11:06:36.000,2026-03-12 11:07:24.927,2026-03-12 11:06:59.000,23,21,2,2026-03-12 11:07:24.240,25,25,0,2026-03-12 11:07:02.000,26,24,2,2026-03-12 11:08:59.717,48,48,0,2026-03-12 11:08:59.717,95,95,0,2026-03-12 11:08:59.717,0,0,0,2026-03-12 12:56:30.260,2026-03-12 12:56:30.260,0,NULL,2026-03-12 12:56:30.337,6594,6594,0,RE-Report
26-019004,2026-03-12 11:13:03.000,11,THU,12,11,A,DAY,MIDS,POLICE,PARKING COMPLAINT,4,Phone,"WELCH, KIMBERLY",NULL,2026-03-12 11:13:01.000,2026-03-12 14:10:36.000,2026-03-12 11:14:55.000,114,112,2,2026-03-12 15:15:40.673,14445,14445,0,2026-03-12 11:15:59.000,178,176,2,2026-03-12 15:15:40.673,14559,14559,0,2026-03-12 15:15:40.673,0,0,0,2026-03-12 15:17:44.843,124,124,0,2026-03-12 15:32:17.160,2026-03-12 15:32:17.160,0,NULL,2026-03-12 15:32:17.847,15556,15556,0,NR-No Report
26-019007,2026-03-12 11:19:14.000,11,THU,12,11,A,DAY,MIDS,POLICE,TRESPASSING IN PROG,2,Phone,"LAWRENCE, MEGAN","FLOURNOY, ERICKA",2026-03-12 11:19:13.000,2026-03-12 11:19:54.000,2026-03-12 11:19:37.000,24,23,1,2026-03-12 11:21:55.557,138,138,0,2026-03-12 11:22:14.000,181,180,1,2026-03-12 11:21:58.707,162,162,0,2026-03-12 11:21:58.707,3,3,0,2026-03-12 11:28:11.447,373,372,1,2026-03-12 11:34:37.853,2026-03-12 11:38:09.787,0,NULL,2026-03-12 11:38:09.843,1136,1136,0,NR-No Report
26-019008,2026-03-12 11:22:44.000,11,THU,12,11,A,DAY,MIDS,POLICE,MVC PROPERTY DAMAGE,2,E-911,"CRUZ, STEPHANIE","FLOURNOY, ERICKA",2026-03-12 11:22:44.000,2026-03-12 11:28:44.000,2026-03-12 11:27:12.000,268,268,0,2026-03-12 11:28:38.180,86,86,0,2026-03-12 11:29:04.000,380,380,0,2026-03-12 11:28:41.560,354,354,0,2026-03-12 11:28:41.560,3,3,0,2026-03-12 11:35:26.857,405,405,0,2026-03-12 11:48:10.593,2026-03-12 11:48:10.593,0,NULL,2026-03-12 11:48:10.720,1526,1526,0,NR-No Report
26-019009,2026-03-12 11:22:49.000,11,THU,12,11,A,DAY,MIDS,POLICE,911 HANG UP,2,E-911,"PERALTA, ANNETTE","FLOURNOY, ERICKA",2026-03-12 11:22:49.000,2026-03-12 11:29:03.000,2026-03-12 11:27:38.000,289,289,0,2026-03-12 11:32:55.573,317,317,0,2026-03-12 11:32:31.000,582,582,0,2026-03-12 11:33:03.797,606,606,0,2026-03-12 11:33:03.797,8,8,0,2026-03-12 11:37:25.637,262,261,1,NULL,2026-03-12 11:48:27.000,0,NULL,NULL,1538,1538,0,NR-No Report
26-019010,2026-03-12 11:27:52.000,11,THU,12,11,A,DAY,MIDS,POLICE,DOMESTIC VIOL DELAY,4,Phone,"JONES, DAESHA","FLOURNOY, ERICKA",2026-03-12 11:27:50.000,2026-03-12 11:34:47.000,2026-03-12 11:30:32.000,162,160,2,2026-03-12 11:36:48.877,376,376,0,2026-03-12 11:36:39.000,529,527,2,2026-03-12 11:36:50.753,538,538,0,2026-03-12 11:36:50.753,2,1,1,2026-03-12 11:51:29.573,879,878,1,2026-03-12 12:07:17.830,2026-03-12 12:18:24.937,0,NULL,2026-03-12 12:18:25.503,3034,3034,0,NR-No Report
26-006169,2026-03-12 11:29:36.557,11,THU,12,11,A,DAY,MIDS,FIRE,MUTUAL FIRE ALARM,1,C2C,CAD to CAD Service 1,CAD to CAD Service 1,2026-03-12 11:27:55.000,NULL,2026-03-12 11:29:37.243,102,0,102,2026-03-12 11:29:37.323,0,0,0,NULL,NULL,NULL,NULL,2026-03-12 11:30:19.557,102,-9999,10101,2026-03-12 11:30:19.557,42,39,3,NULL,NULL,-9999,NULL,2026-03-12 11:32:43.680,2026-03-12 11:32:56.220,0,NULL,2026-03-12 11:32:56.733,301,301,0,UNDEFINED
26-006170,2026-03-12 11:30:41.000,11,THU,12,11,A,DAY,MIDS,EMS,FACILITY BLS,3,E-911,"WELCH, KIMBERLY",Automatic Dispatch,2026-03-12 11:30:41.000,2026-03-12 11:32:37.000,2026-03-12 11:32:21.000,100,100,0,2026-03-12 11:32:23.850,2,2,0,2026-03-12 11:32:46.000,125,125,0,2026-03-12 11:33:38.610,102,102,0,2026-03-12 11:33:38.610,75,74,1,2026-03-12 11:38:16.323,278,277,1,2026-03-12 11:52:07.567,2026-03-12 12:52:21.790,0,NULL,2026-03-12 12:52:21.867,4900,4900,0,CAD2CAD
26-019012,2026-03-12 11:44:23.000,11,THU,12,11,A,DAY,MIDS,POLICE,ANIMAL BITE ANIMAL DELAY,3,Phone,"JONES, DAESHA","WALKER, LATITIA",2026-03-12 11:44:23.000,2026-03-12 11:49:42.000,2026-03-12 11:46:38.000,135,135,0,2026-03-12 12:05:35.073,1137,1137,0,2026-03-12 11:49:11.000,288,288,0,2026-03-12 12:05:35.180,1272,1272,0,2026-03-12 12:05:35.180,0,0,0,2026-03-12 12:05:35.237,0,0,0,2026-03-12 12:10:32.123,2026-03-12 12:10:32.123,0,NULL,2026-03-12 12:10:32.207,1569,1569,0,ACOR-Animal Control Report
26-019011,2026-03-12 11:44:25.000,11,THU,12,11,A,DAY,MIDS,POLICE,LARCENY COMM IN PROG,2,Phone,"MAIORIELLO, BERMARI",NULL,2026-03-12 11:44:23.000,2026-03-12 11:47:24.000,2026-03-12 11:45:19.000,56,54,2,2026-03-12 11:48:58.067,219,219,0,2026-03-12 11:50:24.000,361,359,2,2026-03-12 11:48:58.067,275,275,0,2026-03-12 11:48:58.067,0,-9999,9999,2026-03-12 11:50:18.250,80,80,0,2026-03-12 12:17:13.443,2026-03-12 16:13:19.903,0,NULL,2026-03-12 16:13:20.057,16136,16136,0,RE-Report
26-006171,2026-03-12 11:44:27.000,11,THU,12,11,A,DAY,MIDS,FIRE,GAS LEAK - INSIDE,1,E-911,"CRUZ, STEPHANIE",Automatic Dispatch,2026-03-12 11:44:27.000,2026-03-12 11:45:53.000,2026-03-12 11:45:29.000,62,62,0,2026-03-12 11:45:32.417,3,3,0,2026-03-12 11:47:54.000,207,207,0,2026-03-12 11:46:00.000,65,65,0,2026-03-12 11:46:00.000,28,27,1,2026-03-12 11:48:31.760,151,151,0,2026-03-12 11:53:21.623,2026-03-12 12:44:41.850,0,NULL,2026-03-12 12:44:41.967,3614,3614,0,UNDEFINED
26-019013,2026-03-12 11:47:48.000,11,THU,12,11,A,DAY,MIDS,POLICE,LARCENY OTHER DELAY,3,Phone,"BONSU, VALERIE",NULL,2026-03-12 11:47:47.000,2026-03-12 12:00:47.000,2026-03-12 11:50:55.000,188,187,1,2026-03-12 12:17:33.703,1598,1598,0,2026-03-12 12:00:18.000,751,750,1,2026-03-12 12:17:37.427,1786,1786,0,2026-03-12 12:17:37.427,4,3,1,2026-03-12 12:32:38.453,901,901,0,2026-03-12 17:53:35.393,2026-03-12 17:53:35.393,0,NULL,2026-03-12 17:53:35.540,21948,21948,0,RE-Report
26-019015,2026-03-12 11:48:18.000,11,THU,12,11,A,DAY,MIDS,POLICE,PUBLIC SERVICE ONE OFFICER,4,Phone,"PERALTA, ANNETTE",NULL,2026-03-12 11:48:16.000,2026-03-12 12:05:59.000,2026-03-12 11:55:29.000,433,431,2,2026-03-12 12:12:10.590,1001,1001,0,2026-03-12 11:56:00.000,464,462,2,2026-03-12 12:12:10.657,1434,1434,0,2026-03-12 12:12:10.657,0,0,0,2026-03-12 12:16:05.160,235,234,1,2026-03-12 12:49:20.963,2026-03-12 13:13:46.780,0,NULL,2026-03-12 13:13:46.900,5130,5130,0,NR-No Report
26-019014,2026-03-12 11:51:42.000,11,THU,12,11,A,DAY,MIDS,POLICE,TRNSPORT PRISONER JAIL TO JAIL,4,OFFICER,"FLOURNOY, ERICKA","FLOURNOY, ERICKA",2026-03-12 11:51:42.000,2026-03-12 11:51:55.000,2026-03-12 11:51:42.000,0,0,0,2026-03-12 11:51:42.000,0,0,0,2026-03-12 11:51:42.000,0,0,0,2026-03-12 11:53:11.290,0,0,0,2026-03-12 11:51:42.000,0,0,0,2026-03-12 11:51:42.000,0,0,0,2026-03-12 12:09:13.963,2026-03-12 12:09:17.037,0,NULL,2026-03-12 12:09:17.460,1055,1055,0,NR-No Report
26-019017,2026-03-12 12:00:00.000,11,THU,12,12,A,DAY,MIDS,POLICE,MVC PROPERTY DAMAGE,2,E-911,"PERALTA, ANNETTE","WALKER, LATITIA",2026-03-12 11:59:59.000,2026-03-12 12:02:57.000,2026-03-12 12:01:46.000,107,106,1,2026-03-12 12:13:05.887,679,679,0,2026-03-12 12:01:59.000,120,119,1,2026-03-12 12:13:37.220,786,786,0,2026-03-12 12:13:37.220,32,31,1,2026-03-12 12:28:11.780,874,874,0,2026-03-12 12:42:21.477,2026-03-12 12:42:21.477,0,NULL,2026-03-12 12:42:21.577,2542,2542,0,NR-No Report
26-019019,2026-03-12 12:06:23.000,11,THU,12,12,A,DAY,MIDS,POLICE,DISORDERLY CONDUCT,2,Phone,"LAWRENCE, MEGAN","WALKER, LATITIA",2026-03-12 12:06:22.000,2026-03-12 12:07:02.000,2026-03-12 12:06:55.000,33,32,1,2026-03-12 12:07:47.733,52,52,0,2026-03-12 12:06:55.000,33,NULL,33,2026-03-12 12:07:53.170,85,85,0,2026-03-12 12:07:53.170,6,5,1,2026-03-12 12:09:47.213,114,114,0,2026-03-12 12:23:34.317,2026-03-12 12:23:36.437,0,NULL,2026-03-12 12:23:36.513,1034,1034,0,NR-No Report
26-006172,2026-03-12 12:08:07.980,11,THU,12,12,A,DAY,MIDS,EMS,MUTUAL BLS,1,C2C,CAD to CAD Service 1,CAD to CAD Service 1,2026-03-12 12:05:58.000,NULL,2026-03-12 12:08:10.090,132,0,132,2026-03-12 12:08:10.760,0,0,0,NULL,NULL,NULL,NULL,2026-03-12 12:09:21.890,132,-9999,10131,2026-03-12 12:09:21.890,71,71,0,2026-03-12 12:15:24.873,363,362,1,2026-03-12 12:36:39.080,2026-03-12 12:39:58.777,0,NULL,2026-03-12 12:39:59.063,2040,2040,0,UNDEFINED
26-019020,2026-03-12 12:20:53.000,11,THU,12,12,A,DAY,MIDS,POLICE,ASSIST CITIZEN PROMPT,3,Phone,"CRUZ, STEPHANIE","BONSU, VALERIE",2026-03-12 12:20:51.000,2026-03-12 15:32:34.000,2026-03-12 12:29:04.000,493,491,2,2026-03-12 15:47:51.623,11927,920,11007,2026-03-12 12:31:50.000,659,657,2,2026-03-12 15:47:58.843,12420,12420,0,2026-03-12 15:47:58.843,7,7,0,2026-03-12 16:03:45.503,947,946,1,2026-03-12 16:30:20.023,2026-03-12 12:31:50.000,1,2026-03-12 15:32:31.130,2026-03-12 16:30:20.093,659,14969,-14310,NR-No Report
26-006173,2026-03-12 12:29:31.830,11,THU,12,12,A,DAY,MIDS,FIRE,MUTUAL MVC,1,C2C,CAD to CAD Service 1,CAD to CAD Service 1,2026-03-12 12:24:37.000,2026-03-12 12:29:54.000,2026-03-12 12:29:32.627,295,0,295,2026-03-12 12:29:32.687,0,0,0,NULL,NULL,NULL,NULL,2026-03-12 12:29:43.600,295,363,-68,2026-03-12 12:29:43.600,11,0,11,NULL,NULL,-9999,NULL,2026-03-12 12:32:54.980,2026-03-12 12:56:24.563,0,NULL,2026-03-12 12:56:24.593,1907,1907,0,CAD2CAD
26-006174,2026-03-12 12:31:12.000,11,THU,12,12,A,DAY,MIDS,FIRE,FIRE ALARM,3,Phone,"BONSU, VALERIE",Automatic Dispatch,2026-03-12 12:31:10.000,2026-03-12 12:33:09.000,2026-03-12 12:32:29.000,79,77,2,2026-03-12 12:32:32.040,3,3,0,2026-03-12 12:32:39.000,89,87,2,2026-03-12 12:32:47.687,82,82,0,2026-03-12 12:32:47.687,15,15,0,2026-03-12 12:36:38.967,231,231,0,2026-03-12 12:57:59.063,2026-03-12 12:57:59.063,0,NULL,2026-03-12 12:57:59.377,1609,1609,0,UNDEFINED
26-019021,2026-03-12 12:31:21.000,11,THU,12,12,A,DAY,MIDS,POLICE,MVC CITY PROPERTY DAMAGE,2,OFFICER,"WELCH, KIMBERLY",NULL,2026-03-12 12:31:21.000,2026-03-12 12:31:28.000,2026-03-12 12:31:21.000,0,0,0,2026-03-12 12:31:21.000,0,0,0,2026-03-12 12:31:21.000,0,0,0,2026-03-12 12:47:09.150,0,0,0,2026-03-12 12:31:21.000,0,0,0,2026-03-12 12:31:21.000,0,0,0,2026-03-12 14:13:47.110,2026-03-12 14:44:39.440,0,NULL,2026-03-12 14:44:39.497,7998,7998,0,RE-Report
26-019023,2026-03-12 12:33:25.000,11,THU,12,12,A,DAY,MIDS,POLICE,PARKING COMPLAINT,3,Phone,"PERALTA, ANNETTE",NULL,2026-03-12 12:33:22.000,2026-03-12 14:10:09.000,2026-03-12 12:36:19.000,177,174,3,2026-03-12 15:03:52.783,8853,8853,0,2026-03-12 12:37:18.000,236,233,3,2026-03-12 15:03:52.783,9030,9030,0,2026-03-12 15:03:52.783,0,-9999,9999,2026-03-12 15:11:35.007,463,462,1,2026-03-12 15:15:30.043,2026-03-12 15:15:30.043,0,NULL,2026-03-12 15:15:30.403,9728,9728,0,NR-No Report
26-006175,2026-03-12 12:58:14.820,11,THU,12,12,A,DAY,MIDS,FIRE,MUTUAL MVC,1,C2C,CAD to CAD Service 1,CAD to CAD Service 1,2026-03-12 12:52:52.000,NULL,2026-03-12 12:58:15.417,323,0,323,2026-03-12 12:58:15.493,0,0,0,NULL,NULL,NULL,NULL,2026-03-12 12:58:24.263,323,966,-643,2026-03-12 12:58:24.263,9,8,1,2026-03-12 13:03:08.333,284,284,0,2026-03-12 13:08:02.543,2026-03-12 14:19:13.183,0,NULL,2026-03-12 14:19:13.247,5181,5181,0,CAD2CAD
26-019028,2026-03-12 13:01:56.000,11,THU,12,13,A,DAY,MIDS,POLICE,ASSAULT NO INJURY DELAY,4,Phone,"JONES, DAESHA","WALKER, LATITIA",2026-03-12 13:01:55.000,2026-03-12 13:04:54.000,2026-03-12 13:02:46.000,51,50,1,2026-03-12 13:04:50.083,124,124,0,2026-03-12 13:07:10.000,315,314,1,2026-03-12 13:04:50.147,175,175,0,2026-03-12 13:04:50.147,0,0,0,2026-03-12 13:24:26.140,1176,1175,1,2026-03-12 13:25:18.420,2026-03-12 13:25:18.420,0,NULL,2026-03-12 13:25:18.530,1403,1403,0,NR-No Report
26-019027,2026-03-12 13:02:42.000,11,THU,12,13,A,DAY,MIDS,POLICE,WARRANT SERVICE,4,Radio,"WALKER, LATITIA","WALKER, LATITIA",2026-03-12 13:02:42.000,2026-03-12 13:27:45.000,2026-03-12 13:02:42.000,0,0,0,2026-03-12 13:02:42.000,0,0,0,2026-03-12 13:02:42.000,0,0,0,2026-03-12 13:27:38.603,0,0,0,2026-03-12 13:02:42.000,0,0,0,2026-03-12 13:02:42.000,0,0,0,2026-03-12 13:19:30.587,2026-03-12 13:19:30.587,1,2026-03-12 13:27:30.080,2026-03-12 14:23:14.303,1008,4831,-3823,RE-Report
26-006176,2026-03-12 13:03:28.000,11,THU,12,13,A,DAY,MIDS,FIRE,HAZARD,3,Radio,"WALKER, LATITIA",Automatic Dispatch,2026-03-12 13:03:26.000,2026-03-12 13:04:44.000,2026-03-12 13:04:00.000,34,32,2,2026-03-12 13:04:02.603,2,2,0,2026-03-12 13:04:13.000,47,45,2,2026-03-12 13:05:06.713,36,36,0,2026-03-12 13:05:06.713,64,64,0,2026-03-12 13:08:40.970,214,214,0,2026-03-12 13:15:58.187,2026-03-12 13:15:58.187,0,NULL,2026-03-12 13:15:58.330,752,752,0,UNDEFINED
26-006178,2026-03-12 13:17:07.000,11,THU,12,13,A,DAY,MIDS,EMS,TROUBLE BREATHING ALS 1,1,E-911,"CRUZ, STEPHANIE",Automatic Dispatch,2026-03-12 13:17:07.000,2026-03-12 13:21:55.000,2026-03-12 13:21:32.000,265,265,0,2026-03-12 13:21:35.820,3,3,0,2026-03-12 13:21:32.000,265,NULL,265,2026-03-12 13:23:00.487,268,268,0,2026-03-12 13:23:00.487,85,84,1,2026-03-12 13:27:16.553,256,256,0,2026-03-12 13:34:29.540,2026-03-12 14:22:20.987,0,NULL,2026-03-12 14:22:21.303,3913,3913,0,UNDEFINED
26-006177,2026-03-12 13:18:38.480,11,THU,12,13,A,DAY,MIDS,FIRE,MUTUAL FIRE ALARM,1,C2C,CAD to CAD Service 1,CAD to CAD Service 1,2026-03-12 13:16:38.000,NULL,2026-03-12 13:18:40.623,122,0,122,2026-03-12 13:18:40.780,0,0,0,NULL,NULL,NULL,NULL,2026-03-12 13:19:12.823,122,246,-124,2026-03-12 13:19:12.823,32,32,0,2026-03-12 13:23:52.670,280,279,1,2026-03-12 13:20:56.013,2026-03-12 13:24:50.683,0,NULL,2026-03-12 13:24:50.777,492,492,0,CAD2CAD
26-019030,2026-03-12 13:21:02.000,11,THU,12,13,A,DAY,MIDS,POLICE,WARRANT SERVICE,4,OFFICER,"PERALTA, ANNETTE","PERALTA, ANNETTE",2026-03-12 13:21:00.000,2026-03-12 13:23:54.000,2026-03-12 13:23:38.000,158,156,2,2026-03-12 13:24:01.483,23,23,0,2026-03-12 13:23:38.000,158,NULL,158,2026-03-12 13:24:01.657,181,181,0,2026-03-12 13:24:01.657,0,0,0,2026-03-12 13:24:01.743,0,0,0,2026-03-12 13:24:46.770,2026-03-12 13:24:46.770,0,NULL,2026-03-12 13:24:46.883,226,226,0,RE-Report
26-019031,2026-03-12 13:27:49.000,11,THU,12,13,A,DAY,MIDS,POLICE,DOMESTIC VIOL NO INJ,2,E-911,"FLOURNOY, ERICKA","WALKER, LATITIA",2026-03-12 13:27:49.000,2026-03-12 13:28:53.000,2026-03-12 13:28:43.000,54,54,0,2026-03-12 13:28:58.827,15,15,0,2026-03-12 13:35:29.000,460,460,0,2026-03-12 13:29:00.970,69,69,0,2026-03-12 13:29:00.970,2,2,0,2026-03-12 13:33:59.600,299,298,1,2026-03-12 14:06:17.917,2026-03-12 16:58:47.863,0,NULL,2026-03-12 16:58:47.923,12658,12658,0,RE-Report
26-006179,2026-03-12 13:28:21.477,11,THU,12,13,A,DAY,MIDS,EMS,MUTUAL ALS,1,C2C,CAD to CAD Service 1,CAD to CAD Service 1,2026-03-12 13:26:19.000,NULL,2026-03-12 13:28:22.120,123,0,123,2026-03-12 13:28:22.180,0,0,0,NULL,NULL,NULL,NULL,2026-03-12 13:28:45.827,123,147,-24,2026-03-12 13:28:45.827,23,19,4,2026-03-12 13:34:31.137,346,345,1,2026-03-12 13:30:06.337,2026-03-12 14:58:10.773,0,NULL,2026-03-12 14:58:10.837,5511,5511,0,CAD2CAD
26-019035,2026-03-12 13:28:56.000,11,THU,12,13,A,DAY,MIDS,POLICE,PARKING COMPLAINT,4,Phone,"PATTERSON, JAHAIRA",NULL,2026-03-12 13:28:55.000,NULL,2026-03-12 13:37:03.000,488,487,1,2026-03-12 13:59:37.193,1354,1354,0,2026-03-12 13:37:07.000,492,491,1,2026-03-12 13:59:37.193,1842,1842,0,2026-03-12 13:59:37.193,0,0,0,2026-03-12 14:00:10.130,33,32,1,2026-03-12 14:26:37.697,2026-03-12 14:26:37.697,0,NULL,2026-03-12 14:26:37.867,3462,3462,0,CI-Citation
26-019034,2026-03-12 13:30:23.000,11,THU,12,13,A,DAY,MIDS,POLICE,911 HANG UP,2,E-911,"PERALTA, ANNETTE","WALKER, LATITIA",2026-03-12 13:30:23.000,2026-03-12 13:35:08.000,2026-03-12 13:34:32.000,249,249,0,2026-03-12 13:49:05.230,873,873,0,2026-03-12 13:34:44.000,261,261,0,2026-03-12 13:49:08.407,1122,1122,0,2026-03-12 13:49:08.407,3,3,0,2026-03-12 13:58:03.050,535,534,1,2026-03-12 14:22:39.640,2026-03-12 14:37:01.830,0,NULL,2026-03-12 14:37:01.957,3998,3998,0,NR-No Report
26-019033,2026-03-12 13:30:47.000,11,THU,12,13,A,DAY,MIDS,POLICE,FALSE PRETENSE/SWINDLE DELAY,4,Phone,"LAWRENCE, MEGAN","LEWIS, LESLIE",2026-03-12 13:30:45.000,2026-03-12 13:32:26.000,2026-03-12 13:32:03.000,78,76,2,2026-03-12 22:11:21.667,31158,31158,0,2026-03-12 13:40:41.000,596,594,2,2026-03-12 22:11:32.310,31236,31236,0,2026-03-12 22:11:32.310,11,10,1,NULL,NULL,-9999,NULL,2026-03-12 22:13:26.223,2026-03-12 22:13:26.223,0,NULL,2026-03-12 22:13:26.320,31361,31361,0,NR-No Report
26-019037,2026-03-12 13:41:25.000,11,THU,12,13,A,DAY,MIDS,POLICE,ALARM RESIDENTIAL,2,Text,"PERALTA, ANNETTE","WALKER, LATITIA",2026-03-12 13:41:23.000,2026-03-12 13:43:53.000,2026-03-12 13:42:53.000,90,88,2,2026-03-12 13:44:36.277,103,103,0,2026-03-12 13:43:41.000,138,136,2,2026-03-12 13:44:36.323,193,193,0,2026-03-12 13:44:36.323,0,0,0,2026-03-12 13:54:32.450,596,596,0,2026-03-12 14:13:22.333,2026-03-12 14:13:22.333,0,NULL,2026-03-12 14:13:22.757,1919,1919,0,NR-No Report
26-019036,2026-03-12 13:42:12.000,11,THU,12,13,A,DAY,MIDS,POLICE,SUSPICIOUS EVENT,2,Phone,"CRUZ, STEPHANIE","WALKER, LATITIA",2026-03-12 13:42:10.000,2026-03-12 13:42:39.000,2026-03-12 13:42:32.000,22,20,2,2026-03-12 13:43:07.897,35,35,0,2026-03-12 13:46:38.000,268,266,2,2026-03-12 13:43:13.757,57,57,0,2026-03-12 13:43:13.757,6,5,1,2026-03-12 13:50:43.267,450,449,1,2026-03-12 13:43:26.750,2026-03-12 13:57:22.027,0,NULL,2026-03-12 13:57:22.027,912,913,-1,NR-No Report
26-006180,2026-03-12 13:45:04.723,11,THU,12,13,A,DAY,MIDS,FIRE,MUTUAL FIRE ALARM,1,C2C,CAD to CAD Service 1,CAD to CAD Service 1,2026-03-12 13:24:56.000,2026-03-12 13:45:26.000,2026-03-12 13:45:05.427,1209,0,1209,2026-03-12 13:45:05.503,0,0,0,NULL,NULL,NULL,NULL,2026-03-12 13:45:12.210,1209,-9999,11208,2026-03-12 13:45:12.210,7,0,7,2026-03-12 13:45:12.210,0,0,0,2026-03-12 14:14:46.780,2026-03-12 14:34:54.383,0,NULL,2026-03-12 14:34:54.430,4198,4198,0,CAD2CAD
26-006181,2026-03-12 13:46:33.000,11,THU,12,13,A,DAY,MIDS,EMS,TROUBLE BREATHING ALS 1,1,E-911,"PERALTA, ANNETTE",Automatic Dispatch,2026-03-12 13:46:32.000,2026-03-12 13:48:10.000,2026-03-12 13:47:47.000,75,74,1,2026-03-12 13:47:49.953,2,2,0,2026-03-12 13:51:12.000,280,279,1,2026-03-12 13:48:28.800,77,77,0,2026-03-12 13:48:28.800,39,38,1,2026-03-12 13:51:36.607,188,187,1,2026-03-12 14:00:54.567,2026-03-12 14:12:53.603,0,NULL,2026-03-12 14:12:54.347,1581,1581,0,UNDEFINED
26-006182,2026-03-12 13:49:16.000,11,THU,12,13,A,DAY,MIDS,EMS,ALTERED LOC ALS 1,1,E-911,"CRUZ, STEPHANIE",Automatic Dispatch,2026-03-12 13:49:16.000,2026-03-12 13:50:47.000,2026-03-12 13:50:26.000,70,70,0,2026-03-12 13:50:28.677,2,2,0,2026-03-12 13:53:33.000,257,257,0,2026-03-12 13:50:57.187,72,72,0,2026-03-12 13:50:57.187,29,28,1,2026-03-12 13:53:05.277,128,128,0,2026-03-12 14:12:35.990,2026-03-12 15:12:28.667,0,NULL,2026-03-12 15:12:28.750,4992,4992,0,UNDEFINED
26-019040,2026-03-12 13:51:30.000,11,THU,12,13,A,DAY,MIDS,POLICE,VEHICLE ACTIVATION/ONSTAR,2,E-911,"WELCH, KIMBERLY","WELCH, KIMBERLY",2026-03-12 13:51:28.000,2026-03-12 13:53:28.000,2026-03-12 13:52:14.000,46,44,2,2026-03-12 14:16:06.733,1432,1432,0,2026-03-12 14:31:03.000,2375,2373,2,2026-03-12 14:16:09.100,1478,1478,0,2026-03-12 14:16:09.100,3,2,1,2026-03-12 14:29:52.587,823,823,0,2026-03-12 16:44:04.327,2026-03-12 16:44:04.327,0,NULL,2026-03-12 16:44:04.763,10356,10356,0,CI-Citation
26-006183,2026-03-12 13:55:43.000,11,THU,12,13,A,DAY,MIDS,FIRE,FIRE ALARM,3,Phone,"PATTERSON, JAHAIRA",Automatic Dispatch,2026-03-12 13:55:42.000,2026-03-12 13:56:33.000,2026-03-12 13:56:06.000,24,23,1,2026-03-12 13:56:09.677,3,3,0,2026-03-12 14:16:20.000,1238,1237,1,2026-03-12 13:57:04.223,27,27,0,2026-03-12 13:57:04.223,55,54,1,2026-03-12 14:00:13.060,189,188,1,2026-03-12 14:33:27.650,2026-03-12 14:33:27.650,0,NULL,2026-03-12 14:33:27.787,2265,2265,0,UNDEFINED
26-019043,2026-03-12 14:11:49.000,11,THU,12,14,A,DAY,LATE,POLICE,ASSIST CITIZEN PROMPT,3,Phone,"LAWRENCE, MEGAN",NULL,2026-03-12 14:11:47.000,2026-03-12 14:13:30.000,2026-03-12 14:12:51.000,64,62,2,2026-03-12 14:28:55.950,964,964,0,2026-03-12 14:15:27.000,220,218,2,2026-03-12 14:29:04.497,1028,1028,0,2026-03-12 14:29:04.497,9,4,5,2026-03-12 14:33:54.983,290,290,0,2026-03-12 14:32:13.853,2026-03-12 16:33:24.380,0,NULL,2026-03-12 16:33:24.507,8497,8497,0,NR-No Report
26-019044,2026-03-12 14:14:14.000,11,THU,12,14,A,DAY,LATE,POLICE,MVC PROPERTY DAMAGE,2,E-911,"CRUZ, STEPHANIE","BONSU, VALERIE",2026-03-12 14:14:14.000,2026-03-12 14:18:45.000,2026-03-12 14:17:13.000,179,179,0,2026-03-12 14:18:59.563,106,106,0,2026-03-12 14:19:33.000,319,319,0,2026-03-12 14:19:10.070,285,285,0,2026-03-12 14:19:10.070,11,10,1,2026-03-12 14:23:44.430,274,274,0,2026-03-12 15:39:32.257,2026-03-12 15:39:32.257,0,NULL,2026-03-12 15:39:32.527,5118,5118,0,NR-No Report
26-019045,2026-03-12 14:19:32.000,11,THU,12,14,A,DAY,LATE,POLICE,DOMESTIC VIOL NO INJ,2,E-911,"WALKER, LATITIA","BONSU, VALERIE",2026-03-12 14:19:32.000,2026-03-12 14:21:56.000,2026-03-12 14:20:28.000,56,56,0,2026-03-12 14:34:08.367,820,820,0,2026-03-12 14:25:02.000,330,330,0,2026-03-12 14:34:12.500,876,876,0,2026-03-12 14:34:12.500,4,4,0,2026-03-12 14:35:46.383,94,93,1,2026-03-12 15:28:16.113,2026-03-12 15:28:21.867,0,NULL,2026-03-12 15:28:21.987,4129,4129,0,NR-No Report
26-006184,2026-03-12 14:22:27.000,11,THU,12,14,A,DAY,LATE,EMS,ABDOMINAL PAIN BLS,3,E-911,"WALKER, LATITIA",Automatic Dispatch,2026-03-12 14:22:27.000,2026-03-12 14:23:36.000,2026-03-12 14:23:07.000,40,40,0,2026-03-12 14:23:11.920,4,4,0,2026-03-12 14:24:31.000,124,124,0,2026-03-12 14:23:43.660,44,44,0,2026-03-12 14:23:43.660,32,31,1,2026-03-12 14:26:39.493,176,175,1,2026-03-12 15:43:33.573,2026-03-12 15:43:33.573,0,NULL,2026-03-12 15:43:33.997,4866,4866,0,UNDEFINED
26-019049,2026-03-12 14:38:31.000,11,THU,12,14,A,DAY,LATE,POLICE,MVC CONDITIONS UNKNOWN,1,E-911,"WELCH, KIMBERLY","BONSU, VALERIE",2026-03-12 14:38:31.000,2026-03-12 14:39:31.000,2026-03-12 14:39:25.000,54,54,0,2026-03-12 14:39:48.897,23,23,0,2026-03-12 14:42:15.000,224,224,0,2026-03-12 14:39:51.677,77,77,0,2026-03-12 14:39:51.677,3,2,1,2026-03-12 14:43:07.237,196,195,1,2026-03-12 15:47:37.027,2026-03-12 15:47:37.027,0,NULL,2026-03-12 15:47:37.117,4146,4146,0,RE-Report
26-006185,2026-03-12 14:39:25.000,11,THU,12,14,A,DAY,LATE,FIRE,MVC AUTO,2,NOT CAPTURED,"WELCH, KIMBERLY",Automatic Dispatch,2026-03-12 14:39:25.000,2026-03-12 14:39:39.000,2026-03-12 14:39:25.000,0,NULL,0,2026-03-12 14:39:28.323,3,3,0,2026-03-12 14:39:25.000,0,0,0,2026-03-12 14:40:19.787,3,2,1,2026-03-12 14:40:19.787,51,51,0,2026-03-12 14:45:39.080,320,319,1,2026-03-12 14:42:49.453,2026-03-12 14:46:33.333,0,NULL,2026-03-12 14:46:33.450,428,427,1,UNDEFINED
26-019053,2026-03-12 14:40:44.000,11,THU,12,14,A,DAY,LATE,POLICE,PARKING COMPLAINT,4,Phone,"MAIORIELLO, BERMARI",NULL,2026-03-12 14:40:42.000,2026-03-12 15:38:09.000,2026-03-12 14:46:12.000,330,328,2,2026-03-12 15:17:11.783,1859,1859,0,2026-03-12 14:46:36.000,354,352,2,2026-03-12 15:17:11.783,2189,2189,0,2026-03-12 15:17:11.783,0,0,0,2026-03-12 16:13:41.387,3390,3389,1,2026-03-12 16:24:21.710,2026-03-12 16:24:21.710,0,NULL,2026-03-12 16:24:22.447,6219,6219,0,NR-No Report
26-006186,2026-03-12 14:44:19.507,11,THU,12,14,A,DAY,LATE,FIRE,MUTUAL FIRE ALARM,1,C2C,CAD to CAD Service 1,CAD to CAD Service 1,2026-03-12 14:43:47.000,NULL,2026-03-12 14:44:20.223,33,0,33,2026-03-12 14:44:20.317,0,0,0,NULL,NULL,NULL,NULL,2026-03-12 14:44:36.217,33,285,-252,2026-03-12 14:44:36.217,16,15,1,2026-03-12 14:49:14.000,278,277,1,2026-03-12 14:48:00.837,2026-03-12 14:49:39.393,0,NULL,2026-03-12 14:49:39.530,352,352,0,UNDEFINED
26-019054,2026-03-12 14:49:24.000,11,THU,12,14,A,DAY,LATE,POLICE,PARKING COMPLAINT,4,Phone,"LAWRENCE, MEGAN",NULL,2026-03-12 14:49:22.000,2026-03-12 14:51:50.000,2026-03-12 14:49:43.000,21,19,2,2026-03-12 14:59:51.037,608,608,0,2026-03-12 14:51:44.000,142,140,2,2026-03-12 14:59:51.037,629,629,0,2026-03-12 14:59:51.037,0,-9999,9999,2026-03-12 15:03:19.903,208,208,0,2026-03-12 15:15:06.850,2026-03-12 15:15:06.850,0,NULL,2026-03-12 15:15:06.940,1544,1544,0,CI-Citation
26-019055,2026-03-12 14:52:13.000,11,THU,12,14,A,DAY,LATE,POLICE,PUBLIC SERVICE MULTI OFFICER,4,Radio,"BONSU, VALERIE","BONSU, VALERIE",2026-03-12 14:52:11.000,2026-03-12 14:56:26.000,2026-03-12 14:52:23.000,12,10,2,2026-03-12 14:52:35.580,12,12,0,2026-03-12 14:52:37.000,26,24,2,2026-03-12 14:52:35.640,24,24,0,2026-03-12 14:52:35.640,0,0,0,2026-03-12 15:07:26.773,891,891,0,2026-03-12 15:39:18.377,2026-03-12 15:42:01.160,0,NULL,2026-03-12 15:42:01.200,2990,2990,0,NR-No Report
26-019059,2026-03-12 15:06:07.000,11,THU,12,15,A,DAY,LATE,POLICE,MENTAL HEALTH CASE,2,Phone,"LAWRENCE, MEGAN","BONSU, VALERIE",2026-03-12 15:06:06.000,2026-03-12 15:07:12.000,2026-03-12 15:06:24.000,18,17,1,2026-03-12 15:17:10.440,646,646,0,2026-03-12 15:09:17.000,191,190,1,2026-03-12 15:17:29.287,664,664,0,2026-03-12 15:17:29.287,19,18,1,2026-03-12 15:30:32.803,783,783,0,2026-03-12 16:07:47.390,2026-03-12 16:07:47.390,0,NULL,2026-03-12 16:07:48.640,3701,3701,0,NR-No Report
26-019060,2026-03-12 15:06:29.000,11,THU,12,15,A,DAY,LATE,POLICE,HAZARD,2,Phone,"MAIORIELLO, BERMARI","BONSU, VALERIE",2026-03-12 15:06:28.000,2026-03-12 15:07:38.000,2026-03-12 15:07:17.000,49,48,1,2026-03-12 15:43:10.017,2153,2153,0,2026-03-12 15:08:22.000,114,113,1,2026-03-12 15:43:14.503,2202,2202,0,2026-03-12 15:43:14.503,4,4,0,2026-03-12 16:00:10.193,1016,1015,1,2026-03-12 16:07:41.110,2026-03-12 16:07:41.110,0,NULL,2026-03-12 16:07:41.200,3673,3673,0,NR-No Report
26-019062,2026-03-12 15:16:01.000,11,THU,12,15,A,DAY,LATE,POLICE,LARCENY COMMERCIAL DELAY,3,Phone,"MAIORIELLO, BERMARI",NULL,2026-03-12 15:16:00.000,2026-03-12 15:34:55.000,2026-03-12 15:16:33.000,33,32,1,2026-03-12 16:47:40.397,5467,5467,0,2026-03-12 15:19:25.000,205,204,1,2026-03-12 16:47:51.883,5500,5500,0,2026-03-12 16:47:51.883,11,4,7,2026-03-12 17:29:47.933,2516,2516,0,2026-03-12 16:48:13.747,2026-03-12 21:00:08.000,0,NULL,NULL,20648,20648,0,RE-Report
26-019063,2026-03-12 15:16:58.000,11,THU,12,15,A,DAY,LATE,POLICE,MVC PROPERTY DAMAGE,2,E-911,"WALKER, LATITIA","BONSU, VALERIE",2026-03-12 15:16:57.000,2026-03-12 15:27:57.000,2026-03-12 15:18:47.000,110,109,1,2026-03-12 15:33:05.133,858,858,0,2026-03-12 15:19:42.000,165,164,1,2026-03-12 15:33:05.277,968,968,0,2026-03-12 15:33:05.277,0,0,0,2026-03-12 15:37:43.570,278,278,0,2026-03-12 16:15:56.340,2026-03-12 16:15:56.340,0,NULL,2026-03-12 16:15:56.450,3539,3539,0,NR-No Report
26-019065,2026-03-12 15:27:58.000,11,THU,12,15,A,DAY,LATE,POLICE,SUBJECT STOP,2,OFFICER,"BONSU, VALERIE","BONSU, VALERIE",2026-03-12 15:27:58.000,NULL,2026-03-12 15:27:58.000,0,0,0,2026-03-12 15:27:58.000,0,0,0,2026-03-12 15:27:58.000,0,0,0,2026-03-12 15:28:10.110,0,0,0,2026-03-12 15:27:58.000,0,0,0,2026-03-12 15:27:58.000,0,0,0,2026-03-12 15:33:36.253,2026-03-12 15:35:38.427,0,NULL,2026-03-12 15:35:38.540,460,460,0,NR-No Report
26-006189,2026-03-12 15:34:41.000,11,THU,12,15,A,DAY,LATE,FIRE,FIRE ALARM,3,Phone,"JONES, DAESHA",Automatic Dispatch,2026-03-12 15:34:39.000,2026-03-12 15:35:26.000,2026-03-12 15:35:02.000,23,21,2,2026-03-12 15:35:05.193,3,3,0,2026-03-12 15:36:38.000,119,117,2,2026-03-12 15:35:57.227,26,26,0,2026-03-12 15:35:57.227,52,52,0,2026-03-12 15:39:47.160,230,229,1,2026-03-12 15:47:00.293,2026-03-12 15:47:00.293,0,NULL,2026-03-12 15:47:00.513,741,741,0,UNDEFINED
26-019066,2026-03-12 15:38:31.000,11,THU,12,15,A,DAY,LATE,POLICE,LARCENY RESIDENTIAL DELAY,4,E-911,"CRUZ, STEPHANIE","LEWIS, LESLIE",2026-03-12 15:38:30.000,2026-03-12 15:45:49.000,2026-03-12 15:42:23.000,233,232,1,2026-03-12 22:20:36.710,23893,23893,0,2026-03-12 15:44:59.000,389,388,1,2026-03-12 22:20:42.147,24126,24126,0,2026-03-12 22:20:42.147,6,5,1,2026-03-12 22:44:20.367,1418,1418,0,2026-03-12 22:48:13.213,2026-03-12 22:48:12.950,0,NULL,2026-03-12 22:48:12.950,25782,25783,-1,NR-No Report
26-006190,2026-03-12 15:48:32.000,11,THU,12,15,A,DAY,LATE,FIRE,FIRE ALARM,3,Phone,"JONES, DAESHA","WALKER, KAREN",2026-03-12 15:48:30.000,2026-03-12 15:49:21.000,2026-03-12 15:48:56.000,26,24,2,2026-03-12 15:48:58.673,2,2,0,2026-03-12 15:50:49.000,139,137,2,2026-03-12 15:49:44.547,28,28,0,2026-03-12 15:49:44.547,46,45,1,NULL,NULL,-9999,NULL,2026-03-12 15:50:40.157,2026-03-12 15:50:46.247,0,NULL,2026-03-12 15:50:46.643,136,136,0,UNDEFINED
26-019067,2026-03-12 15:52:59.000,11,THU,12,15,A,DAY,LATE,POLICE,OFF DUTY DETAIL,8,OFFICER,"KIM, DANIEL H",NULL,2026-03-12 15:52:59.000,2026-03-12 15:54:12.000,2026-03-12 15:52:59.000,0,1,-1,2026-03-12 15:52:59.000,0,0,0,2026-03-12 15:52:59.000,0,NULL,0,2026-03-12 15:52:59.000,0,0,0,2026-03-12 15:52:59.000,0,0,0,2026-03-12 15:52:59.000,0,0,0,2026-03-12 19:58:57.540,2026-03-13 00:11:01.827,0,NULL,2026-03-13 00:11:02.030,29882,29882,0,NR-No Report
26-006192,2026-03-12 15:53:27.000,11,THU,12,15,A,DAY,LATE,FIRE,HIGHRISE BUILDING FIRE,1,E-911,"CRUZ, STEPHANIE","WALKER, KAREN",2026-03-12 15:53:27.000,2026-03-12 15:56:11.000,2026-03-12 15:55:27.000,120,120,0,2026-03-12 15:55:31.920,4,4,0,2026-03-12 15:58:54.000,327,327,0,2026-03-12 15:56:08.693,124,124,0,2026-03-12 15:56:08.693,37,36,1,2026-03-12 15:57:18.850,70,70,0,2026-03-12 15:57:09.280,2026-03-12 16:31:49.640,0,NULL,2026-03-12 16:31:50.237,2302,2302,0,UNDEFINED
26-006191,2026-03-12 15:54:17.000,11,THU,12,15,A,DAY,LATE,FIRE,FIRE ALARM,3,Phone,"MAIORIELLO, BERMARI",Automatic Dispatch,2026-03-12 15:54:15.000,2026-03-12 15:55:29.000,2026-03-12 15:55:07.000,52,50,2,2026-03-12 15:55:10.010,3,3,0,2026-03-12 15:56:16.000,121,119,2,2026-03-12 15:56:34.400,55,55,0,2026-03-12 15:56:34.400,84,84,0,2026-03-12 15:59:34.667,180,180,0,2026-03-12 16:26:06.023,2026-03-12 16:26:06.023,0,NULL,2026-03-12 16:26:06.183,1911,1911,0,UNDEFINED
26-019068,2026-03-12 15:55:28.000,11,THU,12,15,A,DAY,LATE,POLICE,TRAFFIC DIRECTION-FIRE,3,NOT CAPTURED,"CRUZ, STEPHANIE","BONSU, VALERIE",2026-03-12 15:55:28.000,2026-03-12 16:00:27.000,2026-03-12 15:55:28.000,0,NULL,0,2026-03-12 16:00:44.187,316,316,0,2026-03-12 15:55:28.000,0,0,0,2026-03-12 16:00:49.963,316,316,0,2026-03-12 16:00:49.963,5,5,0,NULL,NULL,-9999,NULL,NULL,2026-03-12 16:03:54.000,0,NULL,NULL,506,506,0,CN-Cancellation
26-019069,2026-03-12 15:57:20.000,11,THU,12,15,A,DAY,LATE,POLICE,WARRANT SERVICE,2,Radio,"BONSU, VALERIE","WELCH, KIMBERLY",2026-03-12 15:57:20.000,2026-03-12 15:57:25.000,2026-03-12 15:57:20.000,0,0,0,2026-03-12 15:57:20.000,0,0,0,2026-03-12 15:57:20.000,0,0,0,2026-03-12 16:34:13.707,0,0,0,2026-03-12 15:57:20.000,0,0,0,2026-03-12 15:57:20.000,0,0,0,2026-03-12 17:10:29.247,2026-03-12 22:04:39.557,0,NULL,2026-03-12 22:04:39.603,22039,22039,0,RE-Report
26-019073,2026-03-12 15:59:23.000,11,THU,12,15,A,DAY,LATE,POLICE,DISORDERLY CONDUCT,2,E-911,"PERALTA, ANNETTE",NULL,2026-03-12 15:59:23.000,2026-03-12 16:12:04.000,2026-03-12 16:06:38.000,435,435,0,2026-03-12 18:02:18.377,6940,6940,0,2026-03-12 16:06:45.000,442,442,0,2026-03-12 18:02:18.377,7375,7375,0,2026-03-12 18:02:18.377,0,0,0,NULL,NULL,-9999,NULL,2026-03-12 18:28:40.857,2026-03-12 18:28:40.857,0,NULL,2026-03-12 18:28:40.927,8957,8957,0,NR-No Report
26-019071,2026-03-12 15:59:58.000,11,THU,12,15,A,DAY,LATE,POLICE,DISORDERLY CONDUCT,2,Phone,"WALKER, LATITIA","WELCH, KIMBERLY",2026-03-12 15:59:57.000,2026-03-12 16:00:22.000,2026-03-12 16:00:20.000,23,22,1,2026-03-12 16:12:46.830,746,746,0,2026-03-12 16:02:15.000,138,137,1,2026-03-12 16:12:56.790,769,769,0,2026-03-12 16:12:56.790,10,9,1,NULL,NULL,-9999,NULL,2026-03-12 16:38:30.920,2026-03-12 16:52:34.590,0,NULL,2026-03-12 16:52:34.677,3157,3157,0,NR-No Report
26-019074,2026-03-12 16:05:53.000,11,THU,12,16,A,DAY,LATE,POLICE,PARKING COMPLAINT,4,Phone,"MAIORIELLO, BERMARI",NULL,2026-03-12 16:05:51.000,2026-03-12 16:18:35.000,2026-03-12 16:07:27.000,96,94,2,2026-03-12 16:24:31.787,1024,1024,0,2026-03-12 16:07:42.000,111,109,2,2026-03-12 16:24:31.787,1120,1120,0,2026-03-12 16:24:31.787,0,-9999,9999,2026-03-12 16:30:02.557,331,330,1,2026-03-12 16:51:07.660,2026-03-12 16:51:07.660,0,NULL,2026-03-12 16:51:08.713,2716,2716,0,CI-Citation
26-006193,2026-03-12 16:10:53.000,11,THU,12,16,A,DAY,LATE,EMS,TROUBLE BREATHING ALS 1,1,E-911,"FLOURNOY, ERICKA","WALKER, KAREN",2026-03-12 16:10:53.000,2026-03-12 16:12:05.000,2026-03-12 16:11:45.000,52,52,0,2026-03-12 16:11:48.047,3,3,0,2026-03-12 16:14:57.000,244,244,0,2026-03-12 16:13:28.280,55,55,0,2026-03-12 16:13:28.280,100,12,88,2026-03-12 16:17:33.183,245,244,1,2026-03-12 16:14:26.207,2026-03-12 17:18:16.453,0,NULL,2026-03-12 17:18:16.557,4043,4043,0,UNDEFINED
26-019076,2026-03-12 16:12:04.000,11,THU,12,16,A,DAY,LATE,POLICE,PARKING COMPLAINT,4,Phone,"PICKERAL, LAUREN",NULL,2026-03-12 16:12:02.000,2026-03-12 16:19:28.000,2026-03-12 16:12:42.000,40,38,2,2026-03-12 16:37:05.790,1463,1463,0,2026-03-12 16:12:56.000,54,52,2,2026-03-12 16:37:05.790,1503,1503,0,2026-03-12 16:37:05.790,0,-9999,9999,2026-03-12 17:21:39.027,2674,2673,1,2026-03-12 17:47:27.183,2026-03-12 17:47:27.183,0,NULL,2026-03-12 17:47:27.643,5725,5725,0,NR-No Report
26-019077,2026-03-12 16:13:27.000,11,THU,12,16,A,DAY,LATE,POLICE,LARCENY COMM IN PROG,2,E-911,"WALKER, LATITIA",NULL,2026-03-12 16:13:27.000,2026-03-12 16:29:11.000,2026-03-12 16:14:04.000,37,37,0,2026-03-12 16:30:38.393,994,994,0,2026-03-12 16:15:19.000,112,112,0,2026-03-12 16:30:52.633,1031,1031,0,2026-03-12 16:30:52.633,14,14,0,2026-03-12 16:39:50.030,538,537,1,2026-03-12 16:31:20.237,2026-03-12 21:59:20.247,0,NULL,2026-03-12 21:59:20.313,20753,20753,0,RE-Report
26-019078,2026-03-12 16:18:10.000,11,THU,12,16,A,DAY,LATE,POLICE,HAZARD,2,E-911,"LAWRENCE, MEGAN","WELCH, KIMBERLY",2026-03-12 16:18:08.000,2026-03-12 16:18:42.000,2026-03-12 16:18:36.000,28,26,2,2026-03-12 16:27:45.863,549,549,0,2026-03-12 16:19:57.000,109,107,2,2026-03-12 16:27:51.537,577,577,0,2026-03-12 16:27:51.537,6,5,1,2026-03-12 17:00:40.273,1969,1968,1,2026-03-12 17:03:07.753,2026-03-12 17:03:07.753,0,NULL,2026-03-12 17:03:07.840,2699,2699,0,NR-No Report
26-019079,2026-03-12 16:19:28.000,11,THU,12,16,A,DAY,LATE,POLICE,PARKING COMPLAINT,4,Phone,"PICKERAL, LAUREN",NULL,2026-03-12 16:19:28.000,2026-03-12 16:22:07.000,2026-03-12 16:20:11.000,43,43,0,2026-03-12 16:51:19.227,1868,1868,0,2026-03-12 17:09:23.000,2995,2995,0,2026-03-12 16:51:19.227,1911,1911,0,2026-03-12 16:51:19.227,0,0,0,2026-03-12 17:41:06.100,2987,2986,1,2026-03-12 17:45:10.683,2026-03-12 17:45:10.683,0,NULL,2026-03-12 17:45:11.727,5142,5142,0,NR-No Report
26-019080,2026-03-12 16:21:55.000,11,THU,12,16,A,DAY,LATE,POLICE,OFF DUTY DETAIL,8,Phone,"MAIORIELLO, BERMARI","MAIORIELLO, BERMARI",2026-03-12 16:21:53.000,2026-03-12 16:23:17.470,2026-03-12 16:22:25.000,32,30,2,2026-03-12 16:23:17.400,52,52,0,2026-03-12 16:23:26.000,93,91,2,2026-03-12 16:23:43.670,84,84,0,2026-03-12 16:23:43.670,26,26,0,2026-03-12 16:23:43.670,0,0,0,2026-03-12 22:08:56.783,2026-03-12 22:08:56.783,0,NULL,2026-03-12 22:08:56.850,20823,20823,0,NR-No Report
26-019082,2026-03-12 16:22:41.000,11,THU,12,16,A,DAY,LATE,POLICE,ASSIST CITIZEN DELAY,2,E-911,"BONSU, VALERIE","WELCH, KIMBERLY",2026-03-12 16:22:41.000,2026-03-12 17:19:10.000,2026-03-12 16:28:18.000,337,337,0,2026-03-12 16:40:11.470,713,713,0,2026-03-12 16:45:30.000,1369,1369,0,2026-03-12 16:40:21.783,1050,1050,0,2026-03-12 16:40:21.783,10,10,0,2026-03-12 16:47:46.653,445,444,1,2026-03-12 16:48:30.003,2026-03-12 17:06:10.847,1,2026-03-12 17:16:14.157,2026-03-12 18:27:56.780,2609,7515,-4906,NR-No Report
26-019081,2026-03-12 16:25:14.000,11,THU,12,16,A,DAY,LATE,POLICE,ADMINISTRATIVE TASK,4,Phone,"JONES, DAESHA","LEWIS, LESLIE",2026-03-12 16:25:12.000,2026-03-12 16:38:13.000,2026-03-12 16:25:44.000,32,30,2,2026-03-12 18:52:08.107,8784,8784,0,2026-03-12 16:28:08.000,176,174,2,2026-03-12 18:52:14.127,8816,8816,0,2026-03-12 18:52:14.127,6,6,0,2026-03-12 19:00:39.300,505,505,0,2026-03-12 19:42:48.557,2026-03-12 19:42:48.557,0,NULL,2026-03-12 19:42:48.600,11856,11856,0,NR-No Report
26-019083,2026-03-12 16:39:16.000,11,THU,12,16,A,DAY,LATE,POLICE,DISABLED MOTORIST,2,Phone,"WELCH, KIMBERLY",NULL,2026-03-12 16:39:16.000,2026-03-12 16:39:19.000,2026-03-12 16:39:16.000,0,0,0,2026-03-12 16:39:16.000,0,0,0,2026-03-12 16:39:16.000,0,0,0,2026-03-12 16:52:36.783,0,0,0,2026-03-12 16:39:16.000,0,0,0,2026-03-12 16:39:16.000,0,0,0,2026-03-12 17:01:26.483,2026-03-12 18:02:11.770,0,NULL,2026-03-12 18:02:11.853,4975,4975,0,NR-No Report
26-019084,2026-03-12 16:54:05.000,11,THU,12,16,A,DAY,LATE,POLICE,DISABLED MOTORIST,2,Phone,"JONES, DAESHA","WELCH, KIMBERLY",2026-03-12 16:54:04.000,2026-03-12 16:56:52.000,2026-03-12 16:56:32.000,148,147,1,2026-03-12 16:58:18.177,106,106,0,2026-03-12 16:58:11.000,247,246,1,2026-03-12 16:58:20.277,254,254,0,2026-03-12 16:58:20.277,2,2,0,NULL,NULL,-9999,NULL,2026-03-12 17:07:32.917,2026-03-12 17:07:32.917,0,NULL,2026-03-12 17:07:32.963,808,808,0,CN-Cancellation
26-019085,2026-03-12 16:59:34.000,11,THU,12,16,A,DAY,LATE,POLICE,SUICIDE IN PROG NO INJ,1,E-911,"WALKER, LATITIA","WELCH, KIMBERLY",2026-03-12 16:59:33.000,2026-03-12 17:00:06.000,2026-03-12 17:00:01.000,28,27,1,2026-03-12 17:01:20.617,79,79,0,2026-03-12 17:05:50.000,377,376,1,2026-03-12 17:01:25.020,107,107,0,2026-03-12 17:01:25.020,5,4,1,2026-03-12 17:04:15.553,170,170,0,2026-03-12 17:26:09.950,2026-03-12 17:29:15.337,0,NULL,2026-03-12 17:29:15.397,1782,1782,0,NR-No Report
26-019086,2026-03-12 17:10:03.000,11,THU,12,17,A,DAY,LATE,POLICE,RUNAWAY IN PROG,2,Phone,"JONES, DAESHA",NULL,2026-03-12 17:10:02.000,2026-03-12 17:12:47.000,2026-03-12 17:10:48.000,46,45,1,2026-03-12 17:13:02.150,134,134,0,2026-03-12 17:15:08.000,306,305,1,2026-03-12 17:13:11.283,180,180,0,2026-03-12 17:13:11.283,9,9,0,2026-03-12 17:26:00.943,769,769,0,2026-03-12 17:14:30.677,2026-03-12 21:00:35.570,0,NULL,2026-03-12 21:00:35.640,13833,13833,0,RE-Report
26-019088,2026-03-12 17:12:17.000,11,THU,12,17,A,DAY,LATE,POLICE,ANIMAL ABUSE-NEGLECT,2,Phone,"PATTERSON, JAHAIRA","WALKER, LATITIA",2026-03-12 17:12:16.000,2026-03-12 17:14:41.000,2026-03-12 17:13:11.000,55,54,1,2026-03-12 17:21:29.813,498,498,0,2026-03-12 17:13:11.000,55,NULL,55,2026-03-12 17:21:30.317,553,553,0,2026-03-12 17:21:30.317,1,0,1,2026-03-12 17:21:30.653,0,0,0,2026-03-12 17:21:39.687,2026-03-12 17:21:39.687,0,NULL,2026-03-12 17:21:39.753,563,563,0,RE-Report
26-019089,2026-03-12 17:20:25.000,11,THU,12,17,A,DAY,LATE,POLICE,MISSING PERSON CRITICAL,2,E-911,"BONSU, VALERIE",NULL,2026-03-12 17:20:24.000,2026-03-12 17:21:55.000,2026-03-12 17:21:10.000,46,45,1,2026-03-12 17:22:35.180,85,85,0,2026-03-12 17:41:04.000,1240,1239,1,2026-03-12 17:22:36.807,131,131,0,2026-03-12 17:22:36.807,1,1,0,2026-03-12 17:39:46.637,1030,1029,1,2026-03-12 17:26:48.570,2026-03-12 21:06:20.527,0,NULL,2026-03-12 21:06:20.583,13556,13556,0,NR-No Report
26-019092,2026-03-12 17:33:31.000,11,THU,12,17,A,DAY,LATE,POLICE,VEHICLE ACTIVATION/ONSTAR,2,E-911,"BONSU, VALERIE","LEWIS, LESLIE",2026-03-12 17:33:31.000,2026-03-12 17:41:32.000,2026-03-12 17:35:39.000,128,128,0,2026-03-12 19:07:51.090,5532,5532,0,2026-03-12 17:41:01.000,450,450,0,2026-03-12 19:08:09.760,5660,5660,0,2026-03-12 19:08:09.760,18,18,0,2026-03-12 19:14:11.407,362,361,1,2026-03-12 19:15:19.020,2026-03-12 19:15:19.020,0,NULL,2026-03-12 19:15:19.137,6108,6108,0,NR-No Report
26-019091,2026-03-12 17:33:33.000,11,THU,12,17,A,DAY,LATE,POLICE,VEHICLE ACTIVATION/ONSTAR,2,Phone,"PATTERSON, JAHAIRA","LEWIS, LESLIE",2026-03-12 17:33:32.000,2026-03-12 17:41:21.000,2026-03-12 17:34:14.000,42,41,1,2026-03-12 20:05:16.693,9062,9062,0,2026-03-12 17:39:36.000,364,363,1,2026-03-12 20:05:19.957,9104,9104,0,2026-03-12 20:05:19.957,3,3,0,2026-03-12 20:10:14.617,295,294,1,2026-03-12 20:11:40.087,2026-03-12 20:11:40.087,0,NULL,2026-03-12 20:11:40.263,9488,9488,0,NR-No Report
26-006194,2026-03-12 17:33:36.440,11,THU,12,17,A,DAY,LATE,FIRE,MUTUAL CO INCIDENT,1,C2C,CAD to CAD Service 1,CAD to CAD Service 1,2026-03-12 17:32:34.000,NULL,2026-03-12 17:33:37.910,63,0,63,2026-03-12 17:33:38.003,1,0,1,NULL,NULL,NULL,NULL,2026-03-12 17:35:58.853,64,186,-122,2026-03-12 17:35:58.853,140,18,122,2026-03-12 17:40:49.677,291,290,1,2026-03-12 17:35:22.347,2026-03-12 17:35:22.347,1,2026-03-12 17:35:40.803,2026-03-12 17:46:45.793,168,851,-683,UNDEFINED
26-019093,2026-03-12 17:37:06.000,11,THU,12,17,A,DAY,LATE,POLICE,TROUBLE UNKNOWN EMS,2,Phone,"LAWRENCE, MEGAN",NULL,2026-03-12 17:37:05.000,2026-03-12 17:39:06.000,2026-03-12 17:37:43.000,38,37,1,2026-03-12 18:11:37.017,2034,2034,0,2026-03-12 17:48:23.000,678,677,1,2026-03-12 18:11:41.490,2072,2072,0,2026-03-12 18:11:41.490,4,4,0,2026-03-12 18:22:20.070,639,638,1,2026-03-12 18:24:37.790,2026-03-12 18:24:37.790,0,NULL,2026-03-12 18:24:37.867,2852,2852,0,NR-No Report
26-006195,2026-03-12 17:37:44.000,11,THU,12,17,A,DAY,LATE,EMS,UNKNOWN MEDICAL ALS 1,1,NOT CAPTURED,"LAWRENCE, MEGAN",Automatic Dispatch,2026-03-12 17:37:44.000,2026-03-12 17:37:53.000,2026-03-12 17:37:44.000,0,NULL,0,2026-03-12 17:37:46.530,2,2,0,2026-03-12 17:37:44.000,0,0,0,2026-03-12 17:38:34.627,2,2,0,2026-03-12 17:38:34.627,48,48,0,2026-03-12 17:44:29.947,355,355,0,2026-03-12 17:50:02.073,2026-03-12 17:51:10.580,0,NULL,2026-03-12 17:51:10.860,806,806,0,UNDEFINED
26-019095,2026-03-12 17:40:02.000,11,THU,12,17,A,DAY,LATE,POLICE,DRUG COMPLAINT IN PROG,4,Phone,"JONES, DAESHA","LEWIS, LESLIE",2026-03-12 17:40:00.000,2026-03-12 17:50:47.000,2026-03-12 17:40:41.000,41,39,2,2026-03-12 19:15:58.080,5717,5717,0,2026-03-12 17:42:37.000,157,155,2,2026-03-12 19:15:58.157,5758,5758,0,2026-03-12 19:15:58.157,0,0,0,2026-03-12 21:28:17.493,7939,7939,0,2026-03-12 21:40:01.170,2026-03-12 21:40:01.170,0,NULL,2026-03-12 21:40:01.227,14401,14401,0,NR-No Report
26-019096,2026-03-12 17:40:32.000,11,THU,12,17,A,DAY,LATE,POLICE,TRNSPORT PRISONER MED LOCAL,4,Phone,"PATTERSON, JAHAIRA","PATTERSON, JAHAIRA",2026-03-12 17:40:32.000,NULL,2026-03-12 17:40:57.000,25,25,0,2026-03-12 17:41:13.477,16,16,0,2026-03-12 17:41:15.000,43,43,0,2026-03-12 17:41:13.777,41,41,0,2026-03-12 17:41:13.777,0,0,0,NULL,NULL,-9999,NULL,2026-03-12 18:40:10.707,2026-03-12 18:40:10.707,0,NULL,2026-03-12 18:40:10.860,3578,3578,0,NR-No Report
26-019097,2026-03-12 17:41:34.000,11,THU,12,17,A,DAY,LATE,POLICE,SHOPLIFTING IN PROG,2,E-911,"BONSU, VALERIE","LEWIS, LESLIE",2026-03-12 17:41:33.000,2026-03-12 17:48:47.000,2026-03-12 17:42:07.000,34,33,1,2026-03-12 21:59:16.660,15429,15429,0,2026-03-12 17:44:45.000,192,191,1,2026-03-12 21:59:19.337,15463,15463,0,2026-03-12 21:59:19.337,3,2,1,2026-03-12 22:03:47.973,268,268,0,2026-03-12 22:31:51.220,2026-03-12 22:31:51.220,0,NULL,2026-03-12 22:31:51.327,17418,17418,0,NR-No Report
26-006196,2026-03-12 17:43:06.780,11,THU,12,17,A,DAY,LATE,EMS,CHEST PAIN ALS 1,1,NOT CAPTURED,"WELCH, KIMBERLY","WALKER, KAREN",2026-03-12 17:43:06.780,2026-03-12 17:43:35.000,2026-03-12 17:43:06.780,0,0,0,2026-03-12 17:43:09.307,3,2,1,2026-03-12 17:43:06.780,0,NULL,0,2026-03-12 17:43:14.220,3,2,1,2026-03-12 17:43:14.220,5,4,1,2026-03-12 17:46:59.257,225,225,0,2026-03-12 17:57:13.937,2026-03-12 18:18:36.920,0,NULL,2026-03-12 18:18:37.370,2130,2130,0,UNDEFINED
26-019100,2026-03-12 17:47:08.000,11,THU,12,17,A,DAY,LATE,POLICE,LARCENY COMMERCIAL DELAY,3,Phone,"CRUZ, STEPHANIE","LEWIS, LESLIE",2026-03-12 17:47:06.000,2026-03-12 17:51:36.000,2026-03-12 17:48:16.000,70,68,2,2026-03-12 20:41:26.730,10390,10390,0,2026-03-12 17:50:54.000,228,226,2,2026-03-12 20:41:36.980,10460,10460,0,2026-03-12 20:41:36.980,10,10,0,2026-03-12 22:09:44.623,5288,5287,1,2026-03-12 22:15:12.900,2026-03-12 22:15:12.900,0,NULL,2026-03-12 22:15:13.053,16086,16086,0,NR-No Report
26-019099,2026-03-12 17:47:28.000,11,THU,12,17,A,DAY,LATE,POLICE,POLICE INFORMATION,4,E-911,"BONSU, VALERIE","LEWIS, LESLIE",2026-03-12 17:47:27.000,2026-03-12 17:48:43.000,2026-03-12 17:48:08.000,41,40,1,2026-03-12 17:49:20.343,72,72,0,2026-03-12 17:57:26.000,599,598,1,2026-03-12 17:49:33.677,113,113,0,2026-03-12 17:49:33.677,13,13,0,2026-03-12 17:55:54.970,381,381,0,2026-03-12 17:58:03.190,2026-03-12 22:16:09.560,0,NULL,2026-03-12 22:16:09.647,16122,16122,0,RE-Report
26-006197,2026-03-12 17:48:09.000,11,THU,12,17,A,DAY,LATE,EMS,ASSAULT ALS 1,3,Phone,"BONSU, VALERIE",Automatic Dispatch,2026-03-12 17:48:09.000,2026-03-12 17:48:32.000,2026-03-12 17:48:09.000,0,NULL,0,2026-03-12 17:48:11.373,2,2,0,2026-03-12 17:48:09.000,0,0,0,2026-03-12 17:49:04.733,2,2,0,2026-03-12 17:49:04.733,53,53,0,NULL,NULL,-9999,NULL,2026-03-12 18:00:04.020,2026-03-12 18:00:44.150,0,NULL,2026-03-12 18:00:44.253,755,755,0,UNDEFINED
26-019101,2026-03-12 17:56:32.000,11,THU,12,17,A,DAY,LATE,POLICE,OFF DUTY DETAIL,8,OFFICER,"REYES, JUAN",NULL,2026-03-12 17:56:32.000,2026-03-12 17:57:33.000,2026-03-12 17:56:32.000,0,1,-1,2026-03-12 17:56:32.000,0,0,0,2026-03-12 17:56:32.000,0,NULL,0,2026-03-12 17:56:32.000,0,0,0,2026-03-12 17:56:32.000,0,0,0,2026-03-12 17:56:32.000,0,0,0,2026-03-12 22:49:12.453,2026-03-12 22:49:12.453,0,NULL,2026-03-12 22:49:12.520,17560,17560,0,NR-No Report
26-019102,2026-03-12 18:02:45.000,11,THU,12,18,A,DAY,EARLY,POLICE,PARKING COMPLAINT,4,OFFICER,"LEWIS, LESLIE","LEWIS, LESLIE",2026-03-12 18:02:45.000,2026-03-12 18:03:38.000,2026-03-12 18:03:23.000,38,38,0,2026-03-12 18:03:30.590,7,7,0,2026-03-12 18:03:24.000,39,39,0,2026-03-12 18:03:30.753,45,45,0,2026-03-12 18:03:30.753,0,0,0,2026-03-12 18:03:30.820,0,0,0,2026-03-12 18:42:25.230,2026-03-12 18:42:25.230,0,NULL,2026-03-12 18:42:26.300,2380,2380,0,CI-Citation
26-006198,2026-03-12 18:03:13.000,11,THU,12,18,A,DAY,EARLY,EMS,FALL BLS,3,E-911,"HARDING, AUTUMN",Automatic Dispatch,2026-03-12 18:03:13.000,NULL,2026-03-12 18:04:08.000,55,55,0,2026-03-12 18:04:10.687,2,2,0,2026-03-12 18:05:29.000,136,136,0,2026-03-12 18:05:09.290,57,57,0,2026-03-12 18:05:09.290,59,58,1,2026-03-12 18:14:30.300,561,561,0,2026-03-12 18:25:00.077,2026-03-12 18:25:00.077,0,NULL,2026-03-12 18:25:00.123,1307,1307,0,UNDEFINED
26-019103,2026-03-12 18:12:02.000,11,THU,12,18,A,DAY,EARLY,POLICE,ALARM HOLDUP,1,Phone,"MARTINEZ, ESTHER","LEWIS, LESLIE",2026-03-12 18:12:02.000,2026-03-12 18:12:52.000,2026-03-12 18:12:39.000,37,37,0,2026-03-12 18:12:56.367,17,17,0,2026-03-12 18:13:22.000,80,80,0,2026-03-12 18:13:45.750,54,54,0,2026-03-12 18:13:45.750,49,6,43,2026-03-12 18:13:51.950,6,6,0,2026-03-12 18:13:41.903,2026-03-12 18:16:04.213,0,NULL,2026-03-12 18:16:04.320,242,242,0,NR-No Report
26-019104,2026-03-12 18:15:10.000,11,THU,12,18,A,DAY,EARLY,POLICE,TRAFFIC COMPLAINT,4,Phone,"HARDING, AUTUMN","LEWIS, LESLIE",2026-03-12 18:15:10.000,2026-03-12 18:17:02.000,2026-03-12 18:16:32.000,82,82,0,2026-03-12 18:30:15.067,823,823,0,2026-03-12 18:23:29.000,499,499,0,2026-03-12 18:30:24.093,905,905,0,2026-03-12 18:30:24.093,9,9,0,2026-03-12 18:35:56.693,332,332,0,2026-03-12 18:37:21.500,2026-03-12 18:37:21.500,0,NULL,2026-03-12 18:37:21.827,1331,1331,0,NR-No Report
26-019107,2026-03-12 18:19:36.000,11,THU,12,18,A,DAY,EARLY,POLICE,PARKING COMPLAINT,4,Phone,"PICKERAL, LAUREN",NULL,2026-03-12 18:19:36.000,2026-03-12 18:22:41.000,2026-03-12 18:21:12.000,96,96,0,2026-03-12 18:26:32.040,320,320,0,2026-03-12 18:22:10.000,154,154,0,2026-03-12 18:26:32.040,416,416,0,2026-03-12 18:26:32.040,0,0,0,2026-03-12 19:12:46.803,2774,2774,0,2026-03-12 18:46:15.397,2026-03-12 19:21:31.887,0,NULL,2026-03-12 19:21:32.160,3715,3715,0,NR-No Report
26-019106,2026-03-12 18:19:49.000,11,THU,12,18,A,DAY,EARLY,POLICE,OFF DUTY DETAIL,8,OFFICER,"ESCOBAR, STEVEN R",NULL,2026-03-12 18:19:49.000,NULL,2026-03-12 18:19:49.000,0,1,-1,2026-03-12 18:19:49.000,0,0,0,2026-03-12 18:19:49.000,0,NULL,0,2026-03-12 18:19:49.000,0,0,0,2026-03-12 18:19:49.000,0,0,0,2026-03-12 18:19:49.000,0,0,0,2026-03-12 21:19:58.403,2026-03-12 21:19:58.403,0,NULL,2026-03-12 21:19:58.460,10809,10809,0,NR-No Report
26-006200,2026-03-12 18:28:43.750,11,THU,12,18,A,DAY,EARLY,EMS,MUTUAL ALS,1,C2C,CAD to CAD Service 1,CAD to CAD Service 1,2026-03-12 18:27:01.000,2026-03-12 18:30:11.000,2026-03-12 18:28:44.483,103,0,103,2026-03-12 18:28:44.607,0,0,0,NULL,NULL,NULL,NULL,2026-03-12 18:29:22.363,103,-9999,10102,2026-03-12 18:29:22.363,38,37,1,2026-03-12 18:33:08.040,226,225,1,2026-03-12 18:40:20.493,2026-03-12 19:11:56.467,0,NULL,2026-03-12 19:11:56.593,2695,2695,0,UNDEFINED
26-019108,2026-03-12 18:29:20.000,11,THU,12,18,A,DAY,EARLY,POLICE,DRUG COMPLAINT DELAY,4,Phone,"ANDERSON, MARILYN",NULL,2026-03-12 18:29:18.000,2026-03-12 18:30:38.000,2026-03-12 18:29:49.000,31,29,2,2026-03-12 18:30:42.853,53,53,0,2026-03-12 18:29:49.000,31,NULL,31,2026-03-12 18:30:42.853,84,84,0,2026-03-12 18:30:42.853,0,0,0,2026-03-12 18:49:33.170,1131,1130,1,2026-03-12 18:49:45.860,2026-03-12 18:49:45.860,0,NULL,2026-03-12 18:49:45.937,1227,1227,0,RE-Report
26-019109,2026-03-12 18:32:02.000,11,THU,12,18,A,DAY,EARLY,POLICE,LARCENY COMM IN PROG,2,Phone,"MARTINEZ, ESTHER","LEWIS, LESLIE",2026-03-12 18:32:02.000,2026-03-12 18:36:19.000,2026-03-12 18:32:44.000,42,42,0,2026-03-12 18:36:32.800,228,228,0,2026-03-12 18:33:55.000,113,113,0,2026-03-12 18:36:35.583,270,270,0,2026-03-12 18:36:35.583,3,2,1,2026-03-12 18:47:56.937,681,681,0,2026-03-12 18:37:28.383,2026-03-12 20:02:15.773,0,NULL,2026-03-12 20:02:15.850,5413,5413,0,RE-Report
26-006201,2026-03-12 18:35:20.383,11,THU,12,18,A,DAY,EARLY,FIRE,MUTUAL GAS LEAK,1,C2C,CAD to CAD Service 1,CAD to CAD Service 1,2026-03-12 18:33:35.000,NULL,2026-03-12 18:35:21.117,106,0,106,2026-03-12 18:35:21.193,0,0,0,NULL,NULL,NULL,NULL,2026-03-12 18:35:59.423,106,-9999,10105,2026-03-12 18:35:59.423,38,36,2,2026-03-12 18:40:49.587,290,290,0,2026-03-12 18:46:43.440,2026-03-12 18:55:59.307,0,NULL,2026-03-12 18:55:59.450,1344,1344,0,CAD2CAD
26-006202,2026-03-12 18:36:30.000,11,THU,12,18,A,DAY,EARLY,EMS,PUBLIC SERVICE EMS,4,E-911,"ANDERSON, MARILYN",Automatic Dispatch,2026-03-12 18:36:28.000,2026-03-12 18:37:08.000,2026-03-12 18:36:59.000,31,29,2,2026-03-12 18:37:01.737,2,2,0,2026-03-12 18:43:26.000,418,416,2,2026-03-12 18:37:57.010,33,33,0,2026-03-12 18:37:57.010,56,55,1,NULL,NULL,-9999,NULL,2026-03-12 18:53:59.877,2026-03-12 18:53:59.877,0,NULL,2026-03-12 18:54:00.013,1051,1051,0,UNDEFINED
26-019111,2026-03-12 18:58:18.000,11,THU,12,18,A,DAY,EARLY,POLICE,DISORDERLY CONDUCT,2,E-911,"MESARIS, MATTHEW","LEWIS, LESLIE",2026-03-12 18:58:18.000,2026-03-12 19:08:35.890,2026-03-12 19:00:25.000,127,127,0,2026-03-12 19:08:35.827,490,490,0,2026-03-12 19:00:26.000,128,128,0,2026-03-12 19:08:38.073,617,617,0,2026-03-12 19:08:38.073,3,2,1,2026-03-12 19:10:34.503,116,116,0,2026-03-12 19:55:03.180,2026-03-12 19:55:03.180,0,NULL,2026-03-12 19:55:03.520,3405,3405,0,NR-No Report
26-006203,2026-03-12 19:01:00.000,11,THU,12,19,C,NIGHT,EARLY,EMS,TROUBLE BREATHING ALS 1,1,E-911,"MARTINEZ, ESTHER",Automatic Dispatch,2026-03-12 19:01:00.000,2026-03-12 19:02:04.000,2026-03-12 19:01:49.000,49,49,0,2026-03-12 19:01:51.903,2,2,0,2026-03-12 19:03:58.000,178,178,0,2026-03-12 19:03:11.723,51,51,0,2026-03-12 19:03:11.723,80,79,1,2026-03-12 19:07:29.010,258,257,1,2026-03-12 19:16:02.417,2026-03-12 19:55:27.700,0,NULL,2026-03-12 19:55:27.747,3267,3267,0,CAD2CAD
26-019112,2026-03-12 19:14:12.000,11,THU,12,19,C,NIGHT,EARLY,POLICE,ASSIST CITIZEN DELAY,4,Phone,"ANDERSON, MARILYN","LEWIS, LESLIE",2026-03-12 19:14:11.000,2026-03-12 19:22:18.000,2026-03-12 19:16:32.000,141,140,1,2026-03-12 19:42:55.170,1583,1583,0,2026-03-12 19:18:11.000,240,239,1,2026-03-12 19:42:57.740,1724,1724,0,2026-03-12 19:42:57.740,2,2,0,2026-03-12 19:42:58.970,1,1,0,2026-03-12 20:25:13.527,2026-03-12 20:25:13.527,0,NULL,2026-03-12 20:25:13.587,4262,4262,0,NR-No Report
26-019113,2026-03-12 19:16:14.000,11,THU,12,19,C,NIGHT,EARLY,POLICE,TRESPASSING IN PROG,2,Radio,"LEWIS, LESLIE","LEWIS, LESLIE",2026-03-12 19:16:13.000,2026-03-12 19:16:47.000,2026-03-12 19:16:45.000,32,31,1,2026-03-12 19:16:57.350,12,12,0,2026-03-12 19:17:43.000,90,89,1,2026-03-12 19:16:59.610,44,44,0,2026-03-12 19:16:59.610,2,2,0,2026-03-12 19:23:32.303,393,392,1,2026-03-12 19:21:00.293,2026-03-12 20:49:34.057,0,NULL,2026-03-12 20:49:34.120,5601,5601,0,NR-No Report
26-006204,2026-03-12 19:17:11.000,11,THU,12,19,C,NIGHT,EARLY,EMS,BLS EMERGENCY,3,E-911,"MESARIS, MATTHEW",Automatic Dispatch,2026-03-12 19:17:11.000,2026-03-12 19:18:41.000,2026-03-12 19:18:18.000,67,67,0,2026-03-12 19:18:21.337,3,3,0,2026-03-12 19:20:13.000,182,182,0,2026-03-12 19:19:02.023,70,70,0,2026-03-12 19:19:02.023,41,40,1,2026-03-12 19:27:40.607,518,518,0,2026-03-12 20:28:51.607,2026-03-12 20:28:51.607,0,NULL,2026-03-12 20:28:51.710,4300,4300,0,UNDEFINED
26-019114,2026-03-12 19:19:41.000,11,THU,12,19,C,NIGHT,EARLY,POLICE,GLA DELAY,4,Phone,"MARTINEZ, ESTHER","LEWIS, LESLIE",2026-03-12 19:19:39.000,2026-03-12 19:21:51.000,2026-03-12 19:21:17.000,98,96,2,2026-03-12 22:43:44.097,12147,12147,0,2026-03-12 19:22:05.000,146,144,2,2026-03-12 22:43:56.167,12245,12245,0,2026-03-12 22:43:56.167,12,12,0,2026-03-12 22:55:16.490,680,680,0,2026-03-13 02:39:44.843,2026-03-13 02:39:44.843,0,NULL,2026-03-13 02:39:44.863,26405,26405,0,RE-Report
26-019116,2026-03-12 19:29:27.000,11,THU,12,19,C,NIGHT,EARLY,POLICE,ASSIST CITIZEN DELAY,4,Phone,"ANDERSON, MARILYN","LEWIS, LESLIE",2026-03-12 19:29:25.000,2026-03-12 19:30:55.000,2026-03-12 19:30:24.000,59,57,2,2026-03-12 22:43:14.773,11570,11570,0,2026-03-12 19:30:46.000,81,79,2,2026-03-12 22:43:18.863,11629,11629,0,2026-03-12 22:43:18.863,4,4,0,2026-03-12 22:47:39.747,261,260,1,2026-03-13 00:00:54.090,2026-03-13 00:00:54.090,0,NULL,2026-03-13 00:00:55.083,16289,16289,0,NR-No Report
26-019117,2026-03-12 19:32:29.000,11,THU,12,19,C,NIGHT,EARLY,POLICE,HAZARD,2,Phone,"ANDERSON, MARILYN","LEWIS, LESLIE",2026-03-12 19:32:28.000,2026-03-12 19:33:53.000,2026-03-12 19:33:12.000,44,43,1,2026-03-12 20:14:06.547,2454,2454,0,2026-03-12 19:34:00.000,92,91,1,2026-03-12 20:14:09.117,2498,2498,0,2026-03-12 20:14:09.117,3,2,1,2026-03-12 20:24:56.117,647,646,1,2026-03-12 20:27:46.403,2026-03-12 20:27:46.403,0,NULL,2026-03-12 20:27:46.460,3318,3318,0,NR-No Report
26-019118,2026-03-12 19:35:10.000,11,THU,12,19,C,NIGHT,EARLY,POLICE,LARCENY COMM IN PROG,2,Phone,"MARTINEZ, ESTHER","LEWIS, LESLIE",2026-03-12 19:35:08.000,2026-03-12 19:36:18.000,2026-03-12 19:36:04.000,56,54,2,2026-03-12 19:38:08.020,124,124,0,2026-03-12 19:37:22.000,134,132,2,2026-03-12 19:38:16.480,180,180,0,2026-03-12 19:38:16.480,8,8,0,2026-03-12 19:42:22.920,246,246,0,2026-03-12 20:01:40.963,2026-03-12 21:25:43.793,0,NULL,2026-03-12 21:25:43.877,6635,6635,0,RE-Report
26-019119,2026-03-12 19:46:16.000,11,THU,12,19,C,NIGHT,EARLY,POLICE,TRESPASSING IN PROG,2,Phone,"ANDERSON, MARILYN","LEWIS, LESLIE",2026-03-12 19:46:14.000,2026-03-12 19:47:07.000,2026-03-12 19:46:49.000,35,33,2,2026-03-12 19:55:18.333,509,509,0,2026-03-12 19:48:11.000,117,115,2,2026-03-12 19:55:18.463,544,544,0,2026-03-12 19:55:18.463,0,0,0,2026-03-12 20:09:55.223,877,876,1,2026-03-12 20:19:45.150,2026-03-12 20:19:45.150,0,NULL,2026-03-12 20:19:45.200,2011,2011,0,NR-No Report
26-019120,2026-03-12 19:55:35.000,11,THU,12,19,C,NIGHT,EARLY,POLICE,ASSIST CITIZEN DELAY,4,Phone,"HARDING, AUTUMN","LEWIS, LESLIE",2026-03-12 19:55:34.000,2026-03-12 20:41:46.000,2026-03-12 19:58:12.000,158,157,1,2026-03-12 21:28:20.607,5408,5408,0,2026-03-12 19:59:04.000,210,209,1,2026-03-12 21:28:25.397,5566,5566,0,2026-03-12 21:28:25.397,5,4,1,NULL,NULL,-9999,NULL,2026-03-12 22:14:48.260,2026-03-12 22:14:48.260,0,NULL,2026-03-12 22:14:48.300,8354,8354,0,NR-No Report
26-006205,2026-03-12 20:01:27.000,11,THU,12,20,C,NIGHT,EARLY,EMS,UNCONSCIOUS ALS 2,1,E-911,"MARTINEZ, ESTHER",Automatic Dispatch,2026-03-12 20:01:27.000,2026-03-12 20:03:14.000,2026-03-12 20:02:30.000,63,63,0,2026-03-12 20:02:34.113,4,4,0,2026-03-12 20:05:21.000,234,234,0,2026-03-12 20:03:07.433,67,67,0,2026-03-12 20:03:07.433,33,33,0,2026-03-12 20:07:59.793,292,292,0,2026-03-12 20:57:07.420,2026-03-12 21:18:38.267,0,NULL,2026-03-12 21:18:38.397,4631,4631,0,UNDEFINED
26-019121,2026-03-12 20:02:17.000,11,THU,12,20,C,NIGHT,EARLY,POLICE,POLICE INFORMATION,4,Phone,"MESARIS, MATTHEW",NULL,2026-03-12 20:02:15.000,2026-03-12 20:41:49.000,2026-03-12 20:04:28.000,133,131,2,2026-03-12 22:12:19.470,7671,7671,0,2026-03-12 20:04:30.000,135,133,2,2026-03-12 22:12:30.063,7804,7804,0,2026-03-12 22:12:30.063,11,10,1,2026-03-13 00:15:50.610,7400,7400,0,2026-03-13 05:13:20.330,2026-03-13 05:13:20.330,0,NULL,2026-03-13 05:13:20.387,33065,33065,0,RE-Report
26-019122,2026-03-12 20:04:59.000,11,THU,12,20,C,NIGHT,EARLY,POLICE,911 HANG UP,2,E-911,"ANDERSON, MARILYN","LEWIS, LESLIE",2026-03-12 20:04:57.000,2026-03-12 20:06:27.000,2026-03-12 20:05:52.000,55,53,2,2026-03-12 20:26:09.173,1217,1217,0,2026-03-12 20:06:23.000,86,84,2,2026-03-12 20:26:12.803,1272,1272,0,2026-03-12 20:26:12.757,3,3,0,2026-03-12 21:17:21.383,3069,3068,1,2026-03-12 21:18:16.193,2026-03-12 21:18:16.193,0,NULL,2026-03-12 21:18:16.227,4399,4399,0,NR-No Report
26-019123,2026-03-12 20:11:40.000,11,THU,12,20,C,NIGHT,EARLY,POLICE,NOISE COMPLAINT DELAY,4,Phone,"HARDING, AUTUMN","LEWIS, LESLIE",2026-03-12 20:11:39.000,2026-03-12 20:14:23.000,2026-03-12 20:12:02.000,23,22,1,2026-03-12 21:43:11.890,5469,5469,0,2026-03-12 20:24:17.000,758,757,1,2026-03-12 21:43:15.517,5492,5492,0,2026-03-12 21:43:15.517,4,3,1,2026-03-12 21:46:50.770,215,215,0,2026-03-12 22:14:15.870,2026-03-12 22:18:32.440,0,NULL,2026-03-12 22:18:32.540,7613,7613,0,NR-No Report
26-019125,2026-03-12 20:20:22.000,11,THU,12,20,C,NIGHT,EARLY,POLICE,MISSING PERSON IMMEDIATE,2,Phone,"MARTINEZ, ESTHER","LEWIS, LESLIE",2026-03-12 20:20:20.000,2026-03-12 20:24:20.000,2026-03-12 20:23:35.000,195,193,2,2026-03-12 20:50:07.580,1592,1592,0,2026-03-12 20:29:37.000,557,555,2,2026-03-12 20:50:12.457,1787,1787,0,2026-03-12 20:50:12.457,5,4,1,2026-03-12 21:02:59.237,767,766,1,2026-03-12 21:33:13.973,2026-03-12 21:33:13.973,0,NULL,2026-03-12 21:33:14.023,4373,4373,0,NR-No Report
26-019126,2026-03-12 20:27:09.000,11,THU,12,20,C,NIGHT,EARLY,POLICE,NOISE COMPLAINT DELAY,4,Phone,"HARDING, AUTUMN","LEWIS, LESLIE",2026-03-12 20:27:08.000,2026-03-12 20:31:54.000,2026-03-12 20:27:43.000,35,34,1,2026-03-12 20:31:35.707,232,232,0,2026-03-12 20:29:27.000,139,138,1,2026-03-12 20:31:38.213,267,267,0,2026-03-12 20:31:38.213,3,2,1,2026-03-12 20:31:38.213,0,0,0,2026-03-12 20:31:57.120,2026-03-12 20:31:57.120,0,NULL,2026-03-12 20:31:57.200,289,289,0,NR-No Report
26-006206,2026-03-12 20:38:18.000,11,THU,12,20,C,NIGHT,EARLY,FIRE,GAS LEAK - INSIDE,1,E-911,"MESARIS, MATTHEW","WATSON, JOANNE",2026-03-12 20:38:18.000,2026-03-12 21:45:46.000,2026-03-12 20:39:05.000,47,47,0,2026-03-12 20:39:08.690,3,3,0,2026-03-12 20:39:34.000,76,76,0,2026-03-12 20:40:01.823,50,50,0,2026-03-12 20:40:01.823,53,53,0,2026-03-12 20:44:05.280,244,243,1,2026-03-12 20:53:13.007,2026-03-12 21:40:51.043,1,2026-03-12 21:45:22.433,2026-03-12 22:07:34.740,3753,5356,-1603,UNDEFINED
26-019130,2026-03-12 20:39:44.000,11,THU,12,20,C,NIGHT,EARLY,POLICE,LARCENY COMM IN PROG,2,Phone,"ANDERSON, MARILYN","LEWIS, LESLIE",2026-03-12 20:39:43.000,2026-03-12 20:41:07.000,2026-03-12 20:40:18.000,35,34,1,2026-03-12 20:41:54.963,96,96,0,2026-03-12 20:43:20.000,217,216,1,2026-03-12 20:42:00.883,131,131,0,2026-03-12 20:42:00.883,6,5,1,2026-03-12 20:51:42.077,582,581,1,2026-03-12 21:36:41.100,2026-03-12 23:45:07.147,0,NULL,2026-03-12 23:45:07.240,11124,11124,0,RE-Report
26-006207,2026-03-12 20:39:59.000,11,THU,12,20,C,NIGHT,EARLY,EMS,ALTERED LOC ALS 1,1,E-911,"MESARIS, MATTHEW",Automatic Dispatch,2026-03-12 20:39:59.000,2026-03-12 20:41:36.000,2026-03-12 20:41:00.000,61,61,0,2026-03-12 20:41:03.360,3,3,0,2026-03-12 20:47:11.000,432,432,0,2026-03-12 20:41:53.400,64,64,0,2026-03-12 20:41:53.400,50,50,0,2026-03-12 20:46:05.207,252,251,1,2026-03-12 21:10:16.400,2026-03-12 21:51:12.620,0,NULL,2026-03-12 21:51:12.733,4273,4273,0,UNDEFINED
26-006208,2026-03-12 20:45:29.000,11,THU,12,20,C,NIGHT,EARLY,FIRE,FIRE ALARM,3,E-911,"MESARIS, MATTHEW",Automatic Dispatch,2026-03-12 20:45:29.000,2026-03-12 20:47:20.000,2026-03-12 20:47:01.000,92,92,0,2026-03-12 20:47:03.310,2,2,0,2026-03-12 20:47:03.000,94,94,0,2026-03-12 20:48:27.393,94,94,0,2026-03-12 20:48:27.393,84,84,0,2026-03-12 20:51:04.303,157,156,1,2026-03-12 21:05:47.400,2026-03-12 21:05:47.400,0,NULL,2026-03-12 21:05:47.600,1218,1218,0,UNDEFINED
26-019131,2026-03-12 20:46:47.000,11,THU,12,20,C,NIGHT,EARLY,POLICE,PUBLIC SERVICE MULTI OFFICER,3,Phone,"HARDING, AUTUMN","LEWIS, LESLIE",2026-03-12 20:46:45.000,2026-03-12 20:49:26.000,2026-03-12 20:48:30.000,105,103,2,2026-03-12 21:00:44.117,734,734,0,2026-03-12 20:49:16.000,151,149,2,2026-03-12 21:00:45.463,839,839,0,2026-03-12 21:00:45.463,1,1,0,2026-03-12 21:08:50.853,485,485,0,2026-03-12 21:47:38.103,2026-03-12 21:47:56.923,0,NULL,2026-03-12 21:47:56.997,3671,3671,0,NR-No Report
26-006209,2026-03-12 21:05:10.000,11,THU,12,21,C,NIGHT,EARLY,FIRE,ELEVATOR,3,E-911,"ANDERSON, MARILYN",Automatic Dispatch,2026-03-12 21:05:10.000,2026-03-12 21:06:28.000,2026-03-12 21:05:36.000,26,26,0,2026-03-12 21:05:37.893,1,1,0,2026-03-12 21:07:33.000,143,143,0,2026-03-12 21:06:50.483,27,27,0,2026-03-12 21:06:50.483,73,72,1,2026-03-12 21:09:46.530,176,176,0,2026-03-12 21:18:34.017,2026-03-12 21:18:34.017,0,NULL,2026-03-12 21:18:34.180,804,804,0,UNDEFINED
26-019135,2026-03-12 21:08:07.000,11,THU,12,21,C,NIGHT,EARLY,POLICE,NOISE COMPLAINT DELAY,4,Phone,"ANDERSON, MARILYN","LEWIS, LESLIE",2026-03-12 21:08:05.000,2026-03-12 21:12:48.000,2026-03-12 21:08:43.000,38,36,2,2026-03-12 22:09:11.597,3628,3628,0,2026-03-12 21:10:30.000,145,143,2,2026-03-12 22:09:17.697,3666,3666,0,2026-03-12 22:09:17.697,6,6,0,2026-03-12 22:15:52.020,395,394,1,2026-03-12 22:25:40.957,2026-03-12 22:30:05.033,0,NULL,2026-03-12 22:30:05.270,4920,4920,0,NR-No Report
26-006210,2026-03-12 21:08:17.000,11,THU,12,21,C,NIGHT,EARLY,EMS,ALLERGIC REACTION ALS 2,1,E-911,"HARDING, AUTUMN","WATSON, JOANNE",2026-03-12 21:08:17.000,2026-03-12 21:09:20.000,2026-03-12 21:08:55.000,38,38,0,2026-03-12 21:08:58.770,3,3,0,2026-03-12 21:11:10.000,173,173,0,2026-03-12 21:09:05.487,41,41,0,2026-03-12 21:09:05.487,7,6,1,2026-03-12 21:10:25.677,80,80,0,2026-03-12 21:24:37.827,2026-03-12 21:25:45.587,0,NULL,2026-03-12 21:25:45.833,1048,1048,0,UNDEFINED
26-019136,2026-03-12 21:17:22.000,11,THU,12,21,C,NIGHT,EARLY,POLICE,PARKING COMPLAINT,4,Phone,"MARTINEZ, ESTHER",NULL,2026-03-12 21:17:20.000,2026-03-12 21:20:01.000,2026-03-12 21:18:26.000,66,64,2,2026-03-12 22:44:30.780,5164,5164,0,2026-03-12 21:19:55.000,155,153,2,2026-03-12 22:58:46.153,5230,5230,0,2026-03-12 22:58:46.153,856,0,856,2026-03-12 23:01:32.443,166,166,0,2026-03-12 23:06:10.947,2026-03-12 23:06:10.947,0,NULL,2026-03-12 23:06:11.100,6530,6530,0,NR-No Report
26-019137,2026-03-12 21:20:20.000,11,THU,12,21,C,NIGHT,EARLY,POLICE,ALARM HOLDUP,1,E-911,"ANDERSON, MARILYN","LEWIS, LESLIE",2026-03-12 21:20:18.000,2026-03-12 21:20:52.000,2026-03-12 21:20:45.000,27,25,2,2026-03-12 21:21:04.950,19,19,0,2026-03-12 21:22:32.000,134,132,2,2026-03-12 21:21:34.473,46,46,0,2026-03-12 21:21:34.473,30,29,1,2026-03-12 21:24:58.843,204,204,0,2026-03-12 21:35:29.140,2026-03-12 21:41:18.683,0,NULL,2026-03-12 21:41:18.810,1260,1260,0,FALSE-False Alarm
26-019140,2026-03-12 21:30:47.000,11,THU,12,21,C,NIGHT,EARLY,POLICE,SUICIDE IN PROG NO INJ,2,Phone,"MESARIS, MATTHEW","LEWIS, LESLIE",2026-03-12 21:30:45.000,2026-03-12 21:34:31.000,2026-03-12 21:34:16.000,211,209,2,2026-03-12 21:35:49.207,93,93,0,2026-03-12 21:34:18.000,213,211,2,2026-03-12 21:35:56.660,304,304,0,2026-03-12 21:35:56.660,7,7,0,2026-03-12 21:38:17.947,141,141,0,2026-03-12 21:36:34.427,2026-03-12 21:50:57.057,0,NULL,2026-03-12 21:50:57.107,1212,1212,0,NR-No Report
26-006211,2026-03-12 21:31:23.000,11,THU,12,21,C,NIGHT,EARLY,EMS,UNKNOWN MEDICAL ALS 1,1,E-911,"HARDING, AUTUMN",Automatic Dispatch,2026-03-12 21:31:23.000,2026-03-12 21:32:53.000,2026-03-12 21:32:35.000,72,72,0,2026-03-12 21:32:37.957,2,2,0,2026-03-12 21:33:53.000,150,150,0,2026-03-12 21:33:32.087,74,74,0,2026-03-12 21:33:32.087,55,54,1,2026-03-12 21:36:14.040,162,161,1,2026-03-12 21:42:37.100,2026-03-12 22:13:18.530,0,NULL,2026-03-12 22:13:18.670,2515,2515,0,UNDEFINED
26-006212,2026-03-12 21:48:27.000,11,THU,12,21,C,NIGHT,EARLY,EMS,BLS EMERGENCY,3,E-911,"MESARIS, MATTHEW",Automatic Dispatch,2026-03-12 21:48:27.000,2026-03-12 21:50:49.000,2026-03-12 21:49:31.000,64,64,0,2026-03-12 21:49:33.630,2,2,0,2026-03-12 21:51:22.000,175,175,0,2026-03-12 21:50:37.560,66,66,0,2026-03-12 21:50:37.560,64,63,1,2026-03-12 21:58:38.773,481,481,0,2026-03-12 23:15:34.260,2026-03-12 23:15:34.260,0,NULL,2026-03-12 23:15:34.363,5227,5227,0,UNDEFINED
26-006213,2026-03-12 21:53:50.067,11,THU,12,21,C,NIGHT,EARLY,FIRE,MUTUAL ELEVATOR INCIDENT,1,C2C,CAD to CAD Service 1,CAD to CAD Service 1,2026-03-12 21:51:59.000,NULL,2026-03-12 21:53:50.693,111,0,111,2026-03-12 21:53:50.787,0,0,0,NULL,NULL,NULL,NULL,2026-03-12 21:55:10.100,111,127,-16,2026-03-12 21:55:10.100,80,63,17,2026-03-12 21:58:51.270,221,221,0,2026-03-12 22:08:14.247,2026-03-12 22:13:34.793,0,NULL,2026-03-12 22:13:35.047,1295,1295,0,UNDEFINED
26-019141,2026-03-12 21:59:19.000,11,THU,12,21,C,NIGHT,EARLY,POLICE,TRESPASSING IN PROG,2,E-911,"MARTINEZ, ESTHER","LEWIS, LESLIE",2026-03-12 21:59:19.000,2026-03-12 22:00:46.000,2026-03-12 21:59:54.000,35,35,0,2026-03-12 22:00:40.727,46,46,0,2026-03-12 22:01:07.000,108,108,0,2026-03-12 22:00:43.330,81,81,0,2026-03-12 22:00:43.330,3,2,1,2026-03-12 22:04:09.553,206,206,0,2026-03-12 22:16:04.903,2026-03-12 22:17:00.623,0,NULL,2026-03-12 22:17:00.623,1061,1061,0,NR-No Report
26-006214,2026-03-12 22:17:25.000,11,THU,12,22,C,NIGHT,MIDS,FIRE,LOCAL LADDER,3,E-911,"HARDING, AUTUMN",Automatic Dispatch,2026-03-12 22:17:24.000,2026-03-12 22:17:55.000,2026-03-12 22:17:34.000,10,9,1,2026-03-12 22:17:36.293,2,2,0,2026-03-12 22:18:27.000,63,62,1,2026-03-12 22:19:36.843,12,12,0,2026-03-12 22:19:36.843,120,120,0,2026-03-12 22:37:55.700,1099,1098,1,2026-03-12 22:37:56.473,2026-03-12 22:37:56.473,0,NULL,2026-03-12 22:37:56.910,1232,1232,0,UNDEFINED
26-019144,2026-03-12 22:20:32.000,11,THU,12,22,C,NIGHT,MIDS,POLICE,POLICE INFORMATION,4,E-911,"HARDING, AUTUMN","LEWIS, LESLIE",2026-03-12 22:20:32.000,2026-03-12 22:22:46.000,2026-03-12 22:21:40.000,68,68,0,2026-03-12 22:23:22.647,102,102,0,2026-03-12 22:24:59.000,267,267,0,2026-03-12 22:23:25.633,170,170,0,2026-03-12 22:23:25.633,3,2,1,2026-03-12 22:28:36.323,311,310,1,2026-03-12 22:42:02.253,2026-03-13 00:01:51.553,0,NULL,2026-03-13 00:01:51.747,6079,6079,0,RE-Report
26-019145,2026-03-12 22:22:27.000,11,THU,12,22,C,NIGHT,MIDS,POLICE,DIP - DRUNK/INTOX PERSON,2,E-911,"SWINTON, LATOYA","LEWIS, LESLIE",2026-03-12 22:22:27.000,2026-03-12 22:23:46.000,2026-03-12 22:23:34.000,67,67,0,2026-03-12 22:23:52.163,18,18,0,2026-03-12 22:26:09.000,222,222,0,2026-03-12 22:23:55.877,85,85,0,2026-03-12 22:23:55.877,3,3,0,2026-03-12 22:26:14.263,139,138,1,2026-03-12 22:41:23.660,2026-03-12 22:42:03.967,0,NULL,2026-03-12 22:42:04.020,1176,1176,0,NR-No Report
26-019146,2026-03-12 22:23:28.000,11,THU,12,22,C,NIGHT,MIDS,POLICE,TROUBLE UNKNOWN NO EMS,2,E-911,"MARTINEZ, ESTHER","LEWIS, LESLIE",2026-03-12 22:23:28.000,2026-03-12 22:24:44.000,2026-03-12 22:24:23.000,55,55,0,2026-03-12 22:25:15.623,52,52,0,2026-03-12 22:25:58.000,150,150,0,2026-03-12 22:25:19.107,107,107,0,2026-03-12 22:25:19.107,4,3,1,2026-03-12 22:31:54.420,395,395,0,2026-03-12 22:41:33.637,2026-03-12 22:42:14.513,0,NULL,2026-03-12 22:42:14.553,1126,1126,0,NR-No Report
26-006216,2026-03-12 22:23:57.000,11,THU,12,22,C,NIGHT,MIDS,EMS,PUBLIC SERVICE EMS,4,E-911,"MESARIS, MATTHEW",Automatic Dispatch,2026-03-12 22:23:57.000,2026-03-12 22:24:50.000,2026-03-12 22:24:36.000,39,39,0,2026-03-12 22:24:38.540,2,2,0,2026-03-12 22:25:04.000,67,67,0,2026-03-12 22:25:22.463,41,41,0,2026-03-12 22:25:22.463,44,43,1,2026-03-12 22:32:16.170,414,413,1,2026-03-12 22:39:14.333,2026-03-12 22:39:14.333,0,NULL,2026-03-12 22:39:14.567,917,917,0,UNDEFINED
26-006218,2026-03-12 22:32:11.000,11,THU,12,22,C,NIGHT,MIDS,FIRE,PUBLIC SERVICE FIRE,4,Phone,"SWINTON, LATOYA",Automatic Dispatch,2026-03-12 22:32:10.000,2026-03-12 22:34:32.000,2026-03-12 22:34:16.000,126,125,1,2026-03-12 22:34:18.907,2,2,0,2026-03-12 22:34:24.000,134,133,1,2026-03-12 22:36:02.670,128,128,0,2026-03-12 22:36:02.670,104,103,1,2026-03-12 22:43:23.413,441,440,1,2026-03-12 22:47:17.393,2026-03-12 22:47:17.393,0,NULL,2026-03-12 22:47:17.613,907,907,0,UNDEFINED
26-019147,2026-03-12 22:45:22.000,11,THU,12,22,C,NIGHT,MIDS,POLICE,TRAFFIC STOP,2,OFFICER,"LEWIS, LESLIE","LEWIS, LESLIE",2026-03-12 22:45:22.000,2026-03-12 22:45:30.000,2026-03-12 22:45:22.000,0,0,0,2026-03-12 22:45:22.000,0,0,0,2026-03-12 22:45:22.000,0,0,0,2026-03-12 22:45:38.403,0,0,0,2026-03-12 22:45:22.000,0,0,0,2026-03-12 22:45:22.000,0,0,0,2026-03-12 22:58:34.433,2026-03-12 23:04:45.587,0,NULL,2026-03-12 23:04:45.627,1163,1163,0,CI-Citation
26-019148,2026-03-12 22:46:17.000,11,THU,12,22,C,NIGHT,MIDS,POLICE,TRAFFIC STOP,2,OFFICER,"LEWIS, LESLIE","LEWIS, LESLIE",2026-03-12 22:46:17.000,2026-03-12 22:46:22.000,2026-03-12 22:46:17.000,0,0,0,2026-03-12 22:46:17.000,0,0,0,2026-03-12 22:46:17.000,0,0,0,2026-03-12 22:46:29.973,0,0,0,2026-03-12 22:46:17.000,0,0,0,2026-03-12 22:46:17.000,0,0,0,2026-03-12 22:50:41.923,2026-03-12 23:00:31.287,0,NULL,2026-03-12 23:00:31.357,854,854,0,NR-No Report
26-019150,2026-03-12 22:51:21.000,11,THU,12,22,C,NIGHT,MIDS,POLICE,ALARM COMMERCIAL,2,Phone,"MESARIS, MATTHEW","LEWIS, LESLIE",2026-03-12 22:51:19.000,2026-03-12 22:52:29.000,2026-03-12 22:52:18.000,59,57,2,2026-03-12 22:52:26.437,8,8,0,2026-03-12 22:52:20.000,61,59,2,2026-03-12 22:52:35.443,67,67,0,2026-03-12 22:52:35.443,9,9,0,2026-03-12 22:56:27.407,232,231,1,2026-03-12 23:19:08.820,2026-03-12 23:19:08.820,0,NULL,2026-03-12 23:19:08.897,1669,1669,0,FALSE-False Alarm
26-019151,2026-03-12 22:58:06.000,11,THU,12,22,C,NIGHT,MIDS,POLICE,OFF DUTY DETAIL,8,OFFICER,"GYAMFI, EMMANUEL A",NULL,2026-03-12 22:58:06.000,NULL,2026-03-12 22:58:06.000,0,1,-1,2026-03-12 22:58:06.000,0,0,0,2026-03-12 22:58:06.000,0,NULL,0,2026-03-12 22:58:06.000,0,0,0,2026-03-12 22:58:06.000,0,0,0,2026-03-12 22:58:06.000,0,0,0,2026-03-13 02:57:28.530,2026-03-13 02:57:28.530,0,NULL,2026-03-13 02:57:28.613,14362,14362,0,NR-No Report
26-019152,2026-03-12 23:02:03.000,11,THU,12,23,C,NIGHT,MIDS,POLICE,SUSPICIOUS EVENT,2,E-911,"MARTINEZ, ESTHER","LEWIS, LESLIE",2026-03-12 23:02:03.000,2026-03-12 23:05:34.000,2026-03-12 23:03:36.000,93,93,0,2026-03-12 23:05:46.027,130,130,0,2026-03-12 23:06:08.000,245,245,0,2026-03-12 23:05:48.550,223,223,0,2026-03-12 23:05:48.550,2,2,0,2026-03-12 23:11:02.140,314,313,1,2026-03-12 23:17:31.417,2026-03-12 23:25:08.577,0,NULL,2026-03-12 23:25:08.657,1385,1385,0,NR-No Report
26-019153,2026-03-12 23:06:33.000,11,THU,12,23,C,NIGHT,MIDS,POLICE,TRAFFIC STOP,2,OFFICER,"LEWIS, LESLIE","LEWIS, LESLIE",2026-03-12 23:06:33.000,2026-03-12 23:06:37.000,2026-03-12 23:06:33.000,0,0,0,2026-03-12 23:06:33.000,0,0,0,2026-03-12 23:06:33.000,0,0,0,2026-03-12 23:06:50.590,0,0,0,2026-03-12 23:06:33.000,0,0,0,2026-03-12 23:06:33.000,0,0,0,2026-03-12 23:16:47.027,2026-03-12 23:22:54.430,0,NULL,2026-03-12 23:22:54.483,981,981,0,NR-No Report
26-019154,2026-03-12 23:09:29.000,11,THU,12,23,C,NIGHT,MIDS,POLICE,TRESPASSING IN PROG,2,E-911,"MARTINEZ, ESTHER","LEWIS, LESLIE",2026-03-12 23:09:29.000,2026-03-12 23:10:16.000,2026-03-12 23:10:06.000,37,37,0,2026-03-12 23:10:24.063,18,18,0,2026-03-12 23:11:07.000,98,98,0,2026-03-12 23:10:30.603,55,55,0,2026-03-12 23:10:30.603,6,6,0,2026-03-12 23:12:41.387,131,130,1,2026-03-12 23:21:02.580,2026-03-12 23:21:56.740,0,NULL,2026-03-12 23:21:56.850,747,747,0,NR-No Report
26-006219,2026-03-12 23:12:38.000,11,THU,12,23,C,NIGHT,MIDS,EMS,TROUBLE BREATHING ALS 1,1,E-911,"HARDING, AUTUMN",Automatic Dispatch,2026-03-12 23:12:38.000,2026-03-12 23:15:13.000,2026-03-12 23:13:09.000,31,31,0,2026-03-12 23:13:11.643,2,2,0,2026-03-12 23:14:55.000,137,137,0,2026-03-12 23:14:43.530,33,33,0,2026-03-12 23:14:43.530,92,91,1,2026-03-12 23:17:19.030,156,155,1,2026-03-12 23:33:00.163,2026-03-12 23:59:30.777,0,NULL,2026-03-12 23:59:30.863,2812,2812,0,CC-Call Completed
26-006220,2026-03-12 23:17:15.853,11,THU,12,23,C,NIGHT,MIDS,EMS,MUTUAL BLS,1,C2C,CAD to CAD Service 1,CAD to CAD Service 1,2026-03-12 23:15:03.000,NULL,2026-03-12 23:17:16.353,133,0,133,2026-03-12 23:17:16.430,0,0,0,NULL,NULL,NULL,NULL,2026-03-12 23:18:51.730,133,-9999,10132,2026-03-12 23:18:51.730,95,91,4,2026-03-12 23:22:53.637,242,241,1,2026-03-12 23:44:14.520,2026-03-13 00:35:17.863,0,NULL,2026-03-13 00:35:17.927,4814,4814,0,CAD2CAD
26-019156,2026-03-12 23:27:28.000,11,THU,12,23,C,NIGHT,MIDS,POLICE,DISORDERLY CONDUCT,2,OFFICER,"LEWIS, LESLIE",NULL,2026-03-12 23:27:28.000,2026-03-12 23:47:05.000,2026-03-12 23:27:28.000,0,0,0,2026-03-12 23:27:28.000,0,0,0,2026-03-12 23:27:28.000,0,0,0,2026-03-12 23:27:39.520,0,0,0,2026-03-12 23:27:28.000,0,0,0,2026-03-12 23:27:28.000,0,0,0,2026-03-12 23:29:38.810,2026-03-12 23:53:13.093,0,NULL,2026-03-12 23:53:13.193,1545,1545,0,NR-No Report
26-019157,2026-03-12 23:51:34.000,11,THU,12,23,C,NIGHT,MIDS,POLICE,OCCUPIED VEHICLE CHECK,2,OFFICER,"LEWIS, LESLIE","LEWIS, LESLIE",2026-03-12 23:51:31.000,NULL,2026-03-12 23:51:57.000,26,23,3,2026-03-12 23:52:22.940,25,25,0,2026-03-12 23:55:12.000,221,218,3,2026-03-12 23:52:23.000,51,51,0,2026-03-12 23:52:23.000,1,0,1,2026-03-12 23:52:23.087,0,0,0,2026-03-13 00:06:13.903,2026-03-13 00:06:13.903,0,NULL,2026-03-13 00:06:13.933,882,882,0,NR-No Report
26-019158,2026-03-12 23:53:25.000,11,THU,12,23,C,NIGHT,MIDS,POLICE,TROUBLE UNKNOWN EMS,2,E-911,"MARTINEZ, ESTHER","LEWIS, LESLIE",2026-03-12 23:53:25.000,2026-03-12 23:56:29.000,2026-03-12 23:56:22.000,177,177,0,2026-03-12 23:56:44.180,22,22,0,2026-03-12 23:56:43.000,198,198,0,2026-03-12 23:56:58.233,199,199,0,2026-03-12 23:56:58.233,14,14,0,2026-03-12 23:56:58.233,0,0,0,2026-03-13 00:09:55.710,2026-03-13 00:34:39.447,0,NULL,2026-03-13 00:34:39.547,2474,2474,0,NR-No Report
26-006221,2026-03-12 23:56:22.000,11,THU,12,23,C,NIGHT,MIDS,EMS,UNKNOWN MEDICAL ALS 1,1,Radio,"MARTINEZ, ESTHER","WATSON, JOANNE",2026-03-12 23:56:22.000,2026-03-12 23:57:35.000,2026-03-12 23:56:22.000,0,NULL,0,2026-03-12 23:56:25.537,3,3,0,2026-03-12 23:56:22.000,0,0,0,2026-03-12 23:57:51.037,3,3,0,2026-03-12 23:57:51.037,86,85,1,2026-03-13 00:01:55.693,244,244,0,2026-03-12 23:58:30.207,2026-03-13 00:34:28.447,0,NULL,2026-03-13 00:34:28.447,2286,2286,0,UNDEFINED
26-019159,2026-03-12 23:58:13.000,11,THU,12,23,C,NIGHT,MIDS,POLICE,ASSIST OUTSIDE AGENCY,2,Phone,"MARTINEZ, ESTHER",NULL,2026-03-12 23:58:11.000,2026-03-13 00:01:39.000,2026-03-13 00:00:39.000,148,146,2,2026-03-13 00:02:00.643,81,81,0,2026-03-13 00:01:37.000,206,204,2,2026-03-13 00:02:04.137,229,229,0,2026-03-13 00:02:04.137,4,3,1,2026-03-13 00:07:28.600,324,324,0,2026-03-13 03:45:18.610,2026-03-13 03:45:18.610,0,NULL,2026-03-13 03:45:18.710,13627,13627,0,NR-No Report
26-019160,2026-03-13 00:20:31.000,11,FRI,13,0,D,NIGHT,MIDS,POLICE,TRAFFIC STOP,2,OFFICER,"LEWIS, LESLIE",NULL,2026-03-13 00:20:31.000,2026-03-13 00:20:37.000,2026-03-13 00:20:31.000,0,0,0,2026-03-13 00:20:31.000,0,0,0,2026-03-13 00:20:31.000,0,0,0,2026-03-13 00:20:48.603,0,0,0,2026-03-13 00:20:31.000,0,0,0,2026-03-13 00:20:31.000,0,0,0,2026-03-13 00:25:35.317,2026-03-13 06:44:31.893,0,NULL,2026-03-13 06:44:31.997,23040,23040,0,CI-Citation
26-019161,2026-03-13 00:23:23.000,11,FRI,13,0,D,NIGHT,MIDS,POLICE,TRAFFIC STOP,2,OFFICER,"LEWIS, LESLIE","LEWIS, LESLIE",2026-03-13 00:23:23.000,2026-03-13 00:23:28.000,2026-03-13 00:23:23.000,0,0,0,2026-03-13 00:23:23.000,0,0,0,2026-03-13 00:23:23.000,0,0,0,2026-03-13 00:23:41.260,0,0,0,2026-03-13 00:23:23.000,0,0,0,2026-03-13 00:23:23.000,0,0,0,2026-03-13 00:26:49.573,2026-03-13 00:34:22.107,0,NULL,2026-03-13 00:34:22.297,659,659,0,NR-No Report
26-006222,2026-03-13 00:29:50.000,11,FRI,13,0,D,NIGHT,MIDS,FIRE,ELEVATOR,3,E-911,"WATSON, JOANNE",Automatic Dispatch,2026-03-13 00:29:50.000,2026-03-13 00:30:49.000,2026-03-13 00:30:10.000,20,20,0,2026-03-13 00:30:12.393,2,2,0,2026-03-13 00:31:26.000,96,96,0,2026-03-13 00:31:45.517,22,22,0,2026-03-13 00:31:45.517,93,93,0,2026-03-13 00:35:16.337,211,210,1,2026-03-13 00:44:13.210,2026-03-13 00:44:13.210,0,NULL,2026-03-13 00:44:13.463,863,863,0,UNDEFINED
26-019163,2026-03-13 00:31:07.000,11,FRI,13,0,D,NIGHT,MIDS,POLICE,DOMESTIC VIOL NO INJ,2,E-911,"HARDING, AUTUMN","LEWIS, LESLIE",2026-03-13 00:31:07.000,2026-03-13 00:32:32.000,2026-03-13 00:32:02.000,55,55,0,2026-03-13 00:32:36.380,34,34,0,2026-03-13 00:38:14.000,427,427,0,2026-03-13 00:32:49.380,89,89,0,2026-03-13 00:32:49.380,13,13,0,2026-03-13 00:36:00.037,191,190,1,2026-03-13 03:46:13.490,2026-03-13 04:17:06.293,0,NULL,2026-03-13 04:17:06.387,13559,13559,0,RE-Report
26-019165,2026-03-13 00:39:20.000,11,FRI,13,0,D,NIGHT,MIDS,POLICE,DOMESTIC VIOL NO INJ,2,Phone,"WATSON, JOANNE",NULL,2026-03-13 00:39:19.000,2026-03-13 00:40:30.000,2026-03-13 00:40:20.000,61,60,1,2026-03-13 00:40:43.133,23,23,0,2026-03-13 00:40:24.000,65,64,1,2026-03-13 00:40:50.727,84,84,0,2026-03-13 00:40:50.727,7,7,0,2026-03-13 00:48:25.540,455,454,1,2026-03-13 01:25:03.830,2026-03-13 02:06:49.207,0,NULL,2026-03-13 02:06:49.223,5250,5250,0,NR-No Report
26-019166,2026-03-13 00:41:49.000,11,FRI,13,0,D,NIGHT,MIDS,POLICE,TRAFFIC STOP,2,OFFICER,"LEWIS, LESLIE",NULL,2026-03-13 00:41:49.000,2026-03-13 00:41:54.000,2026-03-13 00:41:49.000,0,0,0,2026-03-13 00:41:49.000,0,0,0,2026-03-13 00:41:49.000,0,0,0,2026-03-13 00:41:59.090,0,0,0,2026-03-13 00:41:49.000,0,0,0,2026-03-13 00:41:49.000,0,0,0,2026-03-13 00:55:14.303,2026-03-13 01:21:46.743,0,NULL,2026-03-13 01:21:46.877,2397,2397,0,NR-No Report
26-006223,2026-03-13 00:42:25.000,11,FRI,13,0,D,NIGHT,MIDS,EMS,MEDICAL ALARM ALS 1,3,E-911,"HARDING, AUTUMN",Automatic Dispatch,2026-03-13 00:42:25.000,2026-03-13 00:44:35.000,2026-03-13 00:44:23.000,118,118,0,2026-03-13 00:44:26.180,3,3,0,2026-03-13 00:45:29.000,184,184,0,2026-03-13 00:45:56.050,121,121,0,2026-03-13 00:45:56.050,90,89,1,2026-03-13 00:49:34.097,218,218,0,2026-03-13 00:55:37.690,2026-03-13 00:58:12.387,0,NULL,2026-03-13 00:58:12.473,947,947,0,UNDEFINED
26-019167,2026-03-13 00:50:40.000,11,FRI,13,0,D,NIGHT,MIDS,POLICE,SUBJECT STOP,2,OFFICER,"LEWIS, LESLIE","LEWIS, LESLIE",2026-03-13 00:50:40.000,2026-03-13 00:50:50.000,2026-03-13 00:50:40.000,0,0,0,2026-03-13 00:50:40.000,0,0,0,2026-03-13 00:50:40.000,0,0,0,2026-03-13 00:50:57.533,0,0,0,2026-03-13 00:50:40.000,0,0,0,2026-03-13 00:50:40.000,0,0,0,2026-03-13 00:51:33.867,2026-03-13 00:59:17.723,0,NULL,2026-03-13 00:59:17.827,517,517,0,NR-No Report
26-019168,2026-03-13 00:51:28.000,11,FRI,13,0,D,NIGHT,MIDS,POLICE,DISORDERLY CONDUCT,2,E-911,"WATSON, JOANNE","LEWIS, LESLIE",2026-03-13 00:51:27.000,2026-03-13 00:52:25.000,2026-03-13 00:52:22.000,55,54,1,2026-03-13 00:54:53.180,151,151,0,2026-03-13 00:54:07.000,160,159,1,2026-03-13 00:54:57.447,206,206,0,2026-03-13 00:54:57.447,4,4,0,2026-03-13 01:00:54.133,357,356,1,2026-03-13 00:55:31.857,2026-03-13 01:20:14.307,0,NULL,2026-03-13 01:20:14.360,1727,1727,0,CI-Citation
26-006224,2026-03-13 01:04:03.917,11,FRI,13,1,D,NIGHT,MIDS,FIRE,MUTUAL FIRE ALARM,1,C2C,CAD to CAD Service 1,CAD to CAD Service 1,2026-03-13 01:01:07.000,2026-03-13 01:04:34.000,2026-03-13 01:04:04.837,177,0,177,2026-03-13 01:04:05.120,1,0,1,NULL,NULL,NULL,NULL,2026-03-13 01:05:49.280,178,-9999,10177,2026-03-13 01:05:49.280,104,104,0,2026-03-13 01:10:11.093,262,261,1,2026-03-13 01:18:39.457,2026-03-13 01:27:29.630,0,NULL,2026-03-13 01:27:29.830,1582,1582,0,UNDEFINED
26-019170,2026-03-13 01:19:06.000,11,FRI,13,1,D,NIGHT,MIDS,POLICE,MVC PROPERTY DAMAGE,2,E-911,"LEWIS, LESLIE",NULL,2026-03-13 01:19:06.000,2026-03-13 01:19:14.000,2026-03-13 01:19:06.000,0,0,0,2026-03-13 01:19:06.000,0,0,0,2026-03-13 01:19:06.000,0,0,0,2026-03-13 01:19:37.617,0,0,0,2026-03-13 01:19:06.000,0,0,0,2026-03-13 01:19:06.000,0,0,0,2026-03-13 02:30:29.117,2026-03-13 07:31:19.233,0,NULL,2026-03-13 07:31:19.300,22333,22333,0,RE-Report
26-006225,2026-03-13 01:19:17.000,11,FRI,13,1,D,NIGHT,MIDS,EMS,BLS EMERGENCY,3,E-911,"MARTINEZ, ESTHER",Automatic Dispatch,2026-03-13 01:19:16.000,2026-03-13 01:22:43.000,2026-03-13 01:21:44.000,148,147,1,2026-03-13 01:21:46.933,2,2,0,2026-03-13 01:25:35.000,379,378,1,2026-03-13 01:24:02.213,150,150,0,2026-03-13 01:24:02.213,136,135,1,2026-03-13 01:48:11.463,1449,1449,0,2026-03-13 02:35:51.160,2026-03-13 02:35:51.160,0,NULL,2026-03-13 02:35:51.610,4595,4595,0,UNDEFINED
26-019174,2026-03-13 01:20:42.000,11,FRI,13,1,D,NIGHT,MIDS,POLICE,DOMESTIC VIOL NO INJ,2,E-911,"WATSON, JOANNE","LEWIS, LESLIE",2026-03-13 01:20:42.000,2026-03-13 01:24:25.000,2026-03-13 01:23:54.000,192,192,0,2026-03-13 01:25:14.743,80,80,0,2026-03-13 01:24:46.000,244,244,0,2026-03-13 01:25:17.023,272,272,0,2026-03-13 01:25:17.023,3,2,1,2026-03-13 01:32:54.153,457,457,0,2026-03-13 01:29:17.807,2026-03-13 02:39:22.543,0,NULL,2026-03-13 02:39:22.563,4720,4720,0,NR-No Report
26-019176,2026-03-13 01:29:21.000,11,FRI,13,1,D,NIGHT,MIDS,POLICE,DISABLED MOTORIST,2,OFFICER,"LEWIS, LESLIE","LEWIS, LESLIE",2026-03-13 01:29:19.000,NULL,2026-03-13 01:29:34.000,15,13,2,2026-03-13 01:29:38.347,4,4,0,2026-03-13 01:30:10.000,51,49,2,2026-03-13 01:29:41.243,19,19,0,2026-03-13 01:29:41.243,3,2,1,2026-03-13 01:29:42.383,1,1,0,NULL,2026-03-13 01:30:10.000,0,NULL,NULL,51,51,0,CN-Cancellation
26-019177,2026-03-13 01:36:01.000,11,FRI,13,1,D,NIGHT,MIDS,POLICE,ASSIST OUTSIDE AGENCY,2,Phone,"MARTINEZ, ESTHER","LEWIS, LESLIE",2026-03-13 01:35:58.000,2026-03-13 01:37:07.000,2026-03-13 01:36:57.000,59,56,3,2026-03-13 01:37:03.550,6,6,0,2026-03-13 01:38:16.000,138,135,3,2026-03-13 01:37:09.403,65,65,0,2026-03-13 01:37:09.403,6,2,4,NULL,NULL,-9999,NULL,2026-03-13 01:38:15.583,2026-03-13 01:38:38.583,0,NULL,2026-03-13 01:38:38.657,160,160,0,CN-Cancellation
26-019179,2026-03-13 01:41:24.000,11,FRI,13,1,D,NIGHT,MIDS,POLICE,MVC INJURY,1,E-911,"MARTINEZ, ESTHER",NULL,2026-03-13 01:41:24.000,2026-03-13 01:42:25.000,2026-03-13 01:42:18.000,54,54,0,2026-03-13 01:42:53.190,35,35,0,2026-03-13 01:44:52.000,208,208,0,2026-03-13 01:43:06.770,89,89,0,2026-03-13 01:43:06.770,13,-9999,10012,2026-03-13 01:44:53.430,107,106,1,2026-03-13 01:43:03.397,2026-03-13 03:41:22.737,0,NULL,2026-03-13 03:41:23.117,7198,7198,0,RE-Report
26-006228,2026-03-13 01:42:19.000,11,FRI,13,1,D,NIGHT,MIDS,FIRE,MVC AUTO,2,Phone,"MARTINEZ, ESTHER",Automatic Dispatch,2026-03-13 01:42:19.000,2026-03-13 01:42:40.000,2026-03-13 01:42:19.000,0,NULL,0,2026-03-13 01:42:21.710,2,2,0,2026-03-13 01:42:19.000,0,0,0,2026-03-13 01:44:29.883,2,2,0,2026-03-13 01:44:29.883,128,128,0,2026-03-13 01:48:52.017,263,262,1,2026-03-13 01:51:13.457,2026-03-13 01:52:07.773,0,NULL,2026-03-13 01:52:07.867,588,588,0,UNDEFINED
26-019180,2026-03-13 01:43:08.000,11,FRI,13,1,D,NIGHT,MIDS,POLICE,TROUBLE UNKNOWN NO EMS,2,Phone,"HARDING, AUTUMN",NULL,2026-03-13 01:43:06.000,2026-03-13 01:45:37.000,2026-03-13 01:45:07.000,121,119,2,2026-03-13 01:55:54.533,647,647,0,2026-03-13 01:45:35.000,149,147,2,2026-03-13 01:55:54.533,768,768,0,2026-03-13 01:55:54.533,0,0,0,2026-03-13 02:02:04.893,370,370,0,2026-03-13 02:07:11.677,2026-03-13 02:07:14.153,0,NULL,2026-03-13 02:07:14.240,1448,1448,0,NR-No Report
26-006229,2026-03-13 02:25:44.000,11,FRI,13,2,D,NIGHT,LATE,FIRE,FIRE ALARM,3,Phone,"MARTINEZ, ESTHER",Automatic Dispatch,2026-03-13 02:25:44.000,2026-03-13 02:28:41.000,2026-03-13 02:26:08.000,24,24,0,2026-03-13 02:26:11.007,3,3,0,2026-03-13 02:26:57.000,73,73,0,2026-03-13 02:28:15.957,27,27,0,2026-03-13 02:28:15.957,124,124,0,2026-03-13 02:31:40.323,205,204,1,2026-03-13 02:44:54.920,2026-03-13 02:44:54.920,0,NULL,2026-03-13 02:44:55.107,1150,1150,0,UNDEFINED
26-019183,2026-03-13 02:53:07.000,11,FRI,13,2,D,NIGHT,LATE,POLICE,TRESPASSING IN PROG,2,Phone,"MARTINEZ, ESTHER","HARDING, AUTUMN",2026-03-13 02:53:07.000,2026-03-13 02:54:09.000,2026-03-13 02:53:36.000,29,29,0,2026-03-13 02:54:20.107,44,44,0,2026-03-13 02:55:54.000,167,167,0,2026-03-13 02:54:23.290,73,73,0,2026-03-13 02:54:23.290,3,3,0,2026-03-13 02:55:24.707,61,61,0,2026-03-13 03:16:29.883,2026-03-13 03:16:29.883,0,NULL,2026-03-13 03:16:29.923,1402,1402,0,NR-No Report
26-019184,2026-03-13 02:57:40.000,11,FRI,13,2,D,NIGHT,LATE,POLICE,POLICE INFORMATION,4,E-911,"WATSON, JOANNE","HARDING, AUTUMN",2026-03-13 02:57:40.000,2026-03-13 02:59:29.000,2026-03-13 02:58:42.000,62,62,0,2026-03-13 03:10:08.970,686,686,0,2026-03-13 03:00:40.000,180,180,0,2026-03-13 03:10:17.070,748,748,0,2026-03-13 03:10:17.070,9,7,2,2026-03-13 03:14:06.000,229,228,1,2026-03-13 03:37:38.127,2026-03-13 05:10:03.507,0,NULL,2026-03-13 05:10:03.600,7943,7943,0,RE-Report
26-019186,2026-03-13 03:12:13.000,11,FRI,13,3,D,NIGHT,LATE,POLICE,SUBJECT STOP,2,OFFICER,"HARDING, AUTUMN","HARDING, AUTUMN",2026-03-13 03:12:13.000,2026-03-13 03:13:11.000,2026-03-13 03:12:13.000,0,0,0,2026-03-13 03:12:13.000,0,0,0,2026-03-13 03:12:13.000,0,0,0,2026-03-13 03:12:21.010,0,0,0,2026-03-13 03:12:13.000,0,0,0,2026-03-13 03:12:13.000,0,0,0,2026-03-13 03:13:50.827,2026-03-13 04:22:24.070,0,NULL,2026-03-13 04:22:24.147,4211,4211,0,SUP-Supplement
26-006230,2026-03-13 03:37:49.000,11,FRI,13,3,D,NIGHT,LATE,FIRE,FIRE ALARM,3,E-911,"HARDING, AUTUMN",Automatic Dispatch,2026-03-13 03:37:49.000,2026-03-13 03:39:44.000,2026-03-13 03:38:42.000,53,53,0,2026-03-13 03:38:45.237,3,3,0,2026-03-13 03:39:22.000,93,93,0,2026-03-13 03:40:59.513,56,56,0,2026-03-13 03:40:59.513,134,134,0,2026-03-13 03:44:00.457,181,180,1,2026-03-13 04:01:37.573,2026-03-13 04:01:37.573,0,NULL,2026-03-13 04:01:37.770,1428,1428,0,UNDEFINED
26-006231,2026-03-13 04:02:10.000,11,FRI,13,4,D,NIGHT,LATE,FIRE,FIRE ALARM,3,Phone,"HARDING, AUTUMN",Automatic Dispatch,2026-03-13 04:02:08.000,2026-03-13 04:03:26.000,2026-03-13 04:03:08.000,60,58,2,2026-03-13 04:03:10.677,2,2,0,2026-03-13 04:03:23.000,75,73,2,2026-03-13 04:05:01.690,62,62,0,2026-03-13 04:05:01.690,111,111,0,2026-03-13 04:09:02.850,241,241,0,2026-03-13 04:27:00.733,2026-03-13 04:27:00.733,0,NULL,2026-03-13 04:27:00.967,1492,1492,0,UNDEFINED
26-019190,2026-03-13 04:35:23.000,11,FRI,13,4,D,NIGHT,LATE,POLICE,ASSIST CITIZEN PROMPT,3,E-911,"HARDING, AUTUMN","LEWIS, LESLIE",2026-03-13 04:35:23.000,2026-03-13 04:37:26.000,2026-03-13 04:37:05.000,102,102,0,2026-03-13 04:37:40.703,35,35,0,2026-03-13 04:38:46.000,203,203,0,2026-03-13 04:37:49.773,137,137,0,2026-03-13 04:37:49.773,9,9,0,2026-03-13 04:50:05.080,736,735,1,2026-03-13 04:48:45.807,2026-03-13 04:51:32.500,0,NULL,2026-03-13 04:51:32.587,969,969,0,NR-No Report
26-006232,2026-03-13 04:48:58.000,11,FRI,13,4,D,NIGHT,LATE,EMS,TROUBLE BREATHING ALS 1,1,E-911,"HARDING, AUTUMN",Automatic Dispatch,2026-03-13 04:48:57.000,2026-03-13 04:50:37.000,2026-03-13 04:50:04.000,67,66,1,2026-03-13 04:50:08.420,4,4,0,2026-03-13 04:50:55.000,118,117,1,2026-03-13 04:51:39.780,71,71,0,2026-03-13 04:51:39.780,91,91,0,2026-03-13 04:55:39.713,240,239,1,2026-03-13 04:54:05.463,2026-03-13 05:15:05.473,0,NULL,2026-03-13 05:15:05.607,1568,1568,0,UNDEFINED
26-019191,2026-03-13 05:14:17.000,11,FRI,13,5,D,NIGHT,LATE,POLICE,911 HANG UP,2,E-911,"HARDING, AUTUMN","LEWIS, LESLIE",2026-03-13 05:14:17.000,2026-03-13 05:17:16.000,2026-03-13 05:14:35.000,18,18,0,2026-03-13 05:17:24.237,169,169,0,2026-03-13 05:15:05.000,48,48,0,2026-03-13 05:17:27.027,187,187,0,2026-03-13 05:17:27.027,3,2,1,2026-03-13 05:26:31.300,544,544,0,2026-03-13 05:34:05.913,2026-03-13 05:34:05.913,0,NULL,2026-03-13 05:34:06.003,1188,1188,0,NR-No Report
26-019192,2026-03-13 05:30:57.000,11,FRI,13,5,D,NIGHT,LATE,POLICE,PARKING COMPLAINT,4,Phone,"MESARIS, MATTHEW",NULL,2026-03-13 05:30:57.000,2026-03-13 05:32:17.000,2026-03-13 05:32:04.000,67,67,0,2026-03-13 06:55:28.930,5004,5004,0,2026-03-13 05:32:14.000,77,77,0,2026-03-13 06:55:28.930,5071,5071,0,2026-03-13 06:55:28.930,0,0,0,2026-03-13 07:28:52.713,2004,2003,1,2026-03-13 07:33:36.950,2026-03-13 07:33:36.950,0,NULL,2026-03-13 07:33:38.190,7359,7359,0,CI-Citation
26-006233,2026-03-13 05:36:45.000,11,FRI,13,5,D,NIGHT,LATE,EMS,FALL BLS,3,E-911,"MESARIS, MATTHEW",Automatic Dispatch,2026-03-13 05:36:45.000,2026-03-13 05:39:45.000,2026-03-13 05:37:30.000,45,45,0,2026-03-13 05:37:33.167,3,3,0,2026-03-13 05:38:42.000,117,117,0,2026-03-13 05:39:35.277,48,48,0,2026-03-13 05:39:35.277,122,122,0,2026-03-13 05:47:57.343,502,502,0,2026-03-13 06:41:23.857,2026-03-13 06:41:23.857,0,NULL,2026-03-13 06:41:23.987,3878,3878,0,UNDEFINED
26-019194,2026-03-13 05:46:35.000,11,FRI,13,5,D,NIGHT,LATE,POLICE,TRAFFIC STOP,2,OFFICER,"LEWIS, LESLIE","LEWIS, LESLIE",2026-03-13 05:46:35.000,2026-03-13 05:46:41.000,2026-03-13 05:46:35.000,0,0,0,2026-03-13 05:46:35.000,0,0,0,2026-03-13 05:46:35.000,0,0,0,2026-03-13 05:48:37.827,0,0,0,2026-03-13 05:46:35.000,0,0,0,2026-03-13 05:46:35.000,0,0,0,2026-03-13 06:44:04.640,2026-03-13 06:44:11.620,0,NULL,2026-03-13 06:44:11.650,3456,3456,0,CI-Citation
26-019195,2026-03-13 05:56:52.000,11,FRI,13,5,D,NIGHT,LATE,POLICE,OFF DUTY DETAIL,8,OFFICER,"KIM, DANIEL H",NULL,2026-03-13 05:56:52.000,2026-03-13 07:25:29.000,2026-03-13 05:56:52.000,0,1,-1,2026-03-13 05:56:52.000,0,0,0,2026-03-13 05:56:52.000,0,NULL,0,2026-03-13 05:56:52.000,0,0,0,2026-03-13 05:56:52.000,0,0,0,2026-03-13 05:56:52.000,0,0,0,2026-03-13 07:59:56.050,2026-03-13 07:59:56.050,0,NULL,2026-03-13 07:59:56.313,7384,7384,0,NR-No Report
26-006234,2026-03-13 05:59:33.000,11,FRI,13,5,D,NIGHT,LATE,FIRE,ODOR OF SMOKE HR RESIDENTIAL,1,E-911,"GARCIA, VILMA","WALKER, KAREN",2026-03-13 05:59:33.000,2026-03-13 06:01:13.000,2026-03-13 06:01:05.000,92,92,0,2026-03-13 06:01:08.367,3,3,0,2026-03-13 06:01:30.000,117,117,0,2026-03-13 06:03:20.710,95,95,0,2026-03-13 06:03:20.710,132,132,0,2026-03-13 06:08:41.887,321,321,0,2026-03-13 06:06:05.350,2026-03-13 06:38:00.077,0,NULL,2026-03-13 06:38:00.417,2307,2307,0,UNDEFINED
26-019196,2026-03-13 06:09:44.000,11,FRI,13,6,B,DAY,EARLY,POLICE,LARCENY COMMERCIAL DELAY,4,Phone,"PATTERSON, JAHAIRA","WALKER, JUANITA",2026-03-13 06:09:44.000,2026-03-13 06:19:27.000,2026-03-13 06:10:37.000,53,53,0,2026-03-13 07:54:08.740,6211,6211,0,2026-03-13 06:10:52.000,68,68,0,2026-03-13 07:54:14.953,6264,6264,0,2026-03-13 07:54:14.953,6,6,0,2026-03-13 08:01:38.240,444,443,1,2026-03-13 09:14:19.570,2026-03-13 09:14:19.570,0,NULL,2026-03-13 09:14:19.660,11075,11075,0,RE-Report
26-019198,2026-03-13 06:18:33.000,11,FRI,13,6,B,DAY,EARLY,POLICE,ALARM COMMERCIAL,2,Phone,"PATTERSON, JAHAIRA","WALKER, JUANITA",2026-03-13 06:18:31.000,2026-03-13 06:19:25.000,2026-03-13 06:19:11.000,40,38,2,2026-03-13 06:19:46.700,35,35,0,2026-03-13 06:20:05.000,94,92,2,2026-03-13 06:19:57.670,75,75,0,2026-03-13 06:19:57.670,11,10,1,2026-03-13 06:24:19.930,262,262,0,2026-03-13 06:31:55.923,2026-03-13 06:33:31.623,0,NULL,2026-03-13 06:33:31.893,900,900,0,NR-No Report
26-019199,2026-03-13 06:21:35.000,11,FRI,13,6,B,DAY,EARLY,POLICE,DISORDERLY CONDUCT,2,E-911,"GARCIA, VILMA",NULL,2026-03-13 06:21:34.000,2026-03-13 06:23:25.000,2026-03-13 06:23:03.000,89,88,1,2026-03-13 06:35:45.303,762,762,0,2026-03-13 06:24:14.000,160,159,1,2026-03-13 06:35:48.440,851,851,0,2026-03-13 06:35:48.440,3,3,0,2026-03-13 06:40:20.750,272,272,0,2026-03-13 06:49:13.037,2026-03-13 06:51:00.030,0,NULL,2026-03-13 06:51:00.380,1766,1766,0,NR-No Report
26-019200,2026-03-13 06:43:39.000,11,FRI,13,6,B,DAY,EARLY,POLICE,TRAFFIC STOP,2,OFFICER,"PAULINO, GUSTAVO A",NULL,2026-03-13 06:43:39.000,2026-03-13 06:43:52.000,2026-03-13 06:43:39.000,0,1,-1,2026-03-13 06:43:39.000,0,0,0,2026-03-13 06:43:39.000,0,NULL,0,2026-03-13 06:43:39.000,0,0,0,2026-03-13 06:43:39.000,0,0,0,2026-03-13 06:43:39.000,0,0,0,2026-03-13 06:49:50.793,2026-03-13 06:49:50.793,0,NULL,2026-03-13 06:49:50.890,371,371,0,CI-Citation
26-019202,2026-03-13 06:52:06.000,11,FRI,13,6,B,DAY,EARLY,POLICE,MVC CONDITIONS UNKNOWN,1,E-911,"ALLEN, TIANA",NULL,2026-03-13 06:52:06.000,2026-03-13 06:53:08.893,2026-03-13 06:52:54.000,48,48,0,2026-03-13 06:53:08.833,14,14,0,2026-03-13 06:54:08.000,122,122,0,2026-03-13 06:53:18.710,62,62,0,2026-03-13 06:53:18.710,10,9,1,2026-03-13 06:53:18.710,0,0,0,2026-03-13 07:11:55.960,2026-03-13 10:44:30.870,0,NULL,2026-03-13 10:44:30.920,13944,13944,0,RE-Report
26-006235,2026-03-13 06:52:55.000,11,FRI,13,6,B,DAY,EARLY,FIRE,MVC AUTO,2,Phone,"ALLEN, TIANA",Automatic Dispatch,2026-03-13 06:52:55.000,2026-03-13 06:53:02.000,2026-03-13 06:52:55.000,0,NULL,0,2026-03-13 06:52:57.870,2,2,0,2026-03-13 06:52:55.000,0,0,0,2026-03-13 06:54:10.767,2,2,0,2026-03-13 06:54:10.767,73,72,1,2026-03-13 06:56:38.333,148,147,1,2026-03-13 07:03:43.833,2026-03-13 07:36:10.243,0,NULL,2026-03-13 07:36:10.727,2595,2595,0,UNDEFINED
26-019203,2026-03-13 06:58:00.000,11,FRI,13,6,B,DAY,EARLY,POLICE,TRAFFIC STOP,2,OFFICER,"MCGECHEE, NICOLE",NULL,2026-03-13 06:58:00.000,2026-03-13 06:58:07.000,2026-03-13 06:58:00.000,0,1,-1,2026-03-13 06:58:00.000,0,0,0,2026-03-13 06:58:00.000,0,NULL,0,2026-03-13 06:58:00.000,0,0,0,2026-03-13 06:58:00.000,0,0,0,2026-03-13 06:58:00.000,0,0,0,2026-03-13 07:10:57.127,2026-03-13 07:10:57.127,0,NULL,2026-03-13 07:10:57.260,777,777,0,CI-Citation
26-019204,2026-03-13 07:05:32.000,11,FRI,13,7,B,DAY,EARLY,POLICE,PARKING COMPLAINT,4,Phone,"FLOURNOY, ERICKA",NULL,2026-03-13 07:05:31.000,NULL,2026-03-13 07:06:48.000,77,76,1,2026-03-13 07:18:59.940,731,731,0,2026-03-13 07:09:27.000,236,235,1,2026-03-13 07:18:59.940,808,808,0,2026-03-13 07:18:59.940,0,-9999,9999,2026-03-13 07:37:15.340,1096,1095,1,2026-03-13 07:52:23.577,2026-03-13 07:52:23.577,0,NULL,2026-03-13 07:52:24.077,2812,2812,0,CI-Citation
26-006236,2026-03-13 07:09:47.293,11,FRI,13,7,B,DAY,EARLY,EMS,MUTUAL ALS,1,C2C,CAD to CAD Service 1,CAD to CAD Service 1,2026-03-13 07:04:22.000,NULL,2026-03-13 07:09:48.963,326,0,326,2026-03-13 07:09:49.167,1,0,1,NULL,NULL,NULL,NULL,2026-03-13 07:09:59.277,327,358,-31,2026-03-13 07:09:59.277,10,10,0,2026-03-13 07:15:46.847,347,347,0,2026-03-13 07:21:02.863,2026-03-13 07:21:47.503,0,NULL,2026-03-13 07:21:47.580,1045,1045,0,CAD2CAD
26-019205,2026-03-13 07:10:16.000,11,FRI,13,7,B,DAY,EARLY,POLICE,ALARM COMMERCIAL,2,Phone,"VALENTIN, EMERITA","WALKER, JUANITA",2026-03-13 07:10:14.000,2026-03-13 07:12:54.000,2026-03-13 07:10:43.000,29,27,2,2026-03-13 07:19:13.787,510,510,0,2026-03-13 07:11:38.000,84,82,2,2026-03-13 07:19:31.643,539,539,0,2026-03-13 07:19:31.643,18,2,16,2026-03-13 07:20:35.787,64,64,0,2026-03-13 07:23:19.823,2026-03-13 07:25:34.800,0,NULL,2026-03-13 07:25:34.800,920,920,0,NR-No Report
26-019206,2026-03-13 07:14:53.000,11,FRI,13,7,B,DAY,EARLY,POLICE,TRAFFIC STOP,2,OFFICER,"MCGECHEE, NICOLE",NULL,2026-03-13 07:14:53.000,2026-03-13 07:15:04.000,2026-03-13 07:14:53.000,0,1,-1,2026-03-13 07:14:53.000,0,0,0,2026-03-13 07:14:53.000,0,NULL,0,2026-03-13 07:14:53.000,0,0,0,2026-03-13 07:14:53.000,0,0,0,2026-03-13 07:14:53.000,0,0,0,2026-03-13 07:28:12.557,2026-03-13 07:28:12.557,0,NULL,2026-03-13 07:28:12.690,799,799,0,NR-No Report
26-019208,2026-03-13 07:19:53.000,11,FRI,13,7,B,DAY,EARLY,POLICE,PARKING COMPLAINT,3,Phone,"BRYANT, THEO",NULL,2026-03-13 07:19:51.000,2026-03-13 07:21:43.000,2026-03-13 07:20:46.000,55,53,2,2026-03-13 07:39:27.957,1121,1121,0,2026-03-13 07:21:36.000,105,103,2,2026-03-13 07:39:27.957,1176,1176,0,2026-03-13 07:39:27.957,0,0,0,NULL,NULL,-9999,NULL,NULL,2026-03-13 07:53:14.000,0,NULL,NULL,2003,2003,0,NR-No Report
26-019209,2026-03-13 07:24:54.000,11,FRI,13,7,B,DAY,EARLY,POLICE,OFF DUTY DETAIL,8,OFFICER,"ANDERSON, ALEX D",NULL,2026-03-13 07:24:54.000,2026-03-13 08:55:44.000,2026-03-13 07:24:54.000,0,1,-1,2026-03-13 07:24:54.000,0,0,0,2026-03-13 07:24:54.000,0,NULL,0,2026-03-13 07:24:54.000,0,0,0,2026-03-13 07:24:54.000,0,0,0,2026-03-13 07:24:54.000,0,0,0,2026-03-13 10:59:31.693,2026-03-13 16:08:50.267,0,NULL,2026-03-13 16:08:50.340,31436,31436,0,NR-No Report
26-006237,2026-03-13 07:26:42.093,11,FRI,13,7,B,DAY,EARLY,EMS,MUTUAL ALS,1,C2C,CAD to CAD Service 1,CAD to CAD Service 1,2026-03-13 07:25:53.000,NULL,2026-03-13 07:26:42.627,49,0,49,2026-03-13 07:26:42.673,0,0,0,NULL,NULL,NULL,NULL,2026-03-13 07:27:44.070,49,129,-80,2026-03-13 07:27:44.070,62,61,1,2026-03-13 07:32:43.930,299,299,0,2026-03-13 07:37:20.470,2026-03-13 07:37:58.387,0,NULL,2026-03-13 07:37:58.433,725,725,0,CAD2CAD
26-019210,2026-03-13 07:34:58.000,11,FRI,13,7,B,DAY,EARLY,POLICE,TRAFFIC STOP,2,OFFICER,"MCGECHEE, NICOLE",NULL,2026-03-13 07:34:58.000,2026-03-13 07:35:22.000,2026-03-13 07:34:58.000,0,1,-1,2026-03-13 07:34:58.000,0,0,0,2026-03-13 07:34:58.000,0,NULL,0,2026-03-13 07:34:58.000,0,0,0,2026-03-13 07:34:58.000,0,0,0,2026-03-13 07:34:58.000,0,0,0,2026-03-13 07:40:11.110,2026-03-13 07:40:11.110,0,NULL,2026-03-13 07:40:11.133,313,313,0,NR-No Report
26-019211,2026-03-13 07:35:08.000,11,FRI,13,7,B,DAY,EARLY,POLICE,TRNSPORT PRISONER JAIL TO JAIL,4,Phone,"VALENTIN, EMERITA","VALENTIN, EMERITA",2026-03-13 07:35:05.000,NULL,2026-03-13 07:36:51.000,106,103,3,2026-03-13 07:37:37.797,46,46,0,2026-03-13 07:36:51.000,106,NULL,106,2026-03-13 07:37:37.927,152,152,0,2026-03-13 07:37:37.927,0,0,0,2026-03-13 08:25:56.100,2899,2898,1,2026-03-13 09:31:53.533,2026-03-13 09:31:53.463,0,NULL,2026-03-13 09:31:53.463,7008,7008,0,NR-No Report
26-006238,2026-03-13 07:35:38.000,11,FRI,13,7,B,DAY,EARLY,EMS,CHEST PAIN ALS 1,1,E-911,"GARCIA, VILMA",Automatic Dispatch,2026-03-13 07:35:38.000,2026-03-13 07:36:52.000,2026-03-13 07:36:29.000,51,51,0,2026-03-13 07:36:32.053,3,3,0,2026-03-13 07:38:55.000,197,197,0,2026-03-13 07:37:19.880,54,54,0,2026-03-13 07:37:19.880,47,47,0,2026-03-13 07:42:15.573,296,295,1,2026-03-13 08:04:53.947,2026-03-13 08:59:20.923,0,NULL,2026-03-13 08:59:21.007,5022,5022,0,UNDEFINED
26-019212,2026-03-13 07:35:48.000,11,FRI,13,7,B,DAY,EARLY,POLICE,TRNSPORT PRISONER MED LOCAL,4,Phone,"PATTERSON, JAHAIRA","PATTERSON, JAHAIRA",2026-03-13 07:35:47.000,2026-03-13 08:38:49.000,2026-03-13 07:37:18.000,91,90,1,2026-03-13 07:37:24.657,6,6,0,2026-03-13 07:51:39.000,952,951,1,2026-03-13 07:37:24.813,97,97,0,2026-03-13 07:37:24.813,0,0,0,NULL,NULL,-9999,NULL,2026-03-13 10:58:58.447,2026-03-13 10:58:58.447,0,NULL,2026-03-13 10:58:58.493,12191,12191,0,NR-No Report
26-006239,2026-03-13 07:40:45.000,11,FRI,13,7,B,DAY,EARLY,EMS,TROUBLE BREATHING ALS 1,1,E-911,"FLOURNOY, ERICKA","WALKER, KAREN",2026-03-13 07:40:44.000,2026-03-13 07:42:21.000,2026-03-13 07:41:54.000,70,69,1,2026-03-13 07:41:57.093,3,3,0,2026-03-13 07:46:14.000,330,329,1,2026-03-13 07:43:24.113,73,73,0,2026-03-13 07:43:24.113,87,87,0,2026-03-13 07:48:32.903,308,308,0,2026-03-13 08:28:08.663,2026-03-13 08:48:56.123,0,NULL,2026-03-13 08:48:56.367,4092,4092,0,UNDEFINED
26-019213,2026-03-13 07:43:59.000,11,FRI,13,7,B,DAY,EARLY,POLICE,ASSIST CITIZEN DELAY,4,E-911,"PEREZ, CARLOS","WALKER, JUANITA",2026-03-13 07:43:58.000,2026-03-13 07:48:52.000,2026-03-13 07:48:14.000,256,255,1,2026-03-13 07:53:33.760,319,319,0,2026-03-13 07:51:01.000,423,422,1,2026-03-13 07:53:38.613,575,575,0,2026-03-13 07:53:38.613,5,4,1,2026-03-13 08:03:58.083,620,619,1,2026-03-13 07:57:11.217,2026-03-13 08:18:51.683,0,NULL,2026-03-13 08:18:51.960,2093,2093,0,NR-No Report
26-019215,2026-03-13 07:55:35.000,11,FRI,13,7,B,DAY,EARLY,POLICE,ANIMAL SICK-INJURED,2,Phone,"VALENTIN, EMERITA","ALLEN, TIANA",2026-03-13 07:55:33.000,2026-03-13 07:57:45.000,2026-03-13 07:57:35.000,122,120,2,2026-03-13 07:59:32.570,117,117,0,2026-03-13 07:57:37.000,124,122,2,NULL,239,239,0,NULL,NULL,-9999,NULL,NULL,NULL,-9999,NULL,NULL,2026-03-13 07:59:55.000,0,NULL,NULL,262,262,0,ACOR-Animal Control Report
26-019214,2026-03-13 07:56:12.000,11,FRI,13,7,B,DAY,EARLY,POLICE,PARKING COMPLAINT,4,Phone,"PATTERSON, JAHAIRA",NULL,2026-03-13 07:56:11.000,NULL,2026-03-13 07:56:44.000,33,32,1,2026-03-13 08:00:14.070,210,210,0,2026-03-13 07:57:07.000,56,55,1,2026-03-13 08:00:14.070,243,243,0,2026-03-13 08:00:14.070,0,-9999,9999,2026-03-13 08:00:16.080,2,2,0,2026-03-13 08:43:30.570,2026-03-13 08:43:30.570,0,NULL,2026-03-13 08:43:31.337,2839,2839,0,CI-Citation
26-019216,2026-03-13 08:02:15.000,11,FRI,13,8,B,DAY,EARLY,POLICE,TRAFFIC STOP,2,OFFICER,"FELIX, BRUCE",NULL,2026-03-13 08:02:15.000,2026-03-13 08:15:17.000,2026-03-13 08:02:15.000,0,1,-1,2026-03-13 08:02:15.000,0,0,0,2026-03-13 08:02:15.000,0,NULL,0,2026-03-13 08:02:15.000,0,0,0,2026-03-13 08:02:15.000,0,0,0,2026-03-13 08:02:15.000,0,0,0,2026-03-13 08:16:07.303,2026-03-13 08:16:07.303,0,NULL,2026-03-13 08:16:07.390,832,832,0,NR-No Report
26-019217,2026-03-13 08:03:35.000,11,FRI,13,8,B,DAY,EARLY,POLICE,TRAFFIC STOP,2,OFFICER,"KIM, DANIEL H",NULL,2026-03-13 08:03:35.000,NULL,2026-03-13 08:03:35.000,0,1,-1,2026-03-13 08:03:35.000,0,0,0,2026-03-13 08:03:35.000,0,NULL,0,2026-03-13 08:03:35.000,0,0,0,2026-03-13 08:03:35.000,0,0,0,2026-03-13 08:03:35.000,0,0,0,2026-03-13 08:07:25.597,2026-03-13 08:07:25.597,0,NULL,2026-03-13 08:07:25.667,230,230,0,NR-No Report
26-019219,2026-03-13 08:09:21.000,11,FRI,13,8,B,DAY,EARLY,POLICE,TRAFFIC STOP,2,OFFICER,"PAULINO, GUSTAVO A",NULL,2026-03-13 08:09:21.000,2026-03-13 08:14:47.000,2026-03-13 08:09:21.000,0,1,-1,2026-03-13 08:09:21.000,0,0,0,2026-03-13 08:09:21.000,0,NULL,0,2026-03-13 08:09:21.000,0,0,0,2026-03-13 08:09:21.000,0,0,0,2026-03-13 08:09:21.000,0,0,0,2026-03-13 08:17:22.920,2026-03-13 08:17:22.920,0,NULL,2026-03-13 08:17:23.010,481,481,0,CI-Citation
26-019220,2026-03-13 08:10:55.000,11,FRI,13,8,B,DAY,EARLY,POLICE,DISABLED MOTORIST,2,Radio,"WALKER, KAREN","ALLEN, TIANA",2026-03-13 08:10:53.000,2026-03-13 08:13:16.000,2026-03-13 08:12:11.000,78,76,2,2026-03-13 08:20:11.073,480,480,0,2026-03-13 08:22:04.000,671,669,2,2026-03-13 08:20:14.167,558,558,0,2026-03-13 08:20:14.167,3,3,0,2026-03-13 08:23:57.183,223,223,0,2026-03-13 09:16:41.690,2026-03-13 09:16:41.690,0,NULL,2026-03-13 09:16:41.753,3948,3948,0,NR-No Report
26-019221,2026-03-13 08:14:39.000,11,FRI,13,8,B,DAY,EARLY,POLICE,OFF DUTY DETAIL,8,OFFICER,"SIDDIQUI, OSMAN",NULL,2026-03-13 08:14:39.000,2026-03-13 08:54:58.000,2026-03-13 08:14:39.000,0,1,-1,2026-03-13 08:14:39.000,0,0,0,2026-03-13 08:14:39.000,0,NULL,0,2026-03-13 08:14:39.000,0,0,0,2026-03-13 08:14:39.000,0,0,0,2026-03-13 08:14:39.000,0,0,0,2026-03-13 16:09:10.600,2026-03-13 16:59:55.583,0,NULL,2026-03-13 16:59:55.693,31516,31516,0,NR-No Report
26-019222,2026-03-13 08:19:32.000,11,FRI,13,8,B,DAY,EARLY,POLICE,FALSE PRETENSE/SWINDLE DELAY,4,Phone,"MAIORIELLO, BERMARI","ALLEN, TIANA",2026-03-13 08:19:30.000,2026-03-13 08:24:00.000,2026-03-13 08:20:58.000,88,86,2,2026-03-13 09:23:06.480,3728,3728,0,2026-03-13 08:23:49.000,259,257,2,2026-03-13 09:23:10.330,3816,3816,0,2026-03-13 09:23:10.330,4,3,1,2026-03-13 10:40:05.757,4615,4615,0,2026-03-13 15:16:13.780,2026-03-13 15:16:13.780,0,NULL,2026-03-13 15:16:13.857,25003,25003,0,RE-Report
26-006240,2026-03-13 08:27:02.000,11,FRI,13,8,B,DAY,EARLY,EMS,BACK PAIN BLS,3,E-911,"GARCIA, VILMA",Automatic Dispatch,2026-03-13 08:27:01.000,2026-03-13 08:28:27.000,2026-03-13 08:28:01.000,60,59,1,2026-03-13 08:28:04.327,3,3,0,2026-03-13 08:30:15.000,194,193,1,2026-03-13 08:29:21.207,63,63,0,2026-03-13 08:29:21.207,77,76,1,2026-03-13 08:36:32.030,431,430,1,2026-03-13 09:48:06.080,2026-03-13 09:48:06.080,0,NULL,2026-03-13 09:48:06.567,4865,4865,0,UNDEFINED
26-019225,2026-03-13 08:30:41.000,11,FRI,13,8,B,DAY,EARLY,POLICE,PARKING COMPLAINT,4,Phone,"PEREZ, CARLOS",NULL,2026-03-13 08:30:39.000,NULL,2026-03-13 08:31:58.000,79,77,2,2026-03-13 08:37:55.040,357,357,0,2026-03-13 08:31:59.000,80,78,2,2026-03-13 08:37:55.040,436,436,0,2026-03-13 08:37:55.040,0,0,0,2026-03-13 09:10:56.693,1981,1981,0,2026-03-13 09:18:30.833,2026-03-13 09:18:30.833,0,NULL,2026-03-13 09:18:31.710,2871,2871,0,CI-Citation
26-019226,2026-03-13 08:30:54.000,11,FRI,13,8,B,DAY,EARLY,POLICE,TROUBLE UNKNOWN NO EMS,2,E-911,"GARCIA, VILMA","ALLEN, TIANA",2026-03-13 08:30:54.000,2026-03-13 08:34:21.000,2026-03-13 08:34:05.000,191,191,0,2026-03-13 08:35:09.610,64,64,0,2026-03-13 08:34:45.000,231,231,0,2026-03-13 08:35:13.313,255,255,0,2026-03-13 08:35:13.313,4,3,1,2026-03-13 08:39:56.013,283,282,1,2026-03-13 08:35:37.207,2026-03-13 09:10:38.280,0,NULL,2026-03-13 09:10:38.317,2384,2384,0,NR-No Report
26-019227,2026-03-13 08:34:02.000,11,FRI,13,8,B,DAY,EARLY,POLICE,PARKING COMPLAINT,4,Phone,"PICKERAL, LAUREN","ALLEN, TIANA",2026-03-13 08:34:01.000,2026-03-13 09:00:20.750,2026-03-13 08:36:01.000,120,119,1,2026-03-13 09:00:20.673,1459,1459,0,2026-03-13 08:36:03.000,122,121,1,2026-03-13 09:01:39.737,1579,1579,0,2026-03-13 09:01:39.737,79,79,0,2026-03-13 09:26:51.330,1512,1511,1,2026-03-13 09:40:51.573,2026-03-13 09:40:51.573,0,NULL,2026-03-13 09:40:51.663,4010,4010,0,NR-No Report
26-006241,2026-03-13 08:36:15.297,11,FRI,13,8,B,DAY,EARLY,EMS,MUTUAL BLS,1,C2C,CAD to CAD Service 1,CAD to CAD Service 1,2026-03-13 08:35:54.000,2026-03-13 08:41:42.000,2026-03-13 08:36:15.953,21,0,21,2026-03-13 08:36:16.110,1,0,1,NULL,NULL,NULL,NULL,2026-03-13 08:36:25.677,22,-9999,10021,2026-03-13 08:36:25.677,9,9,0,2026-03-13 08:39:14.320,169,168,1,2026-03-13 08:45:55.097,2026-03-13 08:49:08.837,0,NULL,2026-03-13 08:49:08.837,794,794,0,UNDEFINED
26-019228,2026-03-13 08:39:46.000,11,FRI,13,8,B,DAY,EARLY,POLICE,PARKING COMPLAINT,4,Phone,"MAIORIELLO, BERMARI",NULL,2026-03-13 08:39:44.000,2026-03-13 09:35:58.000,2026-03-13 08:41:03.000,79,77,2,2026-03-13 09:18:36.573,2253,2253,0,2026-03-13 08:41:14.000,90,88,2,2026-03-13 09:18:36.573,2332,2332,0,2026-03-13 09:18:36.573,0,0,0,2026-03-13 09:31:59.310,803,802,1,2026-03-13 10:09:56.847,2026-03-13 10:09:56.847,0,NULL,2026-03-13 10:09:58.473,5412,5412,0,CI-Citation
26-006242,2026-03-13 08:46:15.000,11,FRI,13,8,B,DAY,EARLY,EMS,PUBLIC SERVICE EMS,4,Phone,"MAIORIELLO, BERMARI","WALKER, KAREN",2026-03-13 08:46:13.000,2026-03-13 08:48:55.000,2026-03-13 08:48:30.000,137,135,2,2026-03-13 08:48:32.990,2,2,0,2026-03-13 08:49:09.000,176,174,2,2026-03-13 08:48:49.413,139,139,0,2026-03-13 08:48:49.413,17,16,1,2026-03-13 08:54:15.827,326,326,0,2026-03-13 08:59:24.543,2026-03-13 09:10:03.960,0,NULL,2026-03-13 09:10:03.960,1430,1430,0,UNDEFINED
26-019230,2026-03-13 08:47:42.000,11,FRI,13,8,B,DAY,EARLY,POLICE,TRAFFIC STOP,2,OFFICER,"PAULINO, GUSTAVO A",NULL,2026-03-13 08:47:42.000,2026-03-13 08:47:50.000,2026-03-13 08:47:42.000,0,1,-1,2026-03-13 08:47:42.000,0,0,0,2026-03-13 08:47:42.000,0,NULL,0,2026-03-13 08:47:42.000,0,0,0,2026-03-13 08:47:42.000,0,0,0,2026-03-13 08:47:42.000,0,0,0,2026-03-13 08:55:58.800,2026-03-13 08:55:58.800,0,NULL,2026-03-13 08:55:58.890,496,496,0,CI-Citation
26-019233,2026-03-13 08:49:22.000,11,FRI,13,8,B,DAY,EARLY,POLICE,PARKING COMPLAINT,4,Phone,"WALKER, JUANITA","ALLEN, TIANA",2026-03-13 08:49:20.000,2026-03-13 08:58:09.387,2026-03-13 08:50:23.000,63,61,2,2026-03-13 08:58:09.313,466,466,0,2026-03-13 09:55:44.000,3984,3982,2,2026-03-13 08:58:35.093,529,529,0,2026-03-13 08:58:35.093,26,25,1,2026-03-13 09:09:39.377,664,664,0,2026-03-13 10:04:36.610,2026-03-13 10:04:36.610,0,NULL,2026-03-13 10:04:37.123,4516,4516,0,CI-Citation
26-019232,2026-03-13 08:49:48.000,11,FRI,13,8,B,DAY,EARLY,POLICE,TRAFFIC STOP,2,OFFICER,"TRAPERO, HUMBERTO A",NULL,2026-03-13 08:49:48.000,2026-03-13 08:50:11.000,2026-03-13 08:49:48.000,0,0,0,2026-03-13 08:49:48.000,0,0,0,2026-03-13 08:49:48.000,0,NULL,0,2026-03-13 08:49:48.000,0,0,0,2026-03-13 08:49:48.000,0,0,0,2026-03-13 08:49:48.000,0,0,0,2026-03-13 08:56:19.013,2026-03-13 08:56:19.013,0,NULL,2026-03-13 08:56:19.047,391,391,0,CI-Citation
26-006243,2026-03-13 08:51:50.743,11,FRI,13,8,B,DAY,EARLY,EMS,MUTUAL ALS,1,C2C,CAD to CAD Service 1,CAD to CAD Service 1,2026-03-13 08:51:20.000,2026-03-13 08:52:17.000,2026-03-13 08:51:51.290,31,0,31,2026-03-13 08:51:51.353,0,0,0,NULL,NULL,NULL,NULL,2026-03-13 08:52:33.893,31,37,-6,2026-03-13 08:52:33.893,42,36,6,2026-03-13 08:58:33.913,360,360,0,2026-03-13 09:02:59.550,2026-03-13 09:38:26.137,0,NULL,2026-03-13 09:38:26.200,2826,2826,0,CAD2CAD
26-019235,2026-03-13 08:53:12.000,11,FRI,13,8,B,DAY,EARLY,POLICE,OFF DUTY DETAIL,8,OFFICER,"YOUNG, JAMES K",NULL,2026-03-13 08:53:12.000,2026-03-13 08:54:45.000,2026-03-13 08:53:12.000,0,1,-1,2026-03-13 08:53:12.000,0,0,0,2026-03-13 08:53:12.000,0,NULL,0,2026-03-13 08:53:12.000,0,0,0,2026-03-13 08:53:12.000,0,0,0,2026-03-13 08:53:12.000,0,0,0,2026-03-13 17:23:00.530,2026-03-13 17:23:00.530,0,NULL,2026-03-13 17:23:00.607,30588,30588,0,NR-No Report
26-019239,2026-03-13 08:59:09.000,11,FRI,13,8,B,DAY,EARLY,POLICE,TRAFFIC STOP,2,OFFICER,"PAULINO, GUSTAVO A",NULL,2026-03-13 08:59:09.000,2026-03-13 08:59:15.000,2026-03-13 08:59:09.000,0,1,-1,2026-03-13 08:59:09.000,0,0,0,2026-03-13 08:59:09.000,0,NULL,0,2026-03-13 08:59:09.000,0,0,0,2026-03-13 08:59:09.000,0,0,0,2026-03-13 08:59:09.000,0,0,0,2026-03-13 09:06:39.593,2026-03-13 09:06:39.593,0,NULL,2026-03-13 09:06:39.670,450,450,0,CI-Citation
26-006244,2026-03-13 09:00:51.067,11,FRI,13,9,B,DAY,EARLY,EMS,MUTUAL ALS,1,C2C,CAD to CAD Service 1,CAD to CAD Service 1,2026-03-13 08:59:47.000,NULL,2026-03-13 09:00:51.677,64,0,64,2026-03-13 09:00:51.737,0,0,0,NULL,NULL,NULL,NULL,2026-03-13 09:02:10.463,64,-9999,10063,2026-03-13 09:02:10.463,79,78,1,2026-03-13 09:07:21.273,311,310,1,2026-03-13 09:14:04.267,2026-03-13 09:18:42.817,0,NULL,2026-03-13 09:18:42.847,1135,1135,0,CAD2CAD
26-019240,2026-03-13 09:14:06.000,11,FRI,13,9,B,DAY,EARLY,POLICE,ON VIEW,2,NOT CAPTURED,"ALLEN, TIANA","ALLEN, TIANA",2026-03-13 09:14:06.000,2026-03-13 10:08:58.000,2026-03-13 09:14:06.000,0,0,0,2026-03-13 09:14:06.000,0,0,0,2026-03-13 09:14:06.000,0,0,0,2026-03-13 09:15:06.310,0,0,0,2026-03-13 09:14:06.000,0,0,0,2026-03-13 09:14:06.000,0,0,0,2026-03-13 10:08:58.087,2026-03-13 10:09:18.000,0,NULL,NULL,3312,3312,0,NR-No Report
26-019242,2026-03-13 09:14:44.000,11,FRI,13,9,B,DAY,EARLY,POLICE,PARKING COMPLAINT,4,Phone,"PATTERSON, JAHAIRA",NULL,2026-03-13 09:14:44.000,NULL,2026-03-13 09:15:46.000,62,62,0,2026-03-13 09:25:03.517,557,557,0,2026-03-13 09:16:36.000,112,112,0,2026-03-13 09:25:03.517,619,619,0,2026-03-13 09:25:03.517,0,0,0,2026-03-13 09:39:22.720,859,859,0,2026-03-13 09:42:58.770,2026-03-13 09:42:58.770,0,NULL,2026-03-13 09:42:59.633,1694,1694,0,NR-No Report
26-019243,2026-03-13 09:16:08.000,11,FRI,13,9,B,DAY,EARLY,POLICE,PARKING COMPLAINT,3,Phone,"MAIORIELLO, BERMARI","FLOURNOY, ERICKA",2026-03-13 09:16:07.000,2026-03-13 09:19:14.000,2026-03-13 09:17:06.000,59,58,1,2026-03-13 09:41:39.577,1473,1473,0,2026-03-13 09:18:43.000,156,155,1,2026-03-13 09:41:39.577,1532,1532,0,2026-03-13 09:41:39.577,0,0,0,2026-03-13 10:20:50.403,2351,2350,1,2026-03-13 10:05:41.167,2026-03-13 10:33:19.327,0,NULL,2026-03-13 10:33:20.353,4632,4632,0,CI-Citation
26-006245,2026-03-13 09:20:26.000,11,FRI,13,9,B,DAY,EARLY,EMS,TROUBLE BREATHING ALS 1,1,E-911,"GARCIA, VILMA",Automatic Dispatch,2026-03-13 09:20:26.000,2026-03-13 09:21:26.000,2026-03-13 09:20:56.000,30,30,0,2026-03-13 09:20:58.780,2,2,0,2026-03-13 09:29:46.000,560,560,0,2026-03-13 09:21:11.780,32,32,0,2026-03-13 09:21:11.780,13,12,1,2026-03-13 09:25:02.857,231,231,0,2026-03-13 09:40:21.410,2026-03-13 10:28:33.110,0,NULL,2026-03-13 10:28:33.567,4087,4087,0,UNDEFINED
26-019244,2026-03-13 09:23:00.000,11,FRI,13,9,B,DAY,EARLY,POLICE,PARKING COMPLAINT,4,Phone,"MAIORIELLO, BERMARI",NULL,2026-03-13 09:22:58.000,2026-03-13 09:36:37.000,2026-03-13 09:24:13.000,75,73,2,2026-03-13 09:43:14.987,1141,1141,0,2026-03-13 09:24:34.000,96,94,2,2026-03-13 09:43:14.987,1216,1216,0,2026-03-13 09:43:14.987,0,-9999,9999,2026-03-13 09:45:27.113,133,132,1,2026-03-13 09:46:40.700,2026-03-13 09:46:40.700,0,NULL,2026-03-13 09:46:41.670,1422,1422,0,NR-No Report
26-019245,2026-03-13 09:25:16.000,11,FRI,13,9,B,DAY,EARLY,POLICE,TRAFFIC STOP,2,OFFICER,"PAULINO, GUSTAVO A",NULL,2026-03-13 09:25:16.000,2026-03-13 09:25:23.000,2026-03-13 09:25:16.000,0,0,0,2026-03-13 09:25:16.000,0,0,0,2026-03-13 09:25:16.000,0,NULL,0,2026-03-13 09:25:16.000,0,0,0,2026-03-13 09:25:16.000,0,0,0,2026-03-13 09:25:16.000,0,0,0,2026-03-13 09:30:47.377,2026-03-13 09:30:47.377,0,NULL,2026-03-13 09:30:47.487,331,331,0,CI-Citation
26-006246,2026-03-13 09:33:53.000,11,FRI,13,9,B,DAY,EARLY,EMS,TROUBLE BREATHING ALS 1,1,E-911,"FLOURNOY, ERICKA",Automatic Dispatch,2026-03-13 09:33:52.000,2026-03-13 09:35:10.000,2026-03-13 09:34:57.000,65,64,1,2026-03-13 09:35:01.123,4,4,0,2026-03-13 09:49:23.000,931,930,1,2026-03-13 09:36:20.490,69,69,0,2026-03-13 09:36:20.490,79,79,0,2026-03-13 09:39:38.847,198,198,0,2026-03-13 09:46:27.157,2026-03-13 10:20:26.857,0,NULL,2026-03-13 10:20:26.997,2794,2794,0,UNDEFINED
26-019247,2026-03-13 09:34:09.000,11,FRI,13,9,B,DAY,EARLY,POLICE,PARKING COMPLAINT,4,Phone,"MAIORIELLO, BERMARI",NULL,2026-03-13 09:34:08.000,2026-03-13 09:36:47.000,2026-03-13 09:35:59.000,111,110,1,2026-03-13 09:40:28.270,269,269,0,2026-03-13 09:36:06.000,118,117,1,2026-03-13 09:40:28.270,380,380,0,2026-03-13 09:40:28.270,0,0,0,NULL,NULL,-9999,NULL,2026-03-13 10:13:24.900,2026-03-13 10:13:24.900,0,NULL,2026-03-13 10:13:24.980,2356,2356,0,NR-No Report
26-019249,2026-03-13 09:42:02.000,11,FRI,13,9,B,DAY,EARLY,POLICE,911 HANG UP,2,E-911,"GARCIA, VILMA","ALLEN, TIANA",2026-03-13 09:42:02.000,2026-03-13 09:44:37.000,2026-03-13 09:43:50.000,108,108,0,2026-03-13 09:45:04.760,74,74,0,2026-03-13 09:44:00.000,118,118,0,2026-03-13 09:45:09.030,182,182,0,2026-03-13 09:45:09.030,5,4,1,2026-03-13 09:54:36.450,567,567,0,2026-03-13 09:56:18.200,2026-03-13 09:56:18.200,0,NULL,2026-03-13 09:56:18.307,856,856,0,NR-No Report
26-019250,2026-03-13 09:44:01.000,11,FRI,13,9,B,DAY,EARLY,POLICE,TRAFFIC STOP,2,OFFICER,"PAULINO, GUSTAVO A",NULL,2026-03-13 09:44:01.000,2026-03-13 09:44:07.000,2026-03-13 09:44:01.000,0,1,-1,2026-03-13 09:44:01.000,0,0,0,2026-03-13 09:44:01.000,0,NULL,0,2026-03-13 09:44:01.000,0,0,0,2026-03-13 09:44:01.000,0,0,0,2026-03-13 09:44:01.000,0,0,0,2026-03-13 09:50:50.367,2026-03-13 09:50:50.367,0,NULL,2026-03-13 09:50:50.437,409,409,0,CI-Citation
26-006247,2026-03-13 09:53:15.000,11,FRI,13,9,B,DAY,EARLY,EMS,ALTERED LOC ALS 1,1,E-911,"WALKER, JUANITA",Automatic Dispatch,2026-03-13 09:53:15.000,2026-03-13 09:54:55.000,2026-03-13 09:54:33.000,78,78,0,2026-03-13 09:54:35.737,2,2,0,2026-03-13 09:56:45.000,210,210,0,2026-03-13 09:55:37.477,80,80,0,2026-03-13 09:55:37.477,62,61,1,2026-03-13 09:58:43.750,186,186,0,2026-03-13 10:20:24.003,2026-03-13 11:22:04.100,0,NULL,2026-03-13 11:22:04.197,5329,5329,0,UNDEFINED
26-019251,2026-03-13 09:56:03.000,11,FRI,13,9,B,DAY,EARLY,POLICE,TRAFFIC STOP,2,OFFICER,"BOWLIN, MICHAEL S",NULL,2026-03-13 09:56:03.000,2026-03-13 09:56:22.000,2026-03-13 09:56:03.000,0,1,-1,2026-03-13 09:56:03.000,0,0,0,2026-03-13 09:56:03.000,0,NULL,0,2026-03-13 09:56:03.000,0,0,0,2026-03-13 09:56:03.000,0,0,0,2026-03-13 09:56:03.000,0,0,0,2026-03-13 10:03:35.617,2026-03-13 10:03:35.617,0,NULL,2026-03-13 10:03:36.037,452,452,0,CI-Citation
26-006248,2026-03-13 09:56:55.000,11,FRI,13,9,B,DAY,EARLY,EMS,BLS EMERGENCY,3,E-911,"GARCIA, VILMA",Automatic Dispatch,2026-03-13 09:56:55.000,2026-03-13 09:58:21.000,2026-03-13 09:57:55.000,60,60,0,2026-03-13 09:57:58.057,3,3,0,2026-03-13 10:00:33.000,218,218,0,2026-03-13 09:58:08.937,63,63,0,2026-03-13 09:58:08.937,10,10,0,NULL,NULL,-9999,NULL,2026-03-13 10:49:32.187,2026-03-13 10:49:32.187,0,NULL,2026-03-13 10:49:32.317,3157,3157,0,UNDEFINED
26-006249,2026-03-13 10:07:54.000,11,FRI,13,10,B,DAY,MIDS,EMS,FALL BLS,3,E-911,"GARCIA, VILMA",Automatic Dispatch,2026-03-13 10:07:53.000,2026-03-13 10:09:01.000,2026-03-13 10:08:37.000,44,43,1,2026-03-13 10:08:40.307,3,3,0,2026-03-13 10:11:38.000,225,224,1,2026-03-13 10:09:34.953,47,47,0,2026-03-13 10:09:34.953,54,54,0,2026-03-13 10:15:09.913,335,334,1,2026-03-13 10:23:15.633,2026-03-13 11:21:12.273,0,NULL,2026-03-13 11:21:12.587,4399,4399,0,CAD2CAD
26-006250,2026-03-13 10:14:59.000,11,FRI,13,10,B,DAY,MIDS,FIRE,FIRE ALARM,3,Phone,"MAIORIELLO, BERMARI",Automatic Dispatch,2026-03-13 10:14:57.000,2026-03-13 10:16:20.000,2026-03-13 10:16:02.000,65,63,2,2026-03-13 10:16:05.077,3,3,0,2026-03-13 10:17:11.000,134,132,2,2026-03-13 10:17:58.120,68,68,0,2026-03-13 10:17:58.120,113,113,0,2026-03-13 10:22:33.873,275,275,0,2026-03-13 10:37:24.533,2026-03-13 10:37:24.533,0,NULL,2026-03-13 10:37:25.067,1347,1347,0,UNDEFINED
26-019256,2026-03-13 10:16:16.000,11,FRI,13,10,B,DAY,MIDS,POLICE,SUSPICIOUS EVENT,2,OFFICER,"FLOURNOY, ERICKA","FLOURNOY, ERICKA",2026-03-13 10:16:14.000,2026-03-13 10:16:59.743,2026-03-13 10:16:41.000,27,25,2,2026-03-13 10:16:59.087,18,18,0,2026-03-13 10:20:19.000,245,243,2,2026-03-13 10:17:12.510,45,45,0,2026-03-13 10:17:12.510,13,13,0,2026-03-13 10:17:13.603,1,1,0,2026-03-13 10:30:41.293,2026-03-13 10:30:41.293,0,NULL,2026-03-13 10:30:41.347,867,867,0,NR-No Report
26-019264,2026-03-13 10:31:38.000,11,FRI,13,10,B,DAY,MIDS,POLICE,MVC PROPERTY DAMAGE,2,Phone,"PATTERSON, JAHAIRA","FLOURNOY, ERICKA",2026-03-13 10:31:36.000,2026-03-13 10:37:09.000,2026-03-13 10:32:18.000,42,40,2,2026-03-13 10:37:31.973,313,313,0,2026-03-13 10:32:18.000,42,NULL,42,2026-03-13 10:37:38.800,355,355,0,2026-03-13 10:37:38.800,7,6,1,2026-03-13 10:50:30.150,772,771,1,2026-03-13 11:12:19.687,2026-03-13 11:12:19.687,0,NULL,2026-03-13 11:12:19.780,2443,2443,0,NR-No Report
26-019265,2026-03-13 10:32:50.000,11,FRI,13,10,B,DAY,MIDS,POLICE,TRAFFIC STOP,2,OFFICER,"PAULINO, GUSTAVO A",NULL,2026-03-13 10:32:50.000,NULL,2026-03-13 10:32:50.000,0,1,-1,2026-03-13 10:32:50.000,0,0,0,2026-03-13 10:32:50.000,0,NULL,0,2026-03-13 10:32:50.000,0,0,0,2026-03-13 10:32:50.000,0,0,0,2026-03-13 10:32:50.000,0,0,0,2026-03-13 10:38:50.080,2026-03-13 10:38:50.080,0,NULL,2026-03-13 10:38:50.130,360,360,0,NR-No Report
26-019266,2026-03-13 10:34:40.000,11,FRI,13,10,B,DAY,MIDS,POLICE,DISORDERLY CONDUCT,2,Phone,"VALENTIN, EMERITA","FLOURNOY, ERICKA",2026-03-13 10:34:39.000,2026-03-13 10:37:48.000,2026-03-13 10:36:00.000,81,80,1,2026-03-13 10:41:26.213,326,326,0,2026-03-13 10:42:41.000,482,481,1,2026-03-13 10:41:30.967,407,407,0,2026-03-13 10:41:30.967,4,4,0,2026-03-13 10:47:32.750,362,361,1,2026-03-13 11:06:58.830,2026-03-13 11:08:14.667,0,NULL,2026-03-13 11:08:14.737,2015,2015,0,NR-No Report
26-019267,2026-03-13 10:36:16.000,11,FRI,13,10,B,DAY,MIDS,POLICE,TRAFFIC STOP,2,OFFICER,"FELIX, BRUCE",NULL,2026-03-13 10:36:16.000,2026-03-13 10:36:42.000,2026-03-13 10:36:16.000,0,1,-1,2026-03-13 10:36:16.000,0,0,0,2026-03-13 10:36:16.000,0,NULL,0,2026-03-13 10:36:16.000,0,0,0,2026-03-13 10:36:16.000,0,0,0,2026-03-13 10:36:16.000,0,0,0,2026-03-13 10:53:16.397,2026-03-13 10:53:16.397,0,NULL,2026-03-13 10:53:16.563,1020,1020,0,NR-No Report
26-006251,2026-03-13 10:38:12.000,11,FRI,13,10,B,DAY,MIDS,EMS,HEART PROBLEMS ALS 1,1,E-911,"GARCIA, VILMA","WALKER, KAREN",2026-03-13 10:38:11.000,2026-03-13 10:39:32.000,2026-03-13 10:39:23.000,72,71,1,2026-03-13 10:39:25.727,2,2,0,2026-03-13 10:44:30.000,379,378,1,2026-03-13 10:40:01.223,74,74,0,2026-03-13 10:40:01.223,36,35,1,2026-03-13 10:44:02.013,241,240,1,2026-03-13 10:39:48.783,2026-03-13 12:09:20.000,0,NULL,2026-03-13 12:09:20.110,5469,5469,0,UNDEFINED
26-019268,2026-03-13 10:40:00.000,11,FRI,13,10,B,DAY,MIDS,POLICE,TRAFFIC STOP,2,OFFICER,"PAULINO, GUSTAVO A",NULL,2026-03-13 10:40:00.000,NULL,2026-03-13 10:40:00.000,0,1,-1,2026-03-13 10:40:00.000,0,0,0,2026-03-13 10:40:00.000,0,NULL,0,2026-03-13 10:40:00.000,0,0,0,2026-03-13 10:40:00.000,0,0,0,2026-03-13 10:40:00.000,0,0,0,2026-03-13 10:49:08.180,2026-03-13 10:49:08.180,0,NULL,2026-03-13 10:49:08.253,548,548,0,CI-Citation
26-019269,2026-03-13 10:40:44.000,11,FRI,13,10,B,DAY,MIDS,POLICE,PARKING COMPLAINT,4,Phone,"PATTERSON, JAHAIRA",NULL,2026-03-13 10:40:43.000,NULL,2026-03-13 10:41:06.000,23,22,1,2026-03-13 10:55:52.453,886,886,0,2026-03-13 10:50:47.000,604,603,1,2026-03-13 10:55:52.453,909,909,0,2026-03-13 10:55:52.453,0,-9999,9999,2026-03-13 11:09:15.777,803,803,0,2026-03-13 11:13:40.013,2026-03-13 11:13:40.013,0,NULL,2026-03-13 11:13:40.603,1977,1977,0,NR-No Report
26-006252,2026-03-13 10:42:36.217,11,FRI,13,10,B,DAY,MIDS,FIRE,MUTUAL FIRE ALARM,1,C2C,CAD to CAD Service 1,CAD to CAD Service 1,2026-03-13 10:41:00.000,NULL,2026-03-13 10:42:37.670,97,0,97,2026-03-13 10:42:37.780,0,0,0,NULL,NULL,NULL,NULL,2026-03-13 10:43:11.560,97,158,-61,2026-03-13 10:43:11.560,34,20,14,2026-03-13 10:46:52.967,221,221,0,2026-03-13 10:44:42.917,2026-03-13 11:03:13.663,0,NULL,2026-03-13 11:03:13.710,1333,1333,0,CAD2CAD
26-019270,2026-03-13 10:44:04.000,11,FRI,13,10,B,DAY,MIDS,POLICE,PARKING COMPLAINT,4,Phone,"MAIORIELLO, BERMARI",NULL,2026-03-13 10:44:02.000,NULL,2026-03-13 10:44:53.000,51,49,2,2026-03-13 10:47:49.653,176,176,0,2026-03-13 10:45:15.000,73,71,2,2026-03-13 10:47:49.653,227,227,0,2026-03-13 10:47:49.653,0,0,0,2026-03-13 11:46:19.013,3510,3509,1,2026-03-13 11:52:31.737,2026-03-13 11:52:31.737,0,NULL,2026-03-13 11:52:31.837,4109,4109,0,CI-Citation
26-019272,2026-03-13 10:44:56.000,11,FRI,13,10,B,DAY,MIDS,POLICE,HAZARD,2,E-911,"BRYANT, THEO","FLOURNOY, ERICKA",2026-03-13 10:44:55.000,2026-03-13 10:48:18.000,2026-03-13 10:47:17.000,142,141,1,2026-03-13 10:49:29.243,132,132,0,2026-03-13 10:48:10.000,195,194,1,2026-03-13 10:49:31.767,274,274,0,2026-03-13 10:49:31.767,2,2,0,2026-03-13 10:50:59.153,88,87,1,2026-03-13 11:42:08.170,2026-03-13 11:42:08.170,0,NULL,2026-03-13 11:42:08.307,3433,3433,0,NR-No Report
26-019271,2026-03-13 10:45:34.000,11,FRI,13,10,B,DAY,MIDS,POLICE,POLICE INFORMATION,4,Phone,"VALENTIN, EMERITA","VALENTIN, EMERITA",2026-03-13 10:45:31.000,2026-03-13 10:50:16.000,2026-03-13 10:47:02.000,91,88,3,2026-03-13 10:47:06.907,4,4,0,2026-03-13 10:55:52.000,621,618,3,2026-03-13 10:47:06.970,95,95,0,2026-03-13 10:47:06.970,0,0,0,2026-03-13 10:47:07.020,1,0,1,2026-03-13 14:04:45.790,2026-03-13 14:32:26.243,0,NULL,2026-03-13 14:32:26.547,13615,13615,0,NR-No Report
26-019275,2026-03-13 10:48:49.000,11,FRI,13,10,B,DAY,MIDS,POLICE,SHOPLIFTING DELAY,4,Phone,"PATTERSON, JAHAIRA","FLOURNOY, ERICKA",2026-03-13 10:48:49.000,2026-03-13 10:51:51.000,2026-03-13 10:49:34.000,45,45,0,2026-03-13 10:56:10.890,396,396,0,2026-03-13 10:50:45.000,116,116,0,2026-03-13 10:56:14.517,441,441,0,2026-03-13 10:56:14.517,4,3,1,2026-03-13 10:57:12.807,58,58,0,2026-03-13 10:57:24.503,2026-03-13 13:01:34.840,0,NULL,2026-03-13 13:01:34.980,7965,7965,0,RE-Report
26-019274,2026-03-13 10:49:06.000,11,FRI,13,10,B,DAY,MIDS,POLICE,911 HANG UP,2,E-911,"GARCIA, VILMA","FLOURNOY, ERICKA",2026-03-13 10:49:06.000,2026-03-13 10:50:35.000,2026-03-13 10:49:34.000,28,28,0,2026-03-13 10:51:36.333,122,122,0,2026-03-13 10:49:35.000,29,29,0,2026-03-13 10:51:41.507,150,150,0,2026-03-13 10:51:41.507,5,4,1,2026-03-13 10:55:30.547,229,229,0,2026-03-13 11:16:10.157,2026-03-13 11:16:11.600,0,NULL,2026-03-13 11:16:11.667,1625,1625,0,NR-No Report
26-019276,2026-03-13 10:52:48.000,11,FRI,13,10,B,DAY,MIDS,POLICE,TRAFFIC STOP,2,OFFICER,"PAULINO, GUSTAVO A",NULL,2026-03-13 10:52:48.000,2026-03-13 10:53:11.000,2026-03-13 10:52:48.000,0,1,-1,2026-03-13 10:52:48.000,0,0,0,2026-03-13 10:52:48.000,0,NULL,0,2026-03-13 10:52:48.000,0,0,0,2026-03-13 10:52:48.000,0,0,0,2026-03-13 10:52:48.000,0,0,0,2026-03-13 10:59:54.000,2026-03-13 10:59:54.000,0,NULL,2026-03-13 10:59:54.157,426,425,1,CI-Citation
26-006253,2026-03-13 10:54:54.000,11,FRI,13,10,B,DAY,MIDS,FIRE,ELEVATOR,3,E-911,"GARCIA, VILMA",Automatic Dispatch,2026-03-13 10:54:53.000,2026-03-13 10:56:02.000,2026-03-13 10:55:40.000,47,46,1,2026-03-13 10:55:41.863,1,1,0,2026-03-13 10:56:24.000,91,90,1,2026-03-13 10:56:37.210,48,48,0,2026-03-13 10:56:37.210,56,55,1,2026-03-13 11:02:26.533,349,349,0,2026-03-13 11:28:54.137,2026-03-13 11:28:54.137,0,NULL,2026-03-13 11:28:54.300,2041,2041,0,UNDEFINED
26-019277,2026-03-13 10:55:59.000,11,FRI,13,10,B,DAY,MIDS,POLICE,PARKING COMPLAINT,4,Phone,"VALENTIN, EMERITA",NULL,2026-03-13 10:55:58.000,NULL,2026-03-13 10:56:32.000,34,33,1,2026-03-13 11:00:19.410,227,227,0,2026-03-13 11:00:03.000,245,244,1,2026-03-13 11:00:19.410,261,261,0,2026-03-13 11:00:19.410,0,-9999,9999,2026-03-13 11:04:14.160,235,234,1,2026-03-13 11:11:26.347,2026-03-13 11:11:26.347,0,NULL,2026-03-13 11:11:26.400,928,928,0,NR-No Report
26-019279,2026-03-13 11:03:29.000,11,FRI,13,11,B,DAY,MIDS,POLICE,PUBLIC SERVICE MULTI OFFICER,4,Phone,"VALENTIN, EMERITA","FLOURNOY, ERICKA",2026-03-13 11:03:27.000,2026-03-13 11:10:38.000,2026-03-13 11:09:48.000,381,379,2,2026-03-13 11:16:33.567,405,405,0,2026-03-13 11:10:48.000,441,439,2,2026-03-13 11:16:38.177,786,786,0,2026-03-13 11:16:38.177,5,4,1,2026-03-13 11:17:27.910,49,49,0,2026-03-13 11:26:46.913,2026-03-13 11:29:23.153,0,NULL,2026-03-13 11:29:23.297,1556,1556,0,NR-No Report
26-019280,2026-03-13 11:07:52.000,11,FRI,13,11,B,DAY,MIDS,POLICE,DISABLED MOTORIST,2,Phone,"WALKER, JUANITA","FLOURNOY, ERICKA",2026-03-13 11:07:49.000,2026-03-13 11:11:22.000,2026-03-13 11:09:51.000,122,119,3,2026-03-13 11:11:56.157,125,125,0,2026-03-13 11:13:16.000,327,324,3,2026-03-13 11:12:00.450,247,247,0,2026-03-13 11:12:00.450,4,4,0,2026-03-13 11:16:45.327,285,284,1,2026-03-13 11:12:39.567,2026-03-13 11:22:44.493,0,NULL,2026-03-13 11:22:44.683,895,895,0,NR-No Report
26-006254,2026-03-13 11:08:52.083,11,FRI,13,11,B,DAY,MIDS,FIRE,MUTUAL AID,1,C2C,CAD to CAD Service 1,CAD to CAD Service 1,2026-03-13 11:08:00.000,2026-03-13 11:10:21.000,2026-03-13 11:08:52.757,52,0,52,2026-03-13 11:08:52.863,0,0,0,NULL,NULL,NULL,NULL,2026-03-13 11:09:18.440,52,58,-6,2026-03-13 11:09:18.440,26,25,1,2026-03-13 11:14:18.637,300,300,0,2026-03-13 11:20:51.223,2026-03-13 11:31:27.900,0,NULL,2026-03-13 11:31:27.947,1407,1407,0,CAD2CAD
26-019281,2026-03-13 11:09:02.000,11,FRI,13,11,B,DAY,MIDS,POLICE,TRNSPORT PRISONER MED LOCAL,4,Phone,"LAWRENCE, MEGAN","LAWRENCE, MEGAN",2026-03-13 11:09:00.000,2026-03-13 11:09:56.000,2026-03-13 11:09:53.000,53,51,2,2026-03-13 11:10:24.427,31,31,0,2026-03-13 11:12:33.000,213,211,2,2026-03-13 11:11:20.533,84,84,0,2026-03-13 11:11:20.533,56,56,0,NULL,NULL,-9999,NULL,2026-03-13 14:23:29.967,2026-03-13 21:09:33.470,0,NULL,2026-03-13 21:09:33.550,36033,36033,0,NR-No Report
26-019285,2026-03-13 11:12:51.000,11,FRI,13,11,B,DAY,MIDS,POLICE,MVC PROPERTY DAMAGE,3,Phone,"VALENTIN, EMERITA","FLOURNOY, ERICKA",2026-03-13 11:12:49.000,2026-03-13 11:22:35.000,2026-03-13 11:20:23.000,454,452,2,2026-03-13 11:23:56.170,213,213,0,2026-03-13 12:23:07.000,4218,4216,2,2026-03-13 11:23:58.950,667,667,0,2026-03-13 11:23:58.950,2,2,0,NULL,NULL,-9999,NULL,2026-03-13 13:50:52.207,2026-03-13 13:50:52.207,0,NULL,2026-03-13 13:50:52.297,9483,9483,0,RE-Report
26-019283,2026-03-13 11:17:35.000,11,FRI,13,11,B,DAY,MIDS,POLICE,PARKING COMPLAINT,4,Phone,"MAIORIELLO, BERMARI",NULL,2026-03-13 11:17:33.000,NULL,2026-03-13 11:18:55.000,82,80,2,2026-03-13 11:25:25.713,390,390,0,2026-03-13 11:19:03.000,90,88,2,2026-03-13 11:25:25.713,472,472,0,2026-03-13 11:25:25.713,0,0,0,2026-03-13 11:39:04.567,819,818,1,2026-03-13 11:40:47.030,2026-03-13 11:40:47.030,0,NULL,2026-03-13 11:40:48.093,1394,1394,0,NR-No Report
26-019284,2026-03-13 11:19:22.000,11,FRI,13,11,B,DAY,MIDS,POLICE,TRAFFIC STOP,2,OFFICER,"FELIX, BRUCE",NULL,2026-03-13 11:19:22.000,2026-03-13 11:19:37.000,2026-03-13 11:19:22.000,0,1,-1,2026-03-13 11:19:22.000,0,0,0,2026-03-13 11:19:22.000,0,NULL,0,2026-03-13 11:19:22.000,0,0,0,2026-03-13 11:19:22.000,0,0,0,2026-03-13 11:19:22.000,0,0,0,2026-03-13 11:28:38.293,2026-03-13 11:28:38.293,0,NULL,2026-03-13 11:28:38.680,556,556,0,NR-No Report
26-019286,2026-03-13 11:21:22.000,11,FRI,13,11,B,DAY,MIDS,POLICE,SHOPLIFTING DELAY,4,Phone,"LAWRENCE, MEGAN",NULL,2026-03-13 11:21:20.000,2026-03-13 11:22:08.000,2026-03-13 11:21:46.000,26,24,2,2026-03-13 13:01:40.167,5994,5994,0,2026-03-13 11:24:47.000,207,205,2,2026-03-13 13:01:40.167,6020,6020,0,2026-03-13 13:01:40.167,0,0,0,NULL,NULL,-9999,NULL,2026-03-13 13:29:50.427,2026-03-13 13:29:50.427,0,NULL,2026-03-13 13:29:50.547,7710,7710,0,RE-Report
26-006255,2026-03-13 11:22:19.000,11,FRI,13,11,B,DAY,MIDS,FIRE,HAZARD,3,Phone,"GARCIA, VILMA",Automatic Dispatch,2026-03-13 11:22:18.000,2026-03-13 11:25:26.000,2026-03-13 11:24:44.000,146,145,1,2026-03-13 11:24:47.150,3,3,0,2026-03-13 11:25:01.000,163,162,1,2026-03-13 11:26:21.587,149,149,0,2026-03-13 11:26:21.587,94,94,0,2026-03-13 11:36:04.760,583,583,0,2026-03-13 11:36:47.017,2026-03-13 11:36:47.017,0,NULL,2026-03-13 11:36:47.300,869,869,0,UNDEFINED
26-019287,2026-03-13 11:22:32.000,11,FRI,13,11,B,DAY,MIDS,POLICE,SHOPLIFTING DELAY,4,Phone,"LAWRENCE, MEGAN",NULL,2026-03-13 11:22:30.000,2026-03-13 11:23:05.000,2026-03-13 11:22:58.000,28,26,2,2026-03-13 13:29:55.013,7617,7617,0,2026-03-13 11:24:35.000,125,123,2,2026-03-13 13:29:55.013,7645,7645,0,2026-03-13 13:29:55.013,0,0,0,NULL,NULL,-9999,NULL,2026-03-13 14:41:33.577,2026-03-13 14:41:33.577,0,NULL,2026-03-13 14:41:33.697,11943,11943,0,RE-Report
26-019288,2026-03-13 11:23:18.000,11,FRI,13,11,B,DAY,MIDS,POLICE,SHOPLIFTING DELAY,4,Phone,"LAWRENCE, MEGAN",NULL,2026-03-13 11:23:16.000,2026-03-13 11:25:56.000,2026-03-13 11:23:46.000,30,28,2,2026-03-13 14:41:38.553,11872,11872,0,2026-03-13 11:24:20.000,64,62,2,2026-03-13 14:41:38.553,11902,11902,0,2026-03-13 14:41:38.553,0,-9999,9999,NULL,NULL,-9999,NULL,2026-03-13 15:26:51.383,2026-03-13 15:26:51.383,0,NULL,2026-03-13 15:26:52.210,14615,14615,0,RE-Report
26-019292,2026-03-13 11:33:22.000,11,FRI,13,11,B,DAY,MIDS,POLICE,PARKING COMPLAINT,4,Phone,"LAWRENCE, MEGAN",NULL,2026-03-13 11:33:20.000,NULL,2026-03-13 11:33:38.000,18,16,2,2026-03-13 11:34:00.613,22,22,0,2026-03-13 11:35:59.000,159,157,2,2026-03-13 11:34:00.613,40,40,0,2026-03-13 11:34:00.613,0,0,0,2026-03-13 11:44:59.220,659,658,1,2026-03-13 12:03:37.147,2026-03-13 12:03:37.147,0,NULL,2026-03-13 12:03:37.537,1817,1817,0,CI-Citation
26-019295,2026-03-13 11:36:15.000,11,FRI,13,11,B,DAY,MIDS,POLICE,MENTAL HEALTH CASE,2,Phone,"PATTERSON, JAHAIRA","FLOURNOY, ERICKA",2026-03-13 11:36:13.000,2026-03-13 11:39:58.000,2026-03-13 11:38:22.000,129,127,2,2026-03-13 11:41:52.060,210,210,0,2026-03-13 12:01:02.000,1489,1487,2,2026-03-13 11:41:57.463,339,339,0,2026-03-13 11:41:57.463,5,5,0,2026-03-13 11:49:43.593,466,466,0,2026-03-13 13:57:25.260,2026-03-13 13:58:02.813,0,NULL,2026-03-13 13:58:03.163,8509,8509,0,NR-No Report
26-006256,2026-03-13 11:39:19.000,11,FRI,13,11,B,DAY,MIDS,EMS,BLS EMERGENCY,3,E-911,"PEREZ, CARLOS",Automatic Dispatch,2026-03-13 11:39:19.000,2026-03-13 11:40:42.000,2026-03-13 11:40:28.000,69,69,0,2026-03-13 11:40:31.853,3,3,0,2026-03-13 11:43:45.000,266,266,0,2026-03-13 11:41:25.063,72,72,0,2026-03-13 11:41:25.063,54,53,1,2026-03-13 11:49:59.417,514,514,0,2026-03-13 13:10:25.770,2026-03-13 13:10:25.770,0,NULL,2026-03-13 13:10:25.900,5466,5466,0,UNDEFINED
26-019298,2026-03-13 11:46:28.000,11,FRI,13,11,B,DAY,MIDS,POLICE,PROPERTY FOUND,4,Phone,"PATTERSON, JAHAIRA","FLOURNOY, ERICKA",2026-03-13 11:46:27.000,2026-03-13 11:53:16.000,2026-03-13 11:47:25.000,58,57,1,2026-03-13 11:53:54.080,389,389,0,2026-03-13 11:47:46.000,79,78,1,2026-03-13 11:53:56.207,447,447,0,2026-03-13 11:53:56.207,2,2,0,2026-03-13 11:55:18.593,82,82,0,2026-03-13 12:03:19.867,2026-03-13 12:03:19.867,0,NULL,2026-03-13 12:03:19.940,1012,1012,0,NR-No Report
26-006257,2026-03-13 11:53:48.000,11,FRI,13,11,B,DAY,MIDS,FIRE,GAS LEAK - INSIDE,1,Phone,"VALENTIN, EMERITA",Automatic Dispatch,2026-03-13 11:53:45.000,2026-03-13 11:56:02.000,2026-03-13 11:55:54.000,129,126,3,2026-03-13 11:55:58.387,4,4,0,2026-03-13 11:55:54.000,129,NULL,129,2026-03-13 11:56:49.927,133,133,0,2026-03-13 11:56:49.927,51,51,0,2026-03-13 11:59:31.657,162,161,1,2026-03-13 12:02:31.733,2026-03-13 12:06:43.630,0,NULL,2026-03-13 12:06:44.157,778,778,0,UNDEFINED
26-019301,2026-03-13 11:55:44.000,11,FRI,13,11,B,DAY,MIDS,POLICE,PARKING COMPLAINT,4,Phone,"MAIORIELLO, BERMARI",NULL,2026-03-13 11:55:43.000,NULL,2026-03-13 11:56:30.000,47,46,1,2026-03-13 12:15:25.773,1135,1135,0,2026-03-13 11:57:00.000,77,76,1,2026-03-13 12:15:25.773,1182,1182,0,2026-03-13 12:15:25.773,0,-9999,9999,2026-03-13 12:43:02.923,1657,1657,0,2026-03-13 13:23:59.560,2026-03-13 13:23:59.560,0,NULL,2026-03-13 13:24:00.213,5296,5296,0,CI-Citation
26-019302,2026-03-13 11:58:08.000,11,FRI,13,11,B,DAY,MIDS,POLICE,DRUG COMPLAINT IN PROG,3,Radio,"WALKER, JUANITA",NULL,2026-03-13 11:58:07.000,2026-03-13 11:59:18.000,2026-03-13 11:58:35.000,28,27,1,2026-03-13 11:59:26.177,51,51,0,2026-03-13 12:01:03.000,176,175,1,2026-03-13 11:59:31.250,79,79,0,2026-03-13 11:59:31.250,5,5,0,2026-03-13 12:12:48.153,797,796,1,2026-03-13 14:31:18.280,2026-03-13 16:59:26.343,0,NULL,2026-03-13 16:59:26.343,18079,18079,0,RE-Report
26-019303,2026-03-13 12:03:26.000,11,FRI,13,12,B,DAY,MIDS,POLICE,PROPERTY FOUND,4,Radio,"WALKER, JUANITA",NULL,2026-03-13 12:03:24.000,NULL,2026-03-13 12:03:39.000,15,13,2,2026-03-13 12:37:34.203,2035,2035,0,2026-03-13 12:12:43.000,559,557,2,2026-03-13 12:37:34.203,2050,2050,0,2026-03-13 12:37:34.203,0,0,0,NULL,NULL,-9999,NULL,2026-03-13 12:37:50.780,2026-03-13 12:37:50.780,0,NULL,2026-03-13 12:37:50.883,2066,2066,0,RE-Report
26-006258,2026-03-13 12:13:56.000,11,FRI,13,12,B,DAY,MIDS,EMS,FALL BLS,3,E-911,"GARCIA, VILMA",Automatic Dispatch,2026-03-13 12:13:56.000,2026-03-13 12:15:30.000,2026-03-13 12:14:54.000,58,58,0,2026-03-13 12:14:56.763,2,2,0,2026-03-13 12:17:12.000,196,196,0,2026-03-13 12:15:59.033,60,60,0,2026-03-13 12:15:59.033,63,62,1,2026-03-13 12:19:29.927,210,210,0,2026-03-13 12:23:32.520,2026-03-13 12:23:32.520,0,NULL,2026-03-13 12:23:32.730,576,576,0,UNDEFINED
26-019305,2026-03-13 12:14:06.000,11,FRI,13,12,B,DAY,MIDS,POLICE,BOOT REMOVAL,3,Phone,"LAWRENCE, MEGAN",NULL,2026-03-13 12:14:04.000,2026-03-13 12:14:58.000,2026-03-13 12:14:30.000,26,24,2,2026-03-13 12:26:43.963,733,733,0,2026-03-13 12:15:36.000,92,90,2,2026-03-13 12:26:43.963,759,759,0,2026-03-13 12:26:43.963,0,0,0,2026-03-13 12:31:39.603,296,295,1,2026-03-13 12:35:19.093,2026-03-13 12:35:19.093,0,NULL,2026-03-13 12:35:19.350,1275,1275,0,NR-No Report
26-019309,2026-03-13 12:30:57.000,11,FRI,13,12,B,DAY,MIDS,POLICE,PARKING COMPLAINT,4,Phone,"LAWRENCE, MEGAN",NULL,2026-03-13 12:30:55.000,2026-03-13 12:32:26.000,2026-03-13 12:31:16.000,21,19,2,2026-03-13 13:16:51.473,2735,2735,0,2026-03-13 12:32:21.000,86,84,2,2026-03-13 13:16:51.473,2756,2756,0,2026-03-13 13:16:51.473,0,0,0,2026-03-13 13:32:29.057,938,937,1,2026-03-13 13:40:48.843,2026-03-13 13:40:48.843,0,NULL,2026-03-13 13:40:49.887,4193,4193,0,NR-No Report
26-019310,2026-03-13 12:32:30.000,11,FRI,13,12,B,DAY,MIDS,POLICE,OFF DUTY DETAIL,8,OFFICER,"KIM, DANIEL H",NULL,2026-03-13 12:32:30.000,2026-03-13 12:33:28.000,2026-03-13 12:32:30.000,0,1,-1,2026-03-13 12:32:30.000,0,0,0,2026-03-13 12:32:30.000,0,NULL,0,2026-03-13 12:32:30.000,0,0,0,2026-03-13 12:32:30.000,0,0,0,2026-03-13 12:32:30.000,0,0,0,2026-03-13 15:31:00.957,2026-03-13 15:31:00.957,0,NULL,2026-03-13 15:31:00.997,10710,10710,0,NR-No Report
26-019312,2026-03-13 12:33:25.000,11,FRI,13,12,B,DAY,MIDS,POLICE,DISORDERLY CONDUCT,2,E-911,"GARCIA, VILMA","WALKER, JUANITA",2026-03-13 12:33:25.000,2026-03-13 12:35:25.000,2026-03-13 12:34:14.000,49,49,0,2026-03-13 12:35:33.563,79,79,0,2026-03-13 12:36:56.000,211,211,0,2026-03-13 12:35:35.353,128,128,0,2026-03-13 12:35:35.353,2,1,1,2026-03-13 12:44:12.807,517,517,0,2026-03-13 12:46:08.590,2026-03-13 12:46:36.473,0,NULL,2026-03-13 12:46:36.553,791,791,0,NR-No Report
26-019315,2026-03-13 12:35:17.000,11,FRI,13,12,B,DAY,MIDS,POLICE,DEST OF PROP VEH DELAY,4,E-911,"WELCH, KIMBERLY","WELCH, KIMBERLY",2026-03-13 12:35:16.000,2026-03-13 12:40:11.000,2026-03-13 12:39:59.000,283,282,1,2026-03-13 14:00:57.917,4858,4858,0,2026-03-13 13:57:43.000,4947,4946,1,2026-03-13 14:01:44.463,5141,5141,0,2026-03-13 14:01:44.463,47,46,1,2026-03-13 14:18:18.223,994,993,1,2026-03-13 15:39:55.507,2026-03-13 15:39:55.507,0,NULL,2026-03-13 15:39:55.580,11079,11079,0,RE-Report
26-019316,2026-03-13 12:36:04.000,11,FRI,13,12,B,DAY,MIDS,POLICE,PARKING COMPLAINT,4,Phone,"MAIORIELLO, BERMARI",NULL,2026-03-13 12:36:02.000,NULL,2026-03-13 12:40:40.000,278,276,2,2026-03-13 12:44:46.507,246,246,0,2026-03-13 12:43:05.000,423,421,2,2026-03-13 12:44:46.507,524,524,0,2026-03-13 12:44:46.507,0,-9999,9999,2026-03-13 13:02:56.240,1090,1089,1,2026-03-13 13:45:08.420,2026-03-13 13:45:08.420,0,NULL,2026-03-13 13:45:09.110,4146,4146,0,NR-No Report
26-019314,2026-03-13 12:38:34.000,11,FRI,13,12,B,DAY,MIDS,POLICE,WALK IN HQ LOBBY,3,Phone,"VALENTIN, EMERITA","WALKER, JUANITA",2026-03-13 12:38:32.000,2026-03-13 12:39:00.000,2026-03-13 12:38:53.000,21,19,2,2026-03-13 12:39:15.887,22,22,0,2026-03-13 12:50:23.000,711,709,2,2026-03-13 12:39:18.270,43,43,0,2026-03-13 12:39:18.270,3,2,1,2026-03-13 12:45:32.717,374,374,0,2026-03-13 14:48:31.097,2026-03-13 14:48:31.097,0,NULL,2026-03-13 14:48:31.187,7799,7799,0,RE-Report
26-019317,2026-03-13 12:47:34.000,11,FRI,13,12,B,DAY,MIDS,POLICE,ASSAULT NO INJURY IN PROG,2,E-911,"GARCIA, VILMA",NULL,2026-03-13 12:47:34.000,2026-03-13 12:49:53.000,2026-03-13 12:49:19.000,105,105,0,2026-03-13 12:50:21.607,62,62,0,2026-03-13 12:52:37.000,303,303,0,2026-03-13 12:50:23.687,167,167,0,2026-03-13 12:50:23.687,2,2,0,2026-03-13 12:57:59.183,456,455,1,2026-03-13 12:52:08.980,2026-03-13 17:55:15.110,0,NULL,2026-03-13 17:55:15.557,18461,18461,0,RE-Report
26-019318,2026-03-13 12:50:34.000,11,FRI,13,12,B,DAY,MIDS,POLICE,LARCENY OTHER DELAY,4,Phone,"MAIORIELLO, BERMARI",NULL,2026-03-13 12:50:32.000,2026-03-14 09:57:08.000,2026-03-13 12:54:20.000,228,226,2,2026-03-14 10:00:28.627,75968,205,75763,2026-03-13 12:55:51.000,319,317,2,2026-03-14 10:00:28.627,76196,76196,0,2026-03-14 10:00:28.627,0,-9999,9999,NULL,NULL,-9999,NULL,2026-03-14 10:51:19.977,2026-03-13 18:59:47.000,1,2026-03-14 09:57:03.200,2026-03-14 10:51:20.127,22155,79247,-57092,RE-Report
26-019319,2026-03-13 12:56:34.000,11,FRI,13,12,B,DAY,MIDS,POLICE,PARKING COMPLAINT,4,Phone,"PATTERSON, JAHAIRA","WELCH, KIMBERLY",2026-03-13 12:56:33.000,2026-03-13 14:11:03.000,2026-03-13 12:57:44.000,71,70,1,2026-03-13 14:38:03.137,6019,6019,0,2026-03-13 13:16:24.000,1191,1190,1,2026-03-13 15:08:00.033,6090,6090,0,2026-03-13 15:08:00.033,1797,0,1797,2026-03-13 15:31:20.467,1400,1400,0,2026-03-13 16:15:20.977,2026-03-13 16:15:20.977,0,NULL,2026-03-13 16:15:21.800,11927,11927,0,NR-No Report
26-019320,2026-03-13 12:56:51.000,11,FRI,13,12,B,DAY,MIDS,POLICE,MVC HIT/RUN NO INJURY,2,E-911,"GARCIA, VILMA","WALKER, JUANITA",2026-03-13 12:56:50.000,2026-03-13 13:00:08.000,2026-03-13 12:59:46.000,176,175,1,2026-03-13 13:16:13.367,987,987,0,2026-03-13 13:01:11.000,261,260,1,2026-03-13 13:16:31.853,1163,1163,0,2026-03-13 13:16:31.853,18,14,4,2026-03-13 13:34:59.277,1108,1107,1,2026-03-13 13:16:37.930,2026-03-13 16:27:38.807,0,NULL,2026-03-13 16:27:39.010,12648,12648,0,NR-No Report
26-019324,2026-03-13 13:05:24.000,11,FRI,13,13,B,DAY,MIDS,POLICE,PARKING COMPLAINT,4,Phone,"VALENTIN, EMERITA",NULL,2026-03-13 13:05:22.000,2026-03-13 14:05:00.000,2026-03-13 13:06:20.000,58,56,2,2026-03-13 13:45:26.817,2346,2346,0,2026-03-13 13:19:59.000,877,875,2,2026-03-13 13:45:26.817,2404,2404,0,2026-03-13 13:45:26.817,0,-9999,9999,2026-03-13 13:56:19.367,653,652,1,2026-03-13 14:36:16.440,2026-03-13 14:36:16.440,0,NULL,2026-03-13 14:36:17.553,5454,5454,0,CI-Citation
26-006260,2026-03-13 13:11:18.000,11,FRI,13,13,B,DAY,MIDS,EMS,HEART PROBLEMS ALS 1,1,E-911,"GARCIA, VILMA",Automatic Dispatch,2026-03-13 13:11:17.000,2026-03-13 13:12:09.000,2026-03-13 13:12:00.000,43,42,1,2026-03-13 13:12:02.833,2,2,0,2026-03-13 13:14:32.000,195,194,1,2026-03-13 13:12:47.793,45,45,0,2026-03-13 13:12:47.793,45,44,1,2026-03-13 13:17:54.033,307,306,1,2026-03-13 13:29:46.317,2026-03-13 14:07:44.990,0,NULL,2026-03-13 14:07:45.093,3387,3387,0,UNDEFINED
26-019327,2026-03-13 13:13:44.000,11,FRI,13,13,B,DAY,MIDS,POLICE,PUBLIC SERVICE MULTI OFFICER,2,Phone,"LAWRENCE, MEGAN","WALKER, JUANITA",2026-03-13 13:13:42.000,2026-03-13 13:14:57.000,2026-03-13 13:14:28.000,46,44,2,2026-03-13 13:33:14.830,1126,1126,0,2026-03-13 13:20:14.000,392,390,2,2026-03-13 13:33:19.187,1172,1172,0,2026-03-13 13:33:19.187,5,4,1,2026-03-13 13:33:19.310,0,0,0,2026-03-13 13:41:47.820,2026-03-13 16:01:03.420,0,NULL,2026-03-13 16:01:03.493,10041,10041,0,NR-No Report
26-019328,2026-03-13 13:14:08.000,11,FRI,13,13,B,DAY,MIDS,POLICE,LARCENY COMM IN PROG,2,Phone,"PICKERAL, LAUREN",NULL,2026-03-13 13:14:06.000,2026-03-13 13:14:59.000,2026-03-13 13:14:31.000,25,23,2,2026-03-13 14:17:43.167,3792,3792,0,2026-03-13 13:15:31.000,85,83,2,2026-03-13 14:17:47.950,3817,3817,0,2026-03-13 14:17:47.950,4,4,0,2026-03-13 14:25:26.227,459,458,1,2026-03-13 14:18:33.617,2026-03-13 15:20:09.457,0,NULL,2026-03-13 15:20:09.507,7563,7563,0,RE-Report
26-019331,2026-03-13 13:26:19.000,11,FRI,13,13,B,DAY,MIDS,POLICE,DISORDERLY CONDUCT,2,E-911,"BRYANT, THEO","WELCH, KIMBERLY",2026-03-13 13:26:19.000,2026-03-13 13:29:41.000,2026-03-13 13:28:06.000,107,107,0,2026-03-13 14:24:57.300,3411,3411,0,2026-03-13 13:30:48.000,269,269,0,2026-03-13 14:25:01.720,3518,3518,0,2026-03-13 14:25:01.720,4,4,0,2026-03-13 14:34:19.293,558,557,1,2026-03-13 14:54:53.963,2026-03-13 14:54:53.963,0,NULL,2026-03-13 14:54:54.047,5314,5314,0,NR-No Report
26-006261,2026-03-13 13:38:37.000,11,FRI,13,13,B,DAY,MIDS,EMS,MEDICAL ALARM - BLS,3,Phone,"PICKERAL, LAUREN","WALKER, KAREN",2026-03-13 13:38:35.000,2026-03-13 13:39:38.000,2026-03-13 13:39:13.000,38,36,2,2026-03-13 13:39:15.727,2,2,0,2026-03-13 13:40:15.000,100,98,2,2026-03-13 13:40:47.027,40,40,0,2026-03-13 13:40:47.027,92,91,1,2026-03-13 13:47:11.583,384,384,0,2026-03-13 13:56:05.967,2026-03-13 13:56:31.610,0,NULL,2026-03-13 13:56:31.703,1076,1076,0,CAD2CAD
26-019335,2026-03-13 13:42:27.000,11,FRI,13,13,B,DAY,MIDS,POLICE,FLAG DOWN,2,OFFICER,"SCALSKY, SEAN",NULL,2026-03-13 13:42:27.000,2026-03-13 13:42:41.000,2026-03-13 13:42:27.000,0,1,-1,2026-03-13 13:42:27.000,0,0,0,2026-03-13 13:42:27.000,0,NULL,0,2026-03-13 13:42:27.000,0,0,0,2026-03-13 13:42:27.000,0,0,0,2026-03-13 13:42:27.000,0,0,0,NULL,2026-03-13 13:42:52.000,0,NULL,NULL,25,25,0,NR-No Report
26-019336,2026-03-13 13:55:42.000,11,FRI,13,13,B,DAY,MIDS,POLICE,IDENTITY FRAUD DELAY,4,Phone,"LAWRENCE, MEGAN","WELCH, KIMBERLY",2026-03-13 13:55:40.000,2026-03-13 13:58:57.000,2026-03-13 13:56:14.000,34,32,2,2026-03-13 14:07:48.587,694,694,0,2026-03-13 13:58:23.000,163,161,2,2026-03-13 14:07:53.623,728,728,0,2026-03-13 14:07:53.623,5,5,0,2026-03-13 19:37:56.643,19803,19803,0,2026-03-13 21:48:14.780,2026-03-13 21:48:14.780,0,NULL,2026-03-13 21:48:15.110,28354,28354,0,RE-Report
26-019338,2026-03-13 13:58:18.000,11,FRI,13,13,B,DAY,MIDS,POLICE,MVC PROPERTY DAMAGE,2,E-911,"FLOURNOY, ERICKA","WELCH, KIMBERLY",2026-03-13 13:58:18.000,2026-03-13 14:01:50.000,2026-03-13 14:00:03.000,105,105,0,2026-03-13 14:02:23.493,140,140,0,2026-03-13 14:00:17.000,119,119,0,2026-03-13 14:02:27.367,245,245,0,2026-03-13 14:02:27.367,4,3,1,NULL,NULL,-9999,NULL,NULL,2026-03-13 14:30:11.180,0,NULL,NULL,1913,1913,0,DUPPD-Duplicate Police
26-019339,2026-03-13 13:59:39.000,11,FRI,13,13,B,DAY,MIDS,POLICE,PARKING COMPLAINT,4,Phone,"BRYANT, THEO",NULL,2026-03-13 13:59:37.000,2026-03-13 14:38:30.000,2026-03-13 14:01:43.000,126,124,2,2026-03-13 15:05:39.113,3836,3836,0,2026-03-13 14:01:45.000,128,126,2,2026-03-13 15:05:39.113,3962,3962,0,2026-03-13 15:05:39.113,0,0,0,2026-03-13 15:25:10.857,1171,1171,0,2026-03-13 15:44:05.333,2026-03-13 15:44:05.333,0,NULL,2026-03-13 15:44:05.670,6268,6268,0,NR-No Report
26-019340,2026-03-13 14:05:30.000,11,FRI,13,14,B,DAY,LATE,POLICE,TROUBLE UNKNOWN EMS,2,E-911,"PEREZ, CARLOS","WELCH, KIMBERLY",2026-03-13 14:05:30.000,2026-03-13 14:08:13.000,2026-03-13 14:07:39.000,129,129,0,2026-03-13 14:08:30.253,51,51,0,2026-03-13 14:09:41.000,251,251,0,2026-03-13 14:08:32.563,180,180,0,2026-03-13 14:08:32.563,2,2,0,2026-03-13 14:13:05.890,273,273,0,2026-03-13 14:31:38.933,2026-03-13 14:34:45.233,0,NULL,2026-03-13 14:34:45.373,1755,1755,0,NR-No Report
26-006262,2026-03-13 14:07:40.000,11,FRI,13,14,B,DAY,LATE,EMS,UNKNOWN MEDICAL ALS 1,1,NOT CAPTURED,"PEREZ, CARLOS",Automatic Dispatch,2026-03-13 14:07:40.000,2026-03-13 14:08:01.000,2026-03-13 14:07:40.000,0,NULL,0,2026-03-13 14:07:42.613,2,2,0,2026-03-13 14:07:40.000,0,0,0,2026-03-13 14:08:57.927,2,2,0,2026-03-13 14:08:57.927,75,75,0,2026-03-13 14:13:45.877,288,287,1,2026-03-13 14:29:50.793,2026-03-13 15:17:20.843,0,NULL,2026-03-13 15:17:21.153,4180,4180,0,UNDEFINED
26-019343,2026-03-13 14:09:12.000,11,FRI,13,14,B,DAY,LATE,POLICE,LARCENY COMMERCIAL DELAY,4,Phone,"BRYANT, THEO","FLOURNOY, ERICKA",2026-03-13 14:09:11.000,NULL,2026-03-13 14:11:57.000,166,165,1,2026-03-14 10:04:55.853,71578,341,71237,2026-03-13 14:13:04.000,233,232,1,2026-03-14 10:09:16.953,71744,71744,0,2026-03-14 10:09:16.953,261,1,260,2026-03-14 10:12:34.290,198,197,1,2026-03-14 11:36:58.593,2026-03-13 20:40:23.000,1,2026-03-14 09:59:14.047,2026-03-14 11:36:58.673,23472,77267,-53795,RE-Report
26-019342,2026-03-13 14:10:11.000,11,FRI,13,14,B,DAY,LATE,POLICE,PARKING COMPLAINT,4,Phone,"MAIORIELLO, BERMARI",NULL,2026-03-13 14:10:09.000,NULL,2026-03-13 14:11:09.000,60,58,2,2026-03-13 15:08:01.837,3412,3412,0,2026-03-13 14:11:29.000,80,78,2,2026-03-13 15:08:01.837,3472,3472,0,2026-03-13 15:08:01.837,0,-9999,9999,2026-03-13 15:41:39.277,2018,2017,1,2026-03-13 15:49:51.930,2026-03-13 15:49:51.930,0,NULL,2026-03-13 15:49:52.190,5982,5982,0,NR-No Report
26-006263,2026-03-13 14:14:06.450,11,FRI,13,14,B,DAY,LATE,EMS,MUTUAL ALS,1,C2C,CAD to CAD Service 1,CAD to CAD Service 1,2026-03-13 14:13:33.000,NULL,2026-03-13 14:14:07.090,34,0,34,2026-03-13 14:14:07.153,0,0,0,NULL,NULL,NULL,NULL,2026-03-13 14:15:10.680,34,45,-11,2026-03-13 14:15:10.680,63,63,0,2026-03-13 14:19:08.440,238,237,1,2026-03-13 14:21:15.713,2026-03-13 16:40:45.213,0,NULL,2026-03-13 16:40:45.260,8832,8832,0,CAD2CAD
26-019344,2026-03-13 14:14:15.000,11,FRI,13,14,B,DAY,LATE,POLICE,MVC CONDITIONS UNKNOWN,1,OFFICER,"WELCH, KIMBERLY","WELCH, KIMBERLY",2026-03-13 14:14:15.000,2026-03-13 14:14:43.000,2026-03-13 14:14:15.000,0,0,0,2026-03-13 14:14:15.000,0,0,0,2026-03-13 14:14:15.000,0,0,0,2026-03-13 14:16:24.150,0,0,0,2026-03-13 14:14:15.000,0,0,0,2026-03-13 14:14:15.000,0,0,0,2026-03-13 15:31:30.877,2026-03-13 16:09:19.917,0,NULL,2026-03-13 16:09:20.330,6904,6904,0,RE-Report
26-006264,2026-03-13 14:15:15.000,11,FRI,13,14,B,DAY,LATE,FIRE,MVC AUTO,2,NOT CAPTURED,"WELCH, KIMBERLY",Automatic Dispatch,2026-03-13 14:15:15.000,2026-03-13 14:15:32.000,2026-03-13 14:15:15.000,0,NULL,0,2026-03-13 14:15:19.047,4,4,0,2026-03-13 14:15:15.000,0,0,0,2026-03-13 14:16:36.133,4,4,0,2026-03-13 14:16:36.133,77,77,0,2026-03-13 14:19:53.903,197,197,0,2026-03-13 14:21:02.787,2026-03-13 14:59:37.140,0,NULL,2026-03-13 14:59:37.297,2662,2662,0,UNDEFINED
26-006265,2026-03-13 14:20:11.083,11,FRI,13,14,B,DAY,LATE,FIRE,WIRES DOWN,4,Phone,"WELCH, KIMBERLY",Automatic Dispatch,2026-03-13 14:20:11.083,2026-03-13 14:20:55.000,2026-03-13 14:20:11.083,0,2,-2,2026-03-13 14:20:14.837,3,3,0,2026-03-13 14:20:11.083,0,NULL,0,2026-03-13 14:21:59.973,3,3,0,2026-03-13 14:21:59.973,105,105,0,2026-03-13 14:24:53.837,174,173,1,2026-03-13 14:49:37.370,2026-03-13 14:49:37.370,0,NULL,2026-03-13 14:49:38.250,1766,1766,0,UNDEFINED
26-019349,2026-03-13 14:23:25.000,11,FRI,13,14,B,DAY,LATE,POLICE,DISORDERLY CONDUCT,2,E-911,"WALKER, JUANITA","WELCH, KIMBERLY",2026-03-13 14:23:25.000,2026-03-13 14:25:51.000,2026-03-13 14:25:42.000,137,137,0,2026-03-13 14:26:11.180,29,29,0,2026-03-13 14:48:32.000,1507,1507,0,2026-03-13 14:26:21.110,166,166,0,2026-03-13 14:26:21.110,10,3,7,2026-03-13 14:41:01.570,880,880,0,2026-03-13 14:55:15.680,2026-03-13 15:43:08.430,0,NULL,2026-03-13 15:43:08.850,4783,4783,0,NR-No Report
26-019351,2026-03-13 14:27:23.000,11,FRI,13,14,B,DAY,LATE,POLICE,TRAFFIC COMPLAINT,4,E-911,"GARCIA, VILMA","WELCH, KIMBERLY",2026-03-13 14:27:23.000,2026-03-13 14:38:58.000,2026-03-13 14:28:16.000,53,53,0,2026-03-13 14:39:38.793,682,682,0,2026-03-13 14:28:41.000,78,78,0,2026-03-13 14:39:46.003,735,735,0,2026-03-13 14:39:46.003,8,7,1,2026-03-13 14:45:24.587,338,338,0,2026-03-13 14:49:03.203,2026-03-13 14:49:03.203,0,NULL,2026-03-13 14:49:03.363,1300,1300,0,NR-No Report
26-019352,2026-03-13 14:32:25.000,11,FRI,13,14,B,DAY,LATE,POLICE,DISABLED MOTORIST,2,Phone,"MAIORIELLO, BERMARI","WELCH, KIMBERLY",2026-03-13 14:32:24.000,2026-03-13 14:39:19.000,2026-03-13 14:32:51.000,27,26,1,2026-03-13 14:42:19.250,568,568,0,2026-03-13 14:35:28.000,184,183,1,2026-03-13 14:46:40.833,595,595,0,2026-03-13 14:46:40.833,261,155,106,2026-03-13 14:51:52.710,312,311,1,2026-03-13 14:44:08.270,2026-03-13 14:58:12.447,0,NULL,2026-03-13 14:58:12.527,1548,1548,0,NR-No Report
26-006266,2026-03-13 14:36:04.000,11,FRI,13,14,B,DAY,LATE,EMS,TROUBLE BREATHING ALS 1,1,E-911,"GARCIA, VILMA",Automatic Dispatch,2026-03-13 14:36:03.000,2026-03-13 14:42:39.000,2026-03-13 14:42:26.000,383,382,1,2026-03-13 14:42:28.793,2,2,0,2026-03-13 14:49:11.000,788,787,1,2026-03-13 14:43:27.797,385,385,0,2026-03-13 14:43:27.797,59,59,0,2026-03-13 14:47:29.590,242,241,1,2026-03-13 14:59:14.680,2026-03-13 15:35:30.713,0,NULL,2026-03-13 15:35:30.823,3567,3567,0,UNDEFINED
26-019354,2026-03-13 14:37:18.000,11,FRI,13,14,B,DAY,LATE,POLICE,DEST OF PROP OTH DELAY,4,Phone,"WALKER, JUANITA",NULL,2026-03-13 14:37:17.000,2026-03-13 15:39:55.000,2026-03-13 14:39:33.000,136,135,1,2026-03-13 16:27:45.827,6492,6492,0,2026-03-13 14:48:29.000,672,671,1,2026-03-13 16:27:45.827,6628,6628,0,2026-03-13 16:27:45.827,0,-9999,9999,2026-03-13 16:51:09.190,1404,1403,1,2026-03-13 19:39:00.057,2026-03-13 19:39:00.057,0,NULL,2026-03-13 19:39:00.103,18103,18103,0,RE-Report
26-006267,2026-03-13 14:42:45.923,11,FRI,13,14,B,DAY,LATE,FIRE,MUTUAL GAS LEAK,1,C2C,CAD to CAD Service 1,CAD to CAD Service 1,2026-03-13 14:40:15.000,NULL,2026-03-13 14:42:46.567,151,0,151,2026-03-13 14:42:46.643,0,0,0,NULL,NULL,NULL,NULL,2026-03-13 14:43:52.683,151,-9999,10150,2026-03-13 14:43:52.683,66,57,9,2026-03-13 14:47:05.217,193,192,1,2026-03-13 15:02:13.037,2026-03-13 15:11:59.860,0,NULL,2026-03-13 15:12:00.270,1904,1904,0,UNDEFINED
26-019355,2026-03-13 14:44:47.000,11,FRI,13,14,B,DAY,LATE,POLICE,DISORDERLY CONDUCT,2,E-911,"BRYANT, THEO","WELCH, KIMBERLY",2026-03-13 14:44:47.000,2026-03-13 14:47:31.000,2026-03-13 14:46:36.000,109,109,0,2026-03-13 14:49:40.910,184,184,0,2026-03-13 14:47:49.000,182,182,0,2026-03-13 14:49:47.743,293,293,0,2026-03-13 14:49:47.743,7,6,1,2026-03-13 14:59:15.253,568,567,1,2026-03-13 14:50:29.097,2026-03-13 15:47:01.030,0,NULL,2026-03-13 15:47:01.670,3734,3734,0,NR-No Report
26-019356,2026-03-13 14:45:04.000,11,FRI,13,14,B,DAY,LATE,POLICE,DISORDERLY CONDUCT,2,E-911,"WALKER, JUANITA","WELCH, KIMBERLY",2026-03-13 14:45:04.000,2026-03-13 14:47:14.000,2026-03-13 14:46:36.000,92,92,0,2026-03-13 14:50:46.217,250,250,0,2026-03-13 14:48:13.000,189,189,0,2026-03-13 14:51:26.750,342,342,0,2026-03-13 14:51:26.750,40,40,0,2026-03-13 14:51:26.750,0,0,0,2026-03-13 15:02:33.800,2026-03-13 15:21:20.737,0,NULL,2026-03-13 15:21:21.233,2176,2176,0,NR-No Report
26-019357,2026-03-13 14:48:18.000,11,FRI,13,14,B,DAY,LATE,POLICE,DOMESTIC VIOL NO INJ,2,E-911,"BRYANT, THEO",NULL,2026-03-13 14:48:17.000,2026-03-13 14:51:13.000,2026-03-13 14:50:55.000,158,157,1,2026-03-13 14:56:06.897,311,311,0,2026-03-13 14:53:41.000,324,323,1,2026-03-13 14:56:06.897,469,469,0,2026-03-13 14:56:06.897,0,-9999,9999,2026-03-13 14:58:06.453,120,119,1,2026-03-13 15:49:39.793,2026-03-13 15:51:40.790,0,NULL,2026-03-13 15:51:41.123,3803,3803,0,NR-No Report
26-019359,2026-03-13 14:50:58.000,11,FRI,13,14,B,DAY,LATE,POLICE,ASSAULT NO INJURY DELAY,4,Phone,"MAIORIELLO, BERMARI",NULL,2026-03-13 14:50:56.000,2026-03-13 14:54:27.000,2026-03-13 14:52:51.000,115,113,2,2026-03-13 19:41:13.903,17302,17302,0,2026-03-13 14:55:44.000,288,286,2,2026-03-13 19:41:17.093,17417,17417,0,2026-03-13 19:41:17.093,4,3,1,2026-03-13 22:01:24.877,8407,8407,0,2026-03-13 23:39:49.370,2026-03-14 10:02:28.347,0,NULL,2026-03-14 10:02:28.623,69092,69092,0,RE-Report
26-019361,2026-03-13 14:54:42.000,11,FRI,13,14,B,DAY,LATE,POLICE,LARCENY OTHER IN PROG,2,E-911,"WALKER, JUANITA",NULL,2026-03-13 14:54:41.000,2026-03-13 14:57:08.000,2026-03-13 14:57:00.000,139,138,1,2026-03-13 15:01:14.180,254,254,0,2026-03-13 15:02:12.000,451,450,1,2026-03-13 15:01:15.240,393,393,0,2026-03-13 15:01:15.240,1,1,0,2026-03-13 15:02:59.857,104,104,0,2026-03-14 00:42:59.723,2026-03-14 00:42:59.723,0,NULL,2026-03-14 00:42:59.807,35298,35298,0,RE-Report
26-019362,2026-03-13 14:56:57.000,11,FRI,13,14,B,DAY,LATE,POLICE,DISORDERLY CONDUCT,2,E-911,"BRYANT, THEO","WELCH, KIMBERLY",2026-03-13 14:56:56.000,2026-03-13 14:59:48.000,2026-03-13 14:57:52.000,56,55,1,2026-03-13 15:24:59.100,1627,1627,0,2026-03-13 14:59:42.000,166,165,1,2026-03-13 15:25:03.707,1683,1683,0,2026-03-13 15:25:03.707,4,4,0,2026-03-13 15:34:19.943,556,556,0,2026-03-13 16:10:59.920,2026-03-13 16:33:36.353,0,NULL,2026-03-13 16:33:36.353,5800,5800,0,NR-No Report
26-019365,2026-03-13 15:04:07.000,11,FRI,13,15,B,DAY,LATE,POLICE,PROTECTIVE ORDER ISSUED,2,Phone,"WALKER, JUANITA",NULL,2026-03-13 15:04:05.000,2026-03-13 15:17:01.000,2026-03-13 15:06:25.000,140,138,2,2026-03-13 16:50:11.030,6226,6226,0,2026-03-13 15:06:32.000,147,145,2,2026-03-13 16:50:15.193,6366,6366,0,2026-03-13 16:50:15.193,4,4,0,2026-03-13 17:25:58.577,2143,2143,0,2026-03-13 17:05:54.083,2026-03-13 19:17:17.203,0,NULL,2026-03-13 19:17:17.297,15192,15192,0,SUP-Supplement
26-019364,2026-03-13 15:04:32.000,11,FRI,13,15,B,DAY,LATE,POLICE,PARKING COMPLAINT,4,Phone,"MAIORIELLO, BERMARI",NULL,2026-03-13 15:04:30.000,NULL,2026-03-13 15:05:41.000,71,69,2,2026-03-13 15:50:44.433,2703,2703,0,2026-03-13 15:05:45.000,75,73,2,2026-03-13 15:50:44.433,2774,2774,0,2026-03-13 15:50:44.433,0,-9999,9999,2026-03-13 15:56:02.110,318,317,1,2026-03-13 17:39:41.493,2026-03-13 17:39:41.493,0,NULL,2026-03-13 17:39:42.503,9311,9311,0,NR-No Report
26-019363,2026-03-13 15:04:39.000,11,FRI,13,15,B,DAY,LATE,POLICE,TRNSPORT PRISONER ALX COURT,4,Radio,"WELCH, KIMBERLY","WELCH, KIMBERLY",2026-03-13 15:04:39.000,2026-03-13 15:04:49.000,2026-03-13 15:04:39.000,0,0,0,2026-03-13 15:04:39.000,0,0,0,2026-03-13 15:04:39.000,0,0,0,2026-03-13 15:05:42.210,0,0,0,2026-03-13 15:04:39.000,0,0,0,2026-03-13 15:04:39.000,0,0,0,2026-03-13 15:16:37.943,2026-03-13 15:16:40.807,0,NULL,2026-03-13 15:16:44.543,721,721,0,NR-No Report
26-019366,2026-03-13 15:08:21.000,11,FRI,13,15,B,DAY,LATE,POLICE,ALCOHOL OFFENSE,3,OFFICER,"WELCH, KIMBERLY","WELCH, KIMBERLY",2026-03-13 15:08:21.000,2026-03-13 17:20:01.823,2026-03-13 15:08:21.000,0,0,0,2026-03-13 15:08:21.000,0,0,0,2026-03-13 15:08:21.000,0,0,0,2026-03-13 15:08:32.410,0,0,0,2026-03-13 15:08:21.000,0,0,0,2026-03-13 15:08:21.000,0,0,0,2026-03-13 15:44:22.197,2026-03-13 16:08:02.410,1,2026-03-13 17:19:40.900,2026-03-13 19:31:41.380,3581,15800,-12219,RE-Report
26-019369,2026-03-13 15:09:31.000,11,FRI,13,15,B,DAY,LATE,POLICE,PARKING COMPLAINT,3,Phone,"VALENTIN, EMERITA",NULL,2026-03-13 15:09:29.000,2026-03-13 15:38:57.000,2026-03-13 15:11:26.000,117,115,2,2026-03-13 15:50:38.577,2352,2352,0,2026-03-13 15:37:18.000,1669,1667,2,2026-03-13 15:50:38.577,2469,2469,0,2026-03-13 15:50:38.577,0,0,0,2026-03-13 16:02:19.207,701,700,1,2026-03-13 16:18:16.667,2026-03-13 16:18:16.667,0,NULL,2026-03-13 16:18:17.673,4127,4127,0,NR-No Report
26-019368,2026-03-13 15:10:51.000,11,FRI,13,15,B,DAY,LATE,POLICE,MVC PROPERTY DAMAGE,2,Phone,"LAWRENCE, MEGAN","WELCH, KIMBERLY",2026-03-13 15:10:49.000,2026-03-13 15:16:21.000,2026-03-13 15:11:23.000,34,32,2,2026-03-13 15:18:40.347,437,437,0,2026-03-13 15:15:10.000,261,259,2,2026-03-13 15:18:47.197,471,471,0,2026-03-13 15:18:47.197,7,6,1,2026-03-13 15:27:06.853,499,499,0,2026-03-13 16:18:56.040,2026-03-13 16:18:56.040,0,NULL,2026-03-13 16:18:56.287,4087,4087,0,NR-No Report
26-006269,2026-03-13 15:12:36.000,11,FRI,13,15,B,DAY,LATE,EMS,TROUBLE BREATHING ALS 1,1,E-911,"BRYANT, THEO",Automatic Dispatch,2026-03-13 15:12:36.000,2026-03-13 15:14:35.000,2026-03-13 15:14:02.000,86,86,0,2026-03-13 15:14:05.150,3,3,0,2026-03-13 15:19:19.000,403,403,0,2026-03-13 15:14:54.267,89,89,0,2026-03-13 15:14:54.267,49,49,0,2026-03-13 15:18:25.450,211,211,0,2026-03-13 15:32:26.487,2026-03-13 16:30:50.103,0,NULL,2026-03-13 16:30:50.363,4694,4694,0,UNDEFINED
26-019371,2026-03-13 15:15:47.000,11,FRI,13,15,B,DAY,LATE,POLICE,MVC HIT/RUN NO INJURY,2,E-911,"GARCIA, VILMA","WELCH, KIMBERLY",2026-03-13 15:15:47.000,2026-03-13 15:18:18.000,2026-03-13 15:18:07.000,140,140,0,2026-03-13 15:37:31.287,1164,1164,0,2026-03-13 15:19:13.000,206,206,0,2026-03-13 15:38:14.470,1304,1304,0,2026-03-13 15:38:14.470,43,43,0,NULL,NULL,-9999,NULL,2026-03-13 15:39:44.023,2026-03-13 15:39:44.023,0,NULL,2026-03-13 15:39:44.453,1437,1437,0,CN-Cancellation
26-019373,2026-03-13 15:23:49.000,11,FRI,13,15,B,DAY,LATE,POLICE,PARKING COMPLAINT,4,Phone,"VALENTIN, EMERITA",NULL,2026-03-13 15:23:47.000,2026-03-13 16:58:47.000,2026-03-13 15:24:20.000,33,31,2,2026-03-13 16:58:21.780,5641,5641,0,2026-03-13 15:37:17.000,810,808,2,2026-03-13 16:58:21.780,5674,5674,0,2026-03-13 16:58:21.780,0,-9999,9999,2026-03-13 16:58:24.650,3,2,1,2026-03-13 17:04:00.640,2026-03-13 17:04:00.640,0,NULL,2026-03-13 17:04:01.307,6013,6013,0,NR-No Report
26-019374,2026-03-13 15:25:34.000,11,FRI,13,15,B,DAY,LATE,POLICE,TRESPASSING IN PROG,2,Phone,"MAIORIELLO, BERMARI","WELCH, KIMBERLY",2026-03-13 15:25:32.000,2026-03-13 15:45:10.000,2026-03-13 15:26:14.000,42,40,2,2026-03-13 15:45:47.447,1173,1173,0,2026-03-13 15:28:41.000,189,187,2,2026-03-13 15:45:51.160,1215,1215,0,2026-03-13 15:45:51.160,4,3,1,2026-03-13 16:02:14.950,983,983,0,2026-03-13 16:30:38.450,2026-03-13 16:30:55.847,0,NULL,2026-03-13 16:30:55.880,3923,3923,0,NR-No Report
26-019376,2026-03-13 15:26:52.000,11,FRI,13,15,B,DAY,LATE,POLICE,PARKING COMPLAINT,4,Phone,"BRYANT, THEO",NULL,2026-03-13 15:26:50.000,NULL,2026-03-13 15:28:31.000,101,99,2,2026-03-13 16:24:20.973,3349,3349,0,2026-03-13 15:28:32.000,102,100,2,2026-03-13 16:24:20.973,3450,3450,0,2026-03-13 16:24:20.973,0,-9999,9999,2026-03-13 16:24:23.290,3,2,1,2026-03-13 16:26:59.040,2026-03-13 16:26:59.040,0,NULL,2026-03-13 16:26:59.740,3609,3609,0,NR-No Report
26-019375,2026-03-13 15:27:25.000,11,FRI,13,15,B,DAY,LATE,POLICE,PARKING COMPLAINT,4,Phone,"PATTERSON, JAHAIRA",NULL,2026-03-13 15:27:25.000,NULL,2026-03-13 15:27:53.000,28,28,0,2026-03-13 16:19:20.463,3087,3087,0,2026-03-13 15:28:02.000,37,37,0,2026-03-13 16:19:20.463,3115,3115,0,2026-03-13 16:19:20.463,0,-9999,9999,2026-03-13 16:24:10.223,290,289,1,2026-03-13 16:41:49.477,2026-03-13 16:41:49.477,0,NULL,2026-03-13 16:41:50.547,4464,4464,0,CI-Citation
26-019380,2026-03-13 15:36:44.000,11,FRI,13,15,B,DAY,LATE,POLICE,LARCENY OTHER DELAY,4,Phone,"MAIORIELLO, BERMARI","FLOURNOY, ERICKA",2026-03-13 15:36:42.000,2026-03-14 11:29:11.000,2026-03-13 15:38:43.000,121,119,2,2026-03-14 11:55:51.433,73028,1733,71295,2026-03-13 15:39:26.000,164,162,2,2026-03-14 11:55:57.547,73149,73149,0,2026-03-14 11:55:57.547,6,6,0,2026-03-14 12:06:37.387,640,639,1,2026-03-14 14:44:43.287,2026-03-13 19:36:23.000,1,2026-03-14 11:26:57.587,2026-03-14 14:44:43.360,14381,83281,-68900,RE-Report
26-019382,2026-03-13 15:46:27.000,11,FRI,13,15,B,DAY,LATE,POLICE,IDENTITY FRAUD DELAY,4,Phone,"LAWRENCE, MEGAN","WELCH, KIMBERLY",2026-03-13 15:46:25.000,2026-03-13 15:48:27.000,2026-03-13 15:46:54.000,29,27,2,2026-03-13 15:49:16.920,142,142,0,2026-03-13 15:51:52.000,327,325,2,2026-03-13 15:49:27.940,171,171,0,2026-03-13 15:49:27.940,11,11,0,NULL,NULL,-9999,NULL,2026-03-13 16:14:57.533,2026-03-13 16:14:57.533,0,NULL,2026-03-13 16:14:57.623,1712,1712,0,NR-No Report
26-019385,2026-03-13 15:50:32.000,11,FRI,13,15,B,DAY,LATE,POLICE,SUICIDE IN PROG NO INJ,1,E-911,"GARCIA, VILMA","WELCH, KIMBERLY",2026-03-13 15:50:32.000,2026-03-13 15:51:54.000,2026-03-13 15:51:50.000,78,78,0,2026-03-13 15:52:26.970,36,36,0,2026-03-13 16:03:38.000,786,786,0,2026-03-13 15:52:47.890,114,114,0,2026-03-13 15:52:47.890,21,20,1,2026-03-13 16:02:37.163,590,589,1,2026-03-13 16:02:22.217,2026-03-13 17:54:48.590,0,NULL,2026-03-13 17:54:49.163,7456,7456,0,NR-No Report
26-006270,2026-03-13 15:53:20.000,11,FRI,13,15,B,DAY,LATE,FIRE,MVC AUTO,2,Phone,"FLOURNOY, ERICKA",Automatic Dispatch,2026-03-13 15:53:20.000,2026-03-13 15:53:47.000,2026-03-13 15:53:20.000,0,NULL,0,2026-03-13 15:53:23.423,3,3,0,2026-03-13 15:53:20.000,0,0,0,2026-03-13 15:54:38.720,3,3,0,2026-03-13 15:54:38.720,75,75,0,2026-03-13 15:59:21.227,283,282,1,2026-03-13 16:03:20.313,2026-03-13 16:12:52.570,0,NULL,2026-03-13 16:12:52.970,1172,1172,0,UNDEFINED
26-006271,2026-03-13 15:53:52.000,11,FRI,13,15,B,DAY,LATE,FIRE,L.A.R. SECONDARY RESPONSE,2,Phone,"WALKER, KAREN",Automatic Dispatch,2026-03-13 15:53:50.000,NULL,2026-03-13 15:54:18.000,28,26,2,2026-03-13 15:54:20.977,2,2,0,2026-03-13 15:58:24.000,274,272,2,2026-03-13 15:55:20.450,30,30,0,2026-03-13 15:55:20.450,60,59,1,NULL,NULL,-9999,NULL,2026-03-13 16:01:58.127,2026-03-13 16:01:58.127,0,NULL,2026-03-13 16:01:58.287,488,488,0,UNDEFINED
26-006272,2026-03-13 15:58:16.100,11,FRI,13,15,B,DAY,LATE,EMS,TROUBLE BREATHING ALS 1,1,NOT CAPTURED,"WELCH, KIMBERLY",Automatic Dispatch,2026-03-13 15:58:16.100,2026-03-13 15:58:30.000,2026-03-13 15:58:16.100,0,1,-1,2026-03-13 15:58:18.990,2,2,0,2026-03-13 15:58:16.100,0,NULL,0,2026-03-13 15:58:37.997,2,2,0,2026-03-13 15:58:37.997,19,19,0,2026-03-13 16:05:48.623,431,430,1,2026-03-13 16:10:10.420,2026-03-13 16:43:06.627,0,NULL,2026-03-13 16:43:06.703,2690,2690,0,CAD2CAD
26-006273,2026-03-13 15:59:01.000,11,FRI,13,15,B,DAY,LATE,EMS,CARDIAC ARREST ALS 2- SUPV,1,E-911,"FLOURNOY, ERICKA","WALKER, KAREN",2026-03-13 15:59:00.000,2026-03-13 16:00:30.000,2026-03-13 15:59:21.000,21,20,1,2026-03-13 15:59:24.610,3,3,0,2026-03-13 16:04:28.000,328,327,1,2026-03-13 16:00:23.120,24,24,0,2026-03-13 16:00:23.120,59,58,1,2026-03-13 16:03:17.603,174,174,0,2026-03-13 16:02:31.253,2026-03-13 17:20:49.183,0,NULL,2026-03-13 17:20:49.393,4909,4909,0,UNDEFINED
26-019388,2026-03-13 16:00:41.000,11,FRI,13,16,B,DAY,LATE,POLICE,OFF DUTY DETAIL,8,OFFICER,"JONES, MARCELL L",NULL,2026-03-13 16:00:41.000,2026-03-13 16:01:00.000,2026-03-13 16:00:41.000,0,0,0,2026-03-13 16:00:41.000,0,0,0,2026-03-13 16:00:41.000,0,NULL,0,2026-03-13 16:00:41.000,0,0,0,2026-03-13 16:00:41.000,0,0,0,2026-03-13 16:00:41.000,0,0,0,2026-03-13 20:00:58.840,2026-03-14 00:17:05.863,0,NULL,2026-03-14 00:17:05.930,29784,29784,0,NR-No Report
26-019389,2026-03-13 16:01:16.000,11,FRI,13,16,B,DAY,LATE,POLICE,ASSIST FIRE - EMERGENCY,1,NOT CAPTURED,"FLOURNOY, ERICKA","WELCH, KIMBERLY",2026-03-13 16:01:16.000,2026-03-13 16:01:23.000,2026-03-13 16:01:16.000,0,NULL,0,2026-03-13 16:02:26.507,70,70,0,2026-03-13 16:01:16.000,0,0,0,2026-03-13 16:02:50.467,70,70,0,2026-03-13 16:02:50.467,24,2,22,2026-03-13 16:06:45.767,235,235,0,2026-03-13 16:19:48.023,2026-03-13 17:37:10.017,0,NULL,2026-03-13 17:37:10.093,5754,5754,0,NR-No Report
26-006274,2026-03-13 16:02:56.000,11,FRI,13,16,B,DAY,LATE,FIRE,CO INCIDENT,1,Phone,"LAWRENCE, MEGAN",Automatic Dispatch,2026-03-13 16:02:54.000,2026-03-13 16:04:22.000,2026-03-13 16:03:41.000,47,45,2,2026-03-13 16:03:43.683,2,2,0,2026-03-13 16:13:12.000,618,616,2,2026-03-13 16:04:36.930,49,49,0,2026-03-13 16:04:36.930,53,53,0,2026-03-13 16:10:07.923,331,330,1,2026-03-13 16:26:12.097,2026-03-13 16:26:12.097,0,NULL,2026-03-13 16:26:12.403,1398,1398,0,UNDEFINED
26-006275,2026-03-13 16:03:44.000,11,FRI,13,16,B,DAY,LATE,EMS,PUBLIC SERVICE EMS,4,Phone,"SWINTON, LATOYA","WALKER, KAREN",2026-03-13 16:03:43.000,2026-03-13 16:06:23.000,2026-03-13 16:04:56.000,73,72,1,2026-03-13 16:04:59.310,3,3,0,2026-03-13 16:05:20.000,97,96,1,2026-03-13 16:06:55.530,76,76,0,2026-03-13 16:06:55.530,116,116,0,2026-03-13 16:13:56.600,421,421,0,2026-03-13 17:21:47.017,2026-03-13 17:22:45.820,0,NULL,2026-03-13 17:22:45.973,4742,4742,0,UNDEFINED
26-019392,2026-03-13 16:13:39.000,11,FRI,13,16,B,DAY,LATE,POLICE,OFF DUTY DETAIL,8,Phone,"MAIORIELLO, BERMARI","MAIORIELLO, BERMARI",2026-03-13 16:13:36.000,2026-03-13 16:15:27.767,2026-03-13 16:15:23.000,107,104,3,2026-03-13 16:15:27.620,4,4,0,2026-03-13 16:15:56.000,140,137,3,2026-03-13 16:15:31.787,111,111,0,2026-03-13 16:15:31.787,4,4,0,2026-03-13 16:15:32.563,1,0,1,2026-03-13 21:18:47.097,2026-03-13 21:18:47.097,0,NULL,2026-03-13 21:18:47.163,18311,18311,0,NR-No Report
26-019393,2026-03-13 16:17:03.000,11,FRI,13,16,B,DAY,LATE,POLICE,ANIMAL DECEASED,3,Phone,"LAWRENCE, MEGAN","LAWRENCE, MEGAN",2026-03-13 16:17:01.000,2026-03-13 16:21:03.000,2026-03-13 16:17:32.000,31,29,2,2026-03-13 16:39:10.220,1298,1298,0,2026-03-13 16:18:10.000,69,67,2,NULL,1329,1329,0,NULL,NULL,-9999,NULL,NULL,NULL,-9999,NULL,NULL,2026-03-13 16:39:35.000,0,NULL,NULL,1354,1354,0,ACONR-Animal Control No Report
26-019394,2026-03-13 16:18:35.000,11,FRI,13,16,B,DAY,LATE,POLICE,TRESPASSING IN PROG,2,Phone,"MAIORIELLO, BERMARI",NULL,2026-03-13 16:18:33.000,2026-03-13 16:19:32.000,2026-03-13 16:19:04.000,31,29,2,2026-03-13 16:31:09.890,725,725,0,2026-03-13 16:22:02.000,209,207,2,2026-03-13 16:31:13.093,756,756,0,2026-03-13 16:31:13.093,4,3,1,2026-03-13 16:40:18.643,545,545,0,2026-03-13 17:04:37.363,2026-03-13 17:48:11.363,0,NULL,2026-03-13 17:48:11.873,5378,5378,0,NR-No Report
26-019396,2026-03-13 16:21:31.000,11,FRI,13,16,B,DAY,LATE,POLICE,PARKING COMPLAINT,4,Phone,"GARCIA, VILMA",NULL,2026-03-13 16:21:30.000,NULL,2026-03-13 16:22:04.000,34,33,1,2026-03-13 16:35:00.727,776,776,0,2026-03-13 16:22:41.000,71,70,1,2026-03-13 16:35:00.727,810,810,0,2026-03-13 16:35:00.727,0,-9999,9999,2026-03-13 17:04:05.307,1745,1744,1,2026-03-13 17:11:38.793,2026-03-13 17:11:38.793,0,NULL,2026-03-13 17:11:39.743,3008,3008,0,NR-No Report
26-019397,2026-03-13 16:28:12.000,11,FRI,13,16,B,DAY,LATE,POLICE,RUNAWAY IN PROG,2,Phone,"GARCIA, VILMA",NULL,2026-03-13 16:28:12.000,2026-03-13 16:30:44.000,2026-03-13 16:29:04.000,52,52,0,2026-03-13 16:48:57.187,1193,1193,0,2026-03-13 16:31:13.000,181,181,0,2026-03-13 16:49:01.883,1245,1245,0,2026-03-13 16:49:01.883,4,4,0,2026-03-13 17:00:24.353,683,682,1,2026-03-13 19:25:44.623,2026-03-13 21:19:16.603,0,NULL,2026-03-13 21:19:16.683,17464,17464,0,RE-Report
26-006276,2026-03-13 16:30:09.000,11,FRI,13,16,B,DAY,LATE,EMS,TROUBLE BREATHING ALS 1,1,E-911,"BRYANT, THEO",Automatic Dispatch,2026-03-13 16:30:09.000,2026-03-13 16:31:12.000,2026-03-13 16:31:06.000,57,57,0,2026-03-13 16:31:09.047,3,3,0,2026-03-13 16:32:39.000,150,150,0,2026-03-13 16:31:21.497,60,60,0,2026-03-13 16:31:21.497,12,12,0,2026-03-13 16:36:37.610,316,316,0,2026-03-13 16:55:24.663,2026-03-13 17:25:45.077,0,NULL,2026-03-13 17:25:45.417,3336,3336,0,UNDEFINED
26-019400,2026-03-13 16:38:44.000,11,FRI,13,16,B,DAY,LATE,POLICE,LARCENY FROM AUTO DELAY,4,Phone,"MAIORIELLO, BERMARI","LEWIS, LESLIE",2026-03-13 16:38:42.000,2026-03-13 16:41:50.000,2026-03-13 16:39:29.000,47,45,2,2026-03-13 22:28:46.573,20957,20957,0,2026-03-13 16:42:05.000,203,201,2,2026-03-13 22:28:54.633,21004,21004,0,2026-03-13 22:28:54.633,8,8,0,NULL,NULL,-9999,NULL,2026-03-13 23:09:35.770,2026-03-13 23:09:35.770,0,NULL,2026-03-13 23:09:35.870,23453,23453,0,NR-No Report
26-019401,2026-03-13 16:41:29.000,11,FRI,13,16,B,DAY,LATE,POLICE,WALK IN HQ LOBBY,3,Phone,"GARCIA, VILMA","SWINTON, LATOYA",2026-03-13 16:41:27.000,2026-03-13 19:52:13.000,2026-03-13 16:43:19.000,112,110,2,2026-03-13 17:56:28.643,4389,4389,0,2026-03-13 16:43:58.000,151,149,2,2026-03-13 17:56:28.643,4501,4501,0,2026-03-13 17:56:28.643,0,0,0,NULL,NULL,-9999,NULL,2026-03-13 19:42:23.370,2026-03-13 19:42:23.370,1,2026-03-13 19:52:04.527,2026-03-13 19:53:49.010,10856,11541,-685,RE-Report
26-019402,2026-03-13 16:44:28.000,11,FRI,13,16,B,DAY,LATE,POLICE,OFF DUTY DETAIL,8,OFFICER,"VILLANUEVA, RODNEY M",NULL,2026-03-13 16:44:28.000,2026-03-13 16:45:44.000,2026-03-13 16:44:28.000,0,2,-2,2026-03-13 16:44:28.000,0,0,0,2026-03-13 16:44:28.000,0,NULL,0,2026-03-13 16:44:28.000,0,0,0,2026-03-13 16:44:28.000,0,0,0,2026-03-13 16:44:28.000,0,0,0,2026-03-13 20:44:37.147,2026-03-13 20:44:37.147,0,NULL,2026-03-13 20:44:37.213,14409,14409,0,NR-No Report
26-006278,2026-03-13 16:49:44.000,11,FRI,13,16,B,DAY,LATE,EMS,BLS EMERGENCY,3,E-911,"FLOURNOY, ERICKA",Automatic Dispatch,2026-03-13 16:49:43.000,2026-03-13 16:51:10.000,2026-03-13 16:50:57.000,74,73,1,2026-03-13 16:50:59.943,2,2,0,2026-03-13 17:03:39.000,836,835,1,2026-03-13 16:52:16.093,76,76,0,2026-03-13 16:52:16.093,77,76,1,2026-03-13 17:03:47.333,691,691,0,2026-03-13 18:32:19.553,2026-03-13 18:32:19.553,0,NULL,2026-03-13 18:32:19.783,6156,6156,0,UNDEFINED
26-019404,2026-03-13 16:50:53.000,11,FRI,13,16,B,DAY,LATE,POLICE,HAZARD,2,E-911,"GARCIA, VILMA","WALKER, JUANITA",2026-03-13 16:50:53.000,2026-03-13 16:52:59.000,2026-03-13 16:51:51.000,58,58,0,2026-03-13 16:55:58.113,247,247,0,2026-03-13 16:52:56.000,123,123,0,2026-03-13 16:56:00.023,305,305,0,2026-03-13 16:56:00.023,2,1,1,2026-03-13 17:00:21.353,261,261,0,2026-03-13 17:18:41.457,2026-03-13 17:18:41.457,0,NULL,2026-03-13 17:18:41.780,1668,1668,0,NR-No Report
26-006277,2026-03-13 16:50:56.160,11,FRI,13,16,B,DAY,LATE,EMS,MUTUAL BLS,1,C2C,CAD to CAD Service 1,CAD to CAD Service 1,2026-03-13 16:50:30.000,NULL,2026-03-13 16:50:57.457,27,0,27,2026-03-13 16:50:57.630,0,0,0,NULL,NULL,NULL,NULL,2026-03-13 16:51:07.947,27,-9999,10026,2026-03-13 16:51:07.947,10,0,10,NULL,NULL,-9999,NULL,2026-03-13 17:01:44.840,2026-03-13 17:01:53.833,0,NULL,2026-03-13 17:01:53.927,683,683,0,UNDEFINED
26-019405,2026-03-13 16:52:01.000,11,FRI,13,16,B,DAY,LATE,POLICE,POLICE INFORMATION,4,Phone,"LAWRENCE, MEGAN",NULL,2026-03-13 16:51:59.000,2026-03-14 05:47:09.000,2026-03-13 16:52:35.000,36,34,2,2026-03-13 21:57:25.680,18290,18290,0,2026-03-13 16:55:57.000,238,236,2,2026-03-13 21:57:45.297,18326,18326,0,2026-03-13 21:57:45.297,20,19,1,2026-03-13 22:04:38.200,413,412,1,2026-03-14 09:08:51.247,2026-03-14 00:06:38.000,1,2026-03-14 05:47:03.453,2026-03-14 09:08:51.300,26079,58612,-32533,RE-Report
26-019406,2026-03-13 16:57:07.000,11,FRI,13,16,B,DAY,LATE,POLICE,MENTAL HEALTH CASE,2,E-911,"FLOURNOY, ERICKA","WALKER, JUANITA",2026-03-13 16:57:07.000,2026-03-13 16:59:15.000,2026-03-13 16:58:54.000,107,107,0,2026-03-13 16:59:33.313,39,39,0,2026-03-13 17:02:54.000,347,347,0,2026-03-13 16:59:38.247,146,146,0,2026-03-13 16:59:38.247,5,4,1,2026-03-13 17:10:26.470,648,648,0,2026-03-13 18:21:08.100,2026-03-13 18:44:12.030,0,NULL,2026-03-13 18:44:12.130,6425,6425,0,NR-No Report
26-006279,2026-03-13 16:58:56.000,11,FRI,13,16,B,DAY,LATE,FIRE,INVESTIGATION,3,Radio,"WALKER, KAREN","WALKER, KAREN",2026-03-13 16:58:56.000,2026-03-13 16:59:26.000,2026-03-13 16:58:56.000,0,0,0,2026-03-13 16:58:56.000,0,0,0,2026-03-13 16:58:56.000,0,0,0,2026-03-13 16:59:15.427,0,0,0,2026-03-13 16:58:56.000,0,0,0,2026-03-13 16:58:56.000,0,0,0,2026-03-13 18:08:10.320,2026-03-13 18:14:25.127,0,NULL,2026-03-13 18:14:25.313,4529,4529,0,UNDEFINED
26-019408,2026-03-13 17:00:29.000,11,FRI,13,17,B,DAY,LATE,POLICE,DOMESTIC VIOL DELAY,4,Phone,"BRYANT, THEO",NULL,2026-03-13 17:00:27.000,2026-03-13 18:05:43.000,2026-03-13 17:05:35.000,308,306,2,2026-03-13 21:58:46.420,17591,17591,0,2026-03-13 17:09:38.000,551,549,2,2026-03-13 21:59:06.023,17899,17899,0,2026-03-13 21:59:06.023,20,19,1,2026-03-13 22:10:38.410,692,692,0,2026-03-13 22:13:47.860,2026-03-13 22:34:27.960,0,NULL,2026-03-13 22:34:28.080,20040,20040,0,NR-No Report
26-006280,2026-03-13 17:05:50.000,11,FRI,13,17,B,DAY,LATE,FIRE,ELEVATOR,3,Phone,"FLOURNOY, ERICKA",Automatic Dispatch,2026-03-13 17:05:49.000,2026-03-13 17:07:02.000,2026-03-13 17:06:39.000,50,49,1,2026-03-13 17:06:40.803,1,1,0,2026-03-13 17:09:58.000,249,248,1,2026-03-13 17:07:34.180,51,51,0,2026-03-13 17:07:34.180,54,53,1,2026-03-13 17:16:55.973,561,561,0,2026-03-13 17:43:23.693,2026-03-13 17:43:23.693,0,NULL,2026-03-13 17:43:23.933,2254,2254,0,UNDEFINED
26-019409,2026-03-13 17:06:38.000,11,FRI,13,17,B,DAY,LATE,POLICE,ABANDONED AUTO,4,Phone,"LAWRENCE, MEGAN",NULL,2026-03-13 17:06:36.000,NULL,2026-03-13 17:07:07.000,31,29,2,2026-03-13 17:39:52.320,1965,1965,0,2026-03-13 17:10:17.000,221,219,2,2026-03-13 17:39:52.320,1996,1996,0,2026-03-13 17:39:52.320,0,0,0,2026-03-13 17:43:18.097,206,205,1,2026-03-13 18:18:29.313,2026-03-13 18:18:29.313,0,NULL,2026-03-13 18:18:29.997,4313,4313,0,NR-No Report
26-019413,2026-03-13 17:11:28.000,11,FRI,13,17,B,DAY,LATE,POLICE,TROUBLE UNKNOWN NO EMS,2,E-911,"GARCIA, VILMA","WALKER, JUANITA",2026-03-13 17:11:28.000,2026-03-13 17:14:43.000,2026-03-13 17:13:54.000,146,146,0,2026-03-13 17:38:23.090,1469,1469,0,2026-03-13 17:15:37.000,249,249,0,NULL,1615,1615,0,NULL,NULL,-9999,NULL,NULL,NULL,-9999,NULL,2026-03-13 17:39:43.847,2026-03-13 17:39:43.847,0,NULL,2026-03-13 17:39:43.910,1695,1695,0,NR-No Report
26-019411,2026-03-13 17:12:35.000,11,FRI,13,17,B,DAY,LATE,POLICE,MVC CONDITIONS UNKNOWN,1,E-911,"WELCH, KIMBERLY",NULL,2026-03-13 17:12:34.000,2026-03-13 17:13:13.000,2026-03-13 17:13:06.000,32,31,1,2026-03-13 17:13:24.807,18,18,0,2026-03-13 17:15:37.000,183,182,1,2026-03-13 17:13:30.290,50,50,0,2026-03-13 17:13:30.290,6,5,1,2026-03-13 17:18:23.793,293,293,0,2026-03-13 19:06:32.517,2026-03-13 23:04:32.243,0,NULL,2026-03-13 23:04:32.357,21118,21118,0,RE-Report
26-006281,2026-03-13 17:13:06.000,11,FRI,13,17,B,DAY,LATE,FIRE,MVC AUTO,2,NOT CAPTURED,"WELCH, KIMBERLY",Automatic Dispatch,2026-03-13 17:13:06.000,2026-03-13 17:13:16.000,2026-03-13 17:13:06.000,0,NULL,0,2026-03-13 17:13:09.053,3,3,0,2026-03-13 17:13:06.000,0,0,0,2026-03-13 17:13:39.673,3,3,0,2026-03-13 17:13:39.673,30,30,0,2026-03-13 17:18:46.487,307,306,1,2026-03-13 17:20:36.090,2026-03-13 17:33:03.750,0,NULL,2026-03-13 17:33:03.943,1197,1197,0,UNDEFINED
26-019416,2026-03-13 17:17:16.000,11,FRI,13,17,B,DAY,LATE,POLICE,ASSIST OUTSIDE AGENCY,2,Phone,"LAWRENCE, MEGAN","WALKER, JUANITA",2026-03-13 17:17:14.000,2026-03-13 17:18:07.527,2026-03-13 17:17:59.000,45,43,2,2026-03-13 17:18:07.353,8,8,0,2026-03-13 17:18:50.000,96,94,2,2026-03-13 17:19:05.273,53,53,0,2026-03-13 17:19:05.273,58,57,1,2026-03-13 17:44:34.607,1529,1529,0,2026-03-13 17:51:18.993,2026-03-13 18:14:16.930,0,NULL,2026-03-13 18:14:16.963,3422,3422,0,NR-No Report
26-019419,2026-03-13 17:20:15.000,11,FRI,13,17,B,DAY,LATE,POLICE,MVC PROPERTY DAMAGE,2,E-911,"SWINTON, LATOYA","WALKER, JUANITA",2026-03-13 17:20:14.000,2026-03-13 17:24:19.000,2026-03-13 17:22:39.000,145,144,1,2026-03-13 17:27:53.240,314,314,0,2026-03-13 17:25:28.000,314,313,1,2026-03-13 17:29:59.483,459,459,0,2026-03-13 17:29:59.483,126,126,0,2026-03-13 17:30:00.713,1,1,0,2026-03-13 18:08:57.453,2026-03-13 18:08:57.453,0,NULL,2026-03-13 18:08:57.537,2923,2923,0,NR-No Report
26-019423,2026-03-13 17:33:56.000,11,FRI,13,17,B,DAY,LATE,POLICE,HAZARD,4,Phone,"SWINTON, LATOYA","LEWIS, LESLIE",2026-03-13 17:33:54.000,2026-03-13 17:38:54.000,2026-03-13 17:38:32.000,278,276,2,2026-03-13 22:16:12.040,16660,16660,0,2026-03-13 17:38:52.000,298,296,2,2026-03-13 22:16:29.420,16938,16938,0,2026-03-13 22:16:29.420,17,17,0,2026-03-13 22:23:25.747,416,416,0,2026-03-13 22:28:20.187,2026-03-13 22:28:20.187,0,NULL,2026-03-13 22:28:20.267,17666,17666,0,NR-No Report
26-019422,2026-03-13 17:34:33.000,11,FRI,13,17,B,DAY,LATE,POLICE,TELEPHONE COMPLAINT,4,Phone,"LAWRENCE, MEGAN","GRAVES, CHRISTINA",2026-03-13 17:34:31.000,2026-03-13 18:36:17.000,2026-03-13 17:35:14.000,43,41,2,2026-03-13 18:37:54.543,3760,3760,0,2026-03-13 17:39:40.000,309,307,2,2026-03-13 18:37:58.303,3803,3803,0,2026-03-13 18:37:58.303,4,3,1,2026-03-13 18:59:05.143,1267,1266,1,2026-03-13 20:41:27.283,2026-03-13 20:41:27.283,0,NULL,2026-03-13 20:41:27.360,11216,11216,0,RE-Report
26-019427,2026-03-13 17:44:24.000,11,FRI,13,17,B,DAY,LATE,POLICE,PROPERTY FOUND,4,Phone,"FLOURNOY, ERICKA","SWINTON, LATOYA",2026-03-13 17:44:22.000,2026-03-13 19:45:55.000,2026-03-13 17:45:11.000,49,47,2,2026-03-13 19:46:09.140,7258,17,7241,2026-03-13 17:47:23.000,181,179,2,2026-03-13 19:49:34.243,7307,7307,0,2026-03-13 19:49:34.243,205,205,0,2026-03-13 19:49:34.243,0,0,0,2026-03-13 21:12:58.893,2026-03-13 18:49:59.000,1,2026-03-13 19:45:52.147,2026-03-13 21:12:58.960,3937,12516,-8579,RE-Report
26-006284,2026-03-13 17:49:00.000,11,FRI,13,17,B,DAY,LATE,FIRE,WIRES DOWN,4,Radio,"WALKER, KAREN","WALKER, KAREN",2026-03-13 17:49:00.000,2026-03-13 17:49:03.000,2026-03-13 17:49:00.000,0,0,0,2026-03-13 17:49:00.000,0,0,0,2026-03-13 17:49:00.000,0,0,0,2026-03-13 17:54:51.377,0,0,0,2026-03-13 17:49:00.000,0,0,0,2026-03-13 17:49:00.000,0,0,0,2026-03-13 18:25:47.717,2026-03-13 18:31:38.127,0,NULL,2026-03-13 18:31:38.440,2558,2558,0,UNDEFINED
26-019428,2026-03-13 17:49:58.000,11,FRI,13,17,B,DAY,LATE,POLICE,MENTAL HEALTH CASE,2,Radio,"WALKER, JUANITA","WALKER, JUANITA",2026-03-13 17:49:58.000,2026-03-13 17:50:25.427,2026-03-13 17:49:58.000,0,0,0,2026-03-13 17:49:58.000,0,0,0,2026-03-13 17:49:58.000,0,0,0,2026-03-13 17:50:41.620,0,0,0,2026-03-13 17:49:58.000,0,0,0,2026-03-13 17:49:58.000,0,0,0,2026-03-13 18:02:58.643,2026-03-13 18:46:53.453,0,NULL,2026-03-13 18:46:53.553,3415,3415,0,NR-No Report
26-019429,2026-03-13 17:50:46.000,11,FRI,13,17,B,DAY,LATE,POLICE,PARKING COMPLAINT,4,Phone,"PICKERAL, LAUREN",NULL,2026-03-13 17:50:46.000,NULL,2026-03-13 17:51:14.000,28,28,0,2026-03-13 18:08:11.643,1017,1017,0,2026-03-13 17:52:09.000,83,83,0,2026-03-13 18:08:11.643,1045,1045,0,2026-03-13 18:08:11.643,0,-9999,9999,2026-03-13 18:20:47.313,756,755,1,2026-03-13 18:29:11.557,2026-03-13 18:29:11.557,0,NULL,2026-03-13 18:29:12.343,2305,2305,0,CI-Citation
26-019430,2026-03-13 17:52:11.000,11,FRI,13,17,B,DAY,LATE,POLICE,LARCENY COMM IN PROG,2,Phone,"FLOURNOY, ERICKA",NULL,2026-03-13 17:52:10.000,2026-03-13 17:56:35.000,2026-03-13 17:54:53.000,163,162,1,2026-03-13 18:03:46.143,533,533,0,2026-03-13 17:55:00.000,170,169,1,2026-03-13 18:03:46.307,696,696,0,2026-03-13 18:03:46.307,0,0,0,2026-03-13 18:04:12.970,26,26,0,2026-03-14 01:36:07.273,2026-03-14 01:36:07.273,0,NULL,2026-03-14 01:36:07.430,27837,27837,0,RE-Report
26-019431,2026-03-13 17:55:30.000,11,FRI,13,17,B,DAY,LATE,POLICE,ON VIEW,2,Radio,"WALKER, JUANITA","WALKER, JUANITA",2026-03-13 17:55:30.000,2026-03-13 17:56:00.100,2026-03-13 17:55:30.000,0,0,0,2026-03-13 17:55:30.000,0,0,0,2026-03-13 17:55:30.000,0,0,0,2026-03-13 17:56:33.547,0,0,0,2026-03-13 17:55:30.000,0,0,0,2026-03-13 17:55:30.000,0,0,0,2026-03-13 21:13:38.127,2026-03-13 22:20:44.380,0,NULL,2026-03-13 22:20:44.443,15914,15914,0,SUP-Supplement
26-006285,2026-03-13 17:55:36.000,11,FRI,13,17,B,DAY,LATE,FIRE,FIRE ALARM,3,Phone,"BRYANT, THEO",Automatic Dispatch,2026-03-13 17:55:34.000,2026-03-13 18:01:31.000,2026-03-13 17:57:18.000,104,102,2,2026-03-13 17:57:20.063,2,2,0,2026-03-13 17:58:38.000,184,182,2,2026-03-13 17:58:32.310,106,106,0,2026-03-13 17:58:32.310,72,72,0,2026-03-13 18:01:39.070,187,186,1,2026-03-13 19:04:27.403,2026-03-13 19:04:27.403,0,NULL,2026-03-13 19:04:28.227,4133,4133,0,UNDEFINED
26-019433,2026-03-13 17:56:54.000,11,FRI,13,17,B,DAY,LATE,POLICE,ASSIST CITIZEN DELAY,4,Phone,"LAWRENCE, MEGAN","LEWIS, LESLIE",2026-03-13 17:56:54.000,2026-03-25 14:04:55.000,2026-03-13 17:59:44.000,170,170,0,2026-03-13 22:11:09.310,15085,15085,0,2026-03-13 18:21:10.000,1456,1456,0,2026-03-13 22:11:12.920,15255,15255,0,2026-03-13 22:11:12.920,3,3,0,2026-03-13 22:17:21.470,369,368,1,2026-03-13 22:29:18.103,2026-03-13 22:29:18.103,1,2026-03-25 12:15:37.660,2026-03-13 22:29:18.150,16344,-9999,26343,CN-Cancellation
26-019432,2026-03-13 17:59:18.850,11,FRI,13,17,B,DAY,LATE,POLICE,ASSIST FIRE - PROMPT,3,Radio,"WALKER, KAREN",NULL,2026-03-13 17:59:18.850,2026-03-13 18:04:34.000,2026-03-13 17:59:18.850,0,0,0,2026-03-13 18:11:56.860,758,758,0,2026-03-13 17:59:18.850,0,NULL,0,2026-03-13 18:13:47.380,758,758,0,2026-03-13 18:13:47.380,111,110,1,2026-03-13 18:25:38.903,711,711,0,2026-03-14 00:52:19.737,2026-03-14 00:52:19.737,0,NULL,2026-03-14 00:52:19.800,24781,24780,1,NR-No Report
26-019435,2026-03-13 18:03:04.000,11,FRI,13,18,B,DAY,EARLY,POLICE,TROUBLE UNKNOWN NO EMS,2,E-911,"FLOURNOY, ERICKA",NULL,2026-03-13 18:03:03.000,2026-03-13 18:06:24.000,2026-03-13 18:05:52.000,169,168,1,2026-03-13 18:07:54.683,122,122,0,2026-03-13 18:06:05.000,182,181,1,2026-03-13 18:07:58.600,291,291,0,2026-03-13 18:07:58.600,4,3,1,2026-03-13 18:11:59.227,241,240,1,2026-03-13 18:19:39.230,2026-03-13 18:22:06.713,0,NULL,2026-03-13 18:22:06.763,1143,1143,0,NR-No Report
26-019437,2026-03-13 18:07:54.000,11,FRI,13,18,B,DAY,EARLY,POLICE,WALK IN HQ LOBBY,3,E-911,"WELCH, KIMBERLY","GRAVES, CHRISTINA",2026-03-13 18:07:54.000,2026-03-13 20:39:22.000,2026-03-13 18:10:03.000,129,129,0,2026-03-13 21:25:34.937,11731,2776,8955,2026-03-13 18:25:40.000,1066,1066,0,2026-03-13 21:25:39.280,11860,11860,0,2026-03-13 21:25:39.280,5,4,1,2026-03-13 21:27:29.793,110,110,0,2026-03-13 22:31:34.727,2026-03-13 18:27:42.000,1,2026-03-13 20:39:18.273,2026-03-13 22:31:34.730,1188,15820,-14632,NR-No Report
26-006286,2026-03-13 18:08:03.770,11,FRI,13,18,B,DAY,EARLY,FIRE,MUTUAL MVC,1,C2C,CAD to CAD Service 1,CAD to CAD Service 1,2026-03-13 18:04:42.000,2026-03-13 18:08:39.000,2026-03-13 18:08:04.580,202,0,202,2026-03-13 18:08:04.690,0,0,0,NULL,NULL,NULL,NULL,2026-03-13 18:08:26.400,202,-9999,10201,2026-03-13 18:08:26.400,22,19,3,2026-03-13 18:18:04.667,578,578,0,2026-03-13 18:17:11.430,2026-03-13 18:18:42.757,0,NULL,2026-03-13 18:18:42.807,840,840,0,CAD2CAD
26-019438,2026-03-13 18:09:43.000,11,FRI,13,18,B,DAY,EARLY,POLICE,ALARM COMMERCIAL,2,Phone,"WALKER, LATITIA","GRAVES, CHRISTINA",2026-03-13 18:09:40.000,2026-03-13 18:11:28.000,2026-03-13 18:10:19.000,39,36,3,2026-03-13 18:12:12.487,113,113,0,2026-03-13 18:11:55.000,135,132,3,2026-03-13 18:12:17.277,152,152,0,2026-03-13 18:12:17.277,5,4,1,2026-03-13 18:28:03.627,946,946,0,2026-03-13 18:38:12.653,2026-03-13 18:38:12.653,0,NULL,2026-03-13 18:38:12.760,1712,1712,0,FALSE-False Alarm
26-019440,2026-03-13 18:14:03.000,11,FRI,13,18,B,DAY,EARLY,POLICE,WALK IN HQ LOBBY,2,E-911,"PRIESTLY, SHAVAUGHN","GRAVES, CHRISTINA",2026-03-13 18:14:01.000,NULL,2026-03-13 18:17:29.000,208,206,2,2026-03-13 18:28:41.890,672,672,0,2026-03-13 18:31:23.000,1042,1040,2,2026-03-13 18:29:16.590,880,880,0,2026-03-13 18:29:16.590,35,34,1,2026-03-13 19:09:35.907,2419,2419,0,2026-03-13 19:06:42.793,2026-03-13 19:06:42.793,1,2026-03-13 19:08:31.183,2026-03-13 19:10:24.257,3161,3383,-222,NR-No Report
26-019441,2026-03-13 18:17:57.000,11,FRI,13,18,B,DAY,EARLY,POLICE,MVC PROPERTY DAMAGE,2,E-911,"WALKER, LATITIA",NULL,2026-03-13 18:17:57.000,2026-03-13 18:19:03.000,2026-03-13 18:18:58.000,61,61,0,2026-03-13 18:23:41.013,283,283,0,2026-03-13 18:20:07.000,130,130,0,2026-03-13 18:24:04.907,344,344,0,2026-03-13 18:24:04.907,23,23,0,2026-03-13 18:29:13.327,309,308,1,2026-03-13 20:28:54.273,2026-03-13 20:28:54.273,0,NULL,2026-03-13 20:28:54.423,7857,7857,0,NR-No Report
26-006287,2026-03-13 18:22:38.000,11,FRI,13,18,B,DAY,EARLY,EMS,SEIZURE ALS 1,1,E-911,"WALKER, LATITIA",Automatic Dispatch,2026-03-13 18:22:36.000,2026-03-13 18:24:24.000,2026-03-13 18:23:09.000,33,31,2,2026-03-13 18:23:11.727,2,2,0,2026-03-13 18:24:44.000,128,126,2,2026-03-13 18:24:15.113,35,35,0,2026-03-13 18:24:15.113,64,63,1,2026-03-13 18:27:57.013,222,221,1,2026-03-13 18:30:14.093,2026-03-13 19:09:30.547,0,NULL,2026-03-13 19:09:30.713,2814,2814,0,UNDEFINED
26-006288,2026-03-13 18:31:17.000,11,FRI,13,18,B,DAY,EARLY,FIRE,OUTSIDE FIRE,3,Phone,"WILLIAMS, DARNELL",Automatic Dispatch,2026-03-13 18:31:15.000,2026-03-13 18:32:17.000,2026-03-13 18:32:07.000,52,50,2,2026-03-13 18:32:09.673,2,2,0,2026-03-13 18:34:47.000,212,210,2,2026-03-13 18:32:58.147,54,54,0,2026-03-13 18:32:58.147,49,48,1,2026-03-13 18:35:49.590,171,171,0,2026-03-13 18:42:24.213,2026-03-13 18:42:24.213,0,NULL,2026-03-13 18:42:24.550,669,669,0,UNDEFINED
26-006289,2026-03-13 18:41:55.940,11,FRI,13,18,B,DAY,EARLY,EMS,MUTUAL ALS,1,C2C,CAD to CAD Service 1,CAD to CAD Service 1,2026-03-13 18:40:20.000,NULL,2026-03-13 18:41:56.457,96,0,96,2026-03-13 18:41:56.533,0,0,0,NULL,NULL,NULL,NULL,2026-03-13 18:43:00.277,96,111,-15,2026-03-13 18:43:00.277,64,63,1,2026-03-13 18:47:19.897,259,259,0,2026-03-13 19:00:08.640,2026-03-13 19:30:17.903,0,NULL,2026-03-13 19:30:18.057,2997,2997,0,UNDEFINED
26-019446,2026-03-13 18:42:49.000,11,FRI,13,18,B,DAY,EARLY,POLICE,PARKING COMPLAINT,4,Phone,"WALKER, LATITIA",NULL,2026-03-13 18:42:48.000,NULL,2026-03-13 18:43:07.000,19,18,1,2026-03-13 18:51:55.047,528,528,0,2026-03-13 18:43:47.000,59,58,1,2026-03-13 18:51:55.047,547,547,0,2026-03-13 18:51:55.047,0,-9999,9999,2026-03-13 19:04:07.410,732,732,0,2026-03-13 19:11:08.060,2026-03-13 19:11:08.060,0,NULL,2026-03-13 19:11:09.043,1700,1700,0,CI-Citation
26-006290,2026-03-13 18:43:26.000,11,FRI,13,18,B,DAY,EARLY,EMS,ALTERED LOC ALS 1,1,E-911,"WILLIAMS, DARNELL","LEWIS, LESLIE",2026-03-13 18:43:26.000,2026-03-13 18:44:06.000,2026-03-13 18:43:54.000,28,28,0,2026-03-13 18:43:57.227,3,3,0,2026-03-13 18:46:51.000,205,205,0,2026-03-13 18:44:48.677,31,31,0,2026-03-13 18:44:48.677,51,51,0,2026-03-13 18:46:16.397,88,87,1,2026-03-13 18:45:13.470,2026-03-13 19:12:23.677,0,NULL,2026-03-13 19:12:23.767,1737,1737,0,UNDEFINED
26-006292,2026-03-13 18:51:53.650,11,FRI,13,18,B,DAY,EARLY,FIRE,MUTUAL AID,1,C2C,CAD to CAD Service 1,CAD to CAD Service 1,2026-03-13 18:50:08.000,2026-03-13 18:54:45.000,2026-03-13 18:51:54.353,106,0,106,2026-03-13 18:51:54.507,0,0,0,NULL,NULL,NULL,NULL,2026-03-13 18:52:13.017,106,234,-128,2026-03-13 18:52:13.017,19,10,9,2026-03-13 18:53:56.657,103,103,0,2026-03-13 18:57:34.697,2026-03-13 19:11:02.217,0,NULL,2026-03-13 19:11:02.263,1254,1254,0,CAD2CAD
26-006293,2026-03-13 18:55:42.000,11,FRI,13,18,B,DAY,EARLY,EMS,PUBLIC SERVICE EMS,4,E-911,"PRIESTLY, SHAVAUGHN","SWINTON, LATOYA",2026-03-13 18:55:40.000,2026-03-13 18:57:04.000,2026-03-13 18:56:10.000,30,28,2,2026-03-13 18:56:13.207,3,3,0,2026-03-13 18:57:06.000,86,84,2,2026-03-13 18:57:08.377,33,33,0,2026-03-13 18:57:08.377,55,55,0,2026-03-13 19:00:08.677,180,180,0,2026-03-13 19:37:48.977,2026-03-13 19:43:57.077,0,NULL,2026-03-13 19:43:57.270,2897,2897,0,UNDEFINED
26-019451,2026-03-13 18:55:45.000,11,FRI,13,18,B,DAY,EARLY,POLICE,WALK IN HQ LOBBY,3,Phone,"SWINTON, LATOYA","GRAVES, CHRISTINA",2026-03-13 18:55:43.000,2026-03-13 19:04:35.000,2026-03-13 18:58:33.000,170,168,2,2026-03-13 19:15:31.407,1018,1018,0,2026-03-13 18:58:37.000,174,172,2,2026-03-13 19:15:38.620,1188,1188,0,2026-03-13 19:15:38.620,7,7,0,2026-03-13 19:16:00.927,22,22,0,2026-03-13 19:21:18.193,2026-03-13 19:21:18.193,0,NULL,2026-03-13 19:21:18.270,1535,1535,0,NR-No Report
26-019449,2026-03-13 18:57:24.000,11,FRI,13,18,B,DAY,EARLY,POLICE,HAZARD,2,Phone,"WILLIAMS, DARNELL","GRAVES, CHRISTINA",2026-03-13 18:57:23.000,NULL,2026-03-13 18:58:13.000,50,49,1,2026-03-13 19:04:30.447,377,377,0,2026-03-13 18:59:10.000,107,106,1,2026-03-13 19:05:10.400,427,427,0,2026-03-13 19:05:10.400,40,39,1,2026-03-13 19:05:39.790,29,29,0,2026-03-13 19:07:22.037,2026-03-13 19:07:22.037,0,NULL,2026-03-13 19:07:22.147,599,599,0,NR-No Report
26-019452,2026-03-13 18:58:18.000,11,FRI,13,18,B,DAY,EARLY,POLICE,SUSPICIOUS EVENT,2,E-911,"WALKER, LATITIA","GRAVES, CHRISTINA",2026-03-13 18:58:18.000,2026-03-13 19:04:52.000,2026-03-13 19:00:39.000,141,141,0,2026-03-13 19:06:16.387,337,337,0,2026-03-13 19:00:58.000,160,160,0,2026-03-13 19:06:21.873,478,478,0,2026-03-13 19:06:21.873,5,5,0,2026-03-13 19:11:45.937,324,324,0,2026-03-13 19:08:54.393,2026-03-13 19:17:19.383,0,NULL,2026-03-13 19:17:19.500,1141,1141,0,NR-No Report
26-019453,2026-03-13 19:01:37.000,11,FRI,13,19,D,NIGHT,EARLY,POLICE,OFF DUTY DETAIL,8,OFFICER,"QUINT, DUGLAS M",NULL,2026-03-13 19:01:37.000,2026-03-13 21:30:54.000,2026-03-13 19:01:37.000,0,1,-1,2026-03-13 19:01:37.000,0,0,0,2026-03-13 19:01:37.000,0,NULL,0,2026-03-13 19:01:37.000,0,0,0,2026-03-13 19:01:37.000,0,0,0,2026-03-13 19:01:37.000,0,0,0,2026-03-14 00:16:02.640,2026-03-14 00:16:02.640,0,NULL,2026-03-14 00:16:02.717,18865,18865,0,NR-No Report
26-006294,2026-03-13 19:01:46.360,11,FRI,13,19,D,NIGHT,EARLY,EMS,MUTUAL BLS,1,C2C,CAD to CAD Service 1,CAD to CAD Service 1,2026-03-13 18:59:49.000,NULL,2026-03-13 19:01:46.907,117,0,117,2026-03-13 19:01:47.017,1,0,1,NULL,NULL,NULL,NULL,2026-03-13 19:02:53.900,118,-9999,10117,2026-03-13 19:02:53.900,66,66,0,2026-03-13 19:08:19.263,326,325,1,2026-03-13 19:17:07.993,2026-03-13 19:17:11.933,0,NULL,2026-03-13 19:17:12.023,1042,1042,0,UNDEFINED
26-006295,2026-03-13 19:41:13.613,11,FRI,13,19,D,NIGHT,EARLY,FIRE,MUTUAL FIRE ALARM,1,C2C,CAD to CAD Service 1,CAD to CAD Service 1,2026-03-13 19:40:04.000,NULL,2026-03-13 19:41:14.287,70,0,70,2026-03-13 19:41:14.393,0,0,0,NULL,NULL,NULL,NULL,2026-03-13 19:42:27.287,70,-9999,10069,2026-03-13 19:42:27.287,73,72,1,2026-03-13 19:44:46.010,139,138,1,2026-03-13 19:48:08.010,2026-03-13 19:52:28.093,0,NULL,2026-03-13 19:52:28.140,744,744,0,CAD2CAD
26-019459,2026-03-13 19:42:28.000,11,FRI,13,19,D,NIGHT,EARLY,POLICE,EMBEZZLEMENT IN PROG,2,Phone,"PRIESTLY, SHAVAUGHN",NULL,2026-03-13 19:42:26.000,2026-03-13 19:43:28.000,2026-03-13 19:42:51.000,25,23,2,2026-03-13 19:45:41.930,170,170,0,2026-03-13 19:44:38.000,132,130,2,2026-03-13 19:45:44.220,195,195,0,2026-03-13 19:45:44.220,3,2,1,2026-03-13 19:56:18.350,634,634,0,2026-03-13 19:46:40.247,2026-03-13 21:21:25.227,0,NULL,2026-03-13 21:21:25.307,5939,5939,0,RE-Report
26-006296,2026-03-13 19:50:43.417,11,FRI,13,19,D,NIGHT,EARLY,EMS,MUTUAL ALS,1,C2C,CAD to CAD Service 1,CAD to CAD Service 1,2026-03-13 19:49:32.550,NULL,2026-03-13 19:50:43.997,71,0,71,2026-03-13 19:50:44.073,1,0,1,NULL,NULL,NULL,NULL,2026-03-13 19:51:56.717,72,-9999,10071,2026-03-13 19:51:56.717,72,72,0,2026-03-13 19:57:43.817,347,347,0,2026-03-13 20:56:41.840,2026-03-13 20:56:41.840,0,NULL,2026-03-13 20:56:41.900,4029,4029,0,UNDEFINED
26-006297,2026-03-13 19:52:39.000,11,FRI,13,19,D,NIGHT,EARLY,EMS,UNCONSCIOUS ALS 2,1,E-911,"WALKER, LATITIA",Automatic Dispatch,2026-03-13 19:52:39.000,2026-03-13 19:53:34.000,2026-03-13 19:53:22.000,43,43,0,2026-03-13 19:53:26.037,4,4,0,2026-03-13 19:54:43.000,124,124,0,2026-03-13 19:54:25.470,47,47,0,2026-03-13 19:54:25.470,59,59,0,2026-03-13 19:57:20.363,175,174,1,2026-03-13 20:32:08.873,2026-03-13 21:26:42.837,0,NULL,2026-03-13 21:26:42.980,5643,5643,0,UNDEFINED
26-019461,2026-03-13 19:53:44.000,11,FRI,13,19,D,NIGHT,EARLY,POLICE,DISABLED MOTORIST,2,Phone,"WILLIAMS, DARNELL",NULL,2026-03-13 19:53:43.000,2026-03-13 19:57:26.000,2026-03-13 19:54:33.000,50,49,1,2026-03-13 20:13:29.397,1136,1136,0,2026-03-13 19:58:02.000,259,258,1,2026-03-13 20:13:29.397,1186,1186,0,2026-03-13 20:13:29.397,0,-9999,9999,NULL,NULL,-9999,NULL,2026-03-13 20:30:56.387,2026-03-13 20:30:56.387,0,NULL,2026-03-13 20:30:56.437,2233,2233,0,NR-No Report
26-019462,2026-03-13 20:00:22.000,11,FRI,13,20,D,NIGHT,EARLY,POLICE,SUSPICIOUS EVENT,2,E-911,"WILLIAMS, DARNELL","GRAVES, CHRISTINA",2026-03-13 20:00:22.000,2026-03-13 20:01:35.000,2026-03-13 20:01:11.000,49,49,0,2026-03-13 20:04:06.463,175,175,0,2026-03-13 20:04:43.000,261,261,0,2026-03-13 20:04:12.813,224,224,0,2026-03-13 20:04:12.813,6,6,0,2026-03-13 20:08:52.333,280,279,1,2026-03-13 20:28:19.883,2026-03-13 20:28:19.883,0,NULL,2026-03-13 20:28:19.963,1677,1677,0,NR-No Report
26-019463,2026-03-13 20:14:24.000,11,FRI,13,20,D,NIGHT,EARLY,POLICE,MVC CITY PROPERTY DAMAGE,2,Radio,"GRAVES, CHRISTINA",NULL,2026-03-13 20:14:24.000,2026-03-13 20:23:19.000,2026-03-13 20:14:26.000,2,2,0,2026-03-14 00:52:24.387,16678,16678,0,2026-03-13 20:14:26.000,2,0,2,2026-03-14 00:52:24.387,16680,16680,0,2026-03-14 00:52:24.387,0,0,0,NULL,NULL,-9999,NULL,2026-03-14 00:52:35.910,2026-03-14 00:52:35.910,0,NULL,2026-03-14 00:52:36.003,16691,16691,0,RE-Report
26-019465,2026-03-13 20:14:52.000,11,FRI,13,20,D,NIGHT,EARLY,POLICE,MENTAL HEALTH CASE,2,E-911,"SWINTON, LATOYA",NULL,2026-03-13 20:14:52.000,2026-03-13 20:17:29.000,2026-03-13 20:17:04.000,132,132,0,2026-03-13 20:30:32.180,808,808,0,2026-03-13 20:48:11.000,1999,1999,0,2026-03-13 20:30:37.570,940,940,0,2026-03-13 20:30:37.570,5,5,0,2026-03-13 20:47:28.777,1011,1011,0,2026-03-13 21:04:44.550,2026-03-13 23:16:04.373,0,NULL,2026-03-13 23:16:04.440,10872,10872,0,NR-No Report
26-006298,2026-03-13 20:21:08.670,11,FRI,13,20,D,NIGHT,EARLY,EMS,UNKNOWN MEDICAL ALS 1,1,NOT CAPTURED,"WILLIAMS, DARNELL",Automatic Dispatch,2026-03-13 20:21:08.670,2026-03-13 20:21:46.000,2026-03-13 20:21:08.670,0,1,-1,2026-03-13 20:21:11.320,3,2,1,2026-03-13 20:21:08.670,0,NULL,0,2026-03-13 20:22:32.723,3,2,1,2026-03-13 20:22:32.723,81,81,0,2026-03-13 20:25:58.787,206,206,0,2026-03-13 20:34:46.713,2026-03-13 20:35:28.510,0,NULL,2026-03-13 20:35:28.870,860,859,1,UNDEFINED
26-019467,2026-03-13 20:22:22.000,11,FRI,13,20,D,NIGHT,EARLY,POLICE,FIGHT NO WEAPONS,2,Phone,"WILLIAMS, DARNELL","GRAVES, CHRISTINA",2026-03-13 20:22:21.000,2026-03-13 20:24:07.000,2026-03-13 20:22:39.000,18,17,1,2026-03-13 20:25:07.110,148,148,0,2026-03-13 20:25:00.000,159,158,1,2026-03-13 20:25:07.290,166,166,0,2026-03-13 20:25:07.290,0,0,0,2026-03-13 20:27:09.760,122,122,0,2026-03-13 20:25:46.823,2026-03-13 20:33:14.113,0,NULL,2026-03-13 20:33:14.203,653,653,0,NR-No Report
26-019470,2026-03-13 20:27:12.000,11,FRI,13,20,D,NIGHT,EARLY,POLICE,DISORDERLY CONDUCT,2,Phone,"WILLIAMS, DARNELL","GRAVES, CHRISTINA",2026-03-13 20:27:09.000,2026-03-13 20:27:56.000,2026-03-13 20:27:45.000,36,33,3,2026-03-13 20:32:09.990,264,264,0,2026-03-13 20:32:33.000,324,321,3,2026-03-13 20:32:29.473,300,300,0,2026-03-13 20:32:29.473,20,0,20,2026-03-13 20:41:17.513,528,528,0,2026-03-13 20:34:15.090,2026-03-13 22:50:28.943,0,NULL,2026-03-13 22:50:29.033,8599,8599,0,NR-No Report
26-019471,2026-03-13 20:33:46.000,11,FRI,13,20,D,NIGHT,EARLY,POLICE,TRAFFIC STOP,2,OFFICER,"GRAVES, CHRISTINA",NULL,2026-03-13 20:33:46.000,NULL,2026-03-13 20:33:46.000,0,0,0,2026-03-13 20:33:46.000,0,0,0,2026-03-13 20:33:46.000,0,0,0,2026-03-13 22:50:41.860,0,0,0,2026-03-13 20:33:46.000,0,0,0,2026-03-13 20:33:46.000,0,0,0,2026-03-13 22:50:48.257,2026-03-13 22:50:48.257,1,2026-03-13 22:52:08.807,2026-03-13 22:55:08.353,8222,8482,-260,NR-No Report
26-019472,2026-03-13 20:35:25.000,11,FRI,13,20,D,NIGHT,EARLY,POLICE,PARKING COMPLAINT,4,Phone,"WILLIAMS, DARNELL",NULL,2026-03-13 20:35:24.000,2026-03-13 20:50:48.000,2026-03-13 20:35:37.000,13,12,1,2026-03-13 20:36:41.543,64,64,0,2026-03-13 20:36:32.000,68,67,1,2026-03-13 20:36:41.543,77,77,0,2026-03-13 20:36:41.543,0,-9999,9999,2026-03-13 20:46:50.007,609,608,1,2026-03-13 21:43:37.400,2026-03-13 21:43:37.400,0,NULL,2026-03-13 21:43:37.967,4093,4093,0,NR-No Report
26-006299,2026-03-13 20:49:14.277,11,FRI,13,20,D,NIGHT,EARLY,EMS,ANIMAL BITE- ATTACK BLS,3,NOT CAPTURED,"GRAVES, CHRISTINA",Automatic Dispatch,2026-03-13 20:49:14.277,2026-03-13 20:54:41.000,2026-03-13 20:49:14.277,0,0,0,2026-03-13 20:49:16.780,2,2,0,2026-03-13 20:49:14.277,0,NULL,0,2026-03-13 20:51:38.937,2,2,0,2026-03-13 20:51:38.937,142,142,0,2026-03-13 20:56:25.423,287,286,1,2026-03-13 21:22:28.623,2026-03-13 21:22:28.623,0,NULL,2026-03-13 21:22:28.783,1994,1994,0,UNDEFINED
26-019477,2026-03-13 21:01:09.000,11,FRI,13,21,D,NIGHT,EARLY,POLICE,SUSPICIOUS EVENT,3,Phone,"WALKER, LATITIA","GRAVES, CHRISTINA",2026-03-13 21:01:08.000,2026-03-13 21:03:42.000,2026-03-13 21:02:07.000,59,58,1,2026-03-13 21:13:23.463,676,676,0,2026-03-13 21:02:41.000,93,92,1,2026-03-13 21:13:23.567,735,735,0,2026-03-13 21:13:23.567,0,0,0,2026-03-13 21:16:14.213,171,170,1,2026-03-13 21:29:03.933,2026-03-13 21:29:03.933,0,NULL,2026-03-13 21:29:03.947,1675,1675,0,NR-No Report
26-019479,2026-03-13 21:02:11.000,11,FRI,13,21,D,NIGHT,EARLY,POLICE,TELEPHONE COMPLAINT,4,Phone,"WILLIAMS, DARNELL","LEWIS, LESLIE",2026-03-13 21:02:09.000,2026-03-13 21:05:20.000,2026-03-13 21:04:19.000,130,128,2,2026-03-13 22:18:09.287,4430,4430,0,2026-03-13 21:06:50.000,281,279,2,2026-03-13 22:18:24.000,4560,4560,0,2026-03-13 22:18:24.000,15,14,1,2026-03-13 22:38:54.283,1230,1230,0,2026-03-13 22:28:28.047,2026-03-14 00:49:37.037,0,NULL,2026-03-14 00:49:37.087,13648,13648,0,NR-No Report
26-019478,2026-03-13 21:02:53.000,11,FRI,13,21,D,NIGHT,EARLY,POLICE,TRAFFIC STOP,2,Radio,"GRAVES, CHRISTINA",NULL,2026-03-13 21:02:53.000,2026-03-13 21:02:56.000,2026-03-13 21:02:53.000,0,0,0,2026-03-13 21:02:53.000,0,0,0,2026-03-13 21:02:53.000,0,0,0,2026-03-13 21:03:15.367,0,0,0,2026-03-13 21:02:53.000,0,0,0,2026-03-13 21:02:53.000,0,0,0,2026-03-13 22:15:07.523,2026-03-13 22:15:07.523,0,NULL,2026-03-13 22:15:07.740,4334,4334,0,CI-Citation
26-006300,2026-03-13 21:16:16.000,11,FRI,13,21,D,NIGHT,EARLY,FIRE,FIRE ALARM,3,Phone,"LEWIS, LESLIE",Automatic Dispatch,2026-03-13 21:16:14.000,NULL,2026-03-13 21:17:07.000,53,51,2,2026-03-13 21:17:10.067,3,3,0,2026-03-13 21:17:32.000,78,76,2,2026-03-13 21:18:20.403,56,56,0,2026-03-13 21:18:20.403,70,70,0,2026-03-13 21:22:38.647,258,258,0,2026-03-13 21:24:27.363,2026-03-13 21:24:27.363,0,NULL,2026-03-13 21:24:27.627,493,493,0,UNDEFINED
26-019480,2026-03-13 21:18:21.000,11,FRI,13,21,D,NIGHT,EARLY,POLICE,DISORDERLY CONDUCT,2,E-911,"WALKER, LATITIA","GRAVES, CHRISTINA",2026-03-13 21:18:20.000,2026-03-13 21:19:48.000,2026-03-13 21:18:50.000,30,29,1,2026-03-13 21:23:24.297,274,274,0,2026-03-13 21:21:06.000,166,165,1,2026-03-13 21:23:27.200,304,304,0,2026-03-13 21:23:27.200,3,2,1,2026-03-13 21:29:19.853,352,352,0,2026-03-13 21:24:41.890,2026-03-13 22:06:33.447,0,NULL,2026-03-13 22:06:35.253,2893,2893,0,NR-No Report
26-019481,2026-03-13 21:21:36.000,11,FRI,13,21,D,NIGHT,EARLY,POLICE,ASSIST CITIZEN PROMPT,3,Phone,"LEWIS, LESLIE","GRAVES, CHRISTINA",2026-03-13 21:21:34.000,2026-03-13 21:24:26.000,2026-03-13 21:24:01.000,147,145,2,2026-03-13 21:31:57.507,476,476,0,2026-03-13 21:28:37.000,423,421,2,2026-03-13 21:32:23.420,623,623,0,2026-03-13 21:32:23.420,26,25,1,2026-03-13 21:43:25.780,662,662,0,2026-03-13 21:33:03.983,2026-03-13 23:20:49.233,0,NULL,2026-03-13 23:20:49.297,7155,7155,0,NR-No Report
26-019482,2026-03-13 21:30:31.000,11,FRI,13,21,D,NIGHT,EARLY,POLICE,OFF DUTY DETAIL,8,OFFICER,"RUSH, BYRON B.",NULL,2026-03-13 21:30:31.000,2026-03-13 21:30:44.000,2026-03-13 21:30:31.000,0,1,-1,2026-03-13 21:30:31.000,0,0,0,2026-03-13 21:30:31.000,0,NULL,0,2026-03-13 21:30:31.000,0,0,0,2026-03-13 21:30:31.000,0,0,0,2026-03-13 21:30:31.000,0,0,0,2026-03-14 00:03:13.810,2026-03-14 00:03:13.810,0,NULL,2026-03-14 00:03:13.903,9162,9162,0,NR-No Report
26-019483,2026-03-13 21:32:03.000,11,FRI,13,21,D,NIGHT,EARLY,POLICE,MVC CONDITIONS UNKNOWN,1,E-911,"WALKER, LATITIA",NULL,2026-03-13 21:32:03.000,2026-03-13 21:32:50.000,2026-03-13 21:32:45.000,42,42,0,2026-03-13 21:33:23.727,38,38,0,2026-03-13 21:35:33.000,210,210,0,2026-03-13 21:33:34.407,80,80,0,2026-03-13 21:33:34.407,11,10,1,2026-03-13 21:39:31.497,357,357,0,2026-03-13 21:34:21.627,2026-03-14 01:35:45.200,0,NULL,2026-03-14 01:35:45.473,14622,14622,0,RE-Report
26-006301,2026-03-13 21:32:45.000,11,FRI,13,21,D,NIGHT,EARLY,FIRE,MVC AUTO,2,E-911,"WALKER, LATITIA",Automatic Dispatch,2026-03-13 21:32:45.000,2026-03-13 21:33:20.000,2026-03-13 21:32:45.000,0,NULL,0,2026-03-13 21:32:48.217,3,3,0,2026-03-13 21:32:45.000,0,0,0,2026-03-13 21:33:37.347,3,3,0,2026-03-13 21:33:37.347,49,49,0,2026-03-13 21:37:21.330,224,223,1,2026-03-13 21:55:55.890,2026-03-13 21:57:21.293,0,NULL,2026-03-13 21:57:21.447,1476,1476,0,UNDEFINED
26-019486,2026-03-13 21:35:38.000,11,FRI,13,21,D,NIGHT,EARLY,POLICE,ALARM COMMERCIAL,2,Phone,"WALKER, LATITIA","GRAVES, CHRISTINA",2026-03-13 21:35:36.000,2026-03-13 21:36:12.000,2026-03-13 21:35:54.000,18,16,2,2026-03-13 21:36:26.467,32,32,0,2026-03-13 21:36:47.000,71,69,2,2026-03-13 21:36:30.753,50,50,0,2026-03-13 21:36:30.753,4,4,0,2026-03-13 21:41:31.047,301,300,1,2026-03-13 21:51:11.917,2026-03-13 21:51:11.917,0,NULL,2026-03-13 21:51:11.967,935,935,0,FALSE-False Alarm
26-019488,2026-03-13 21:38:51.000,11,FRI,13,21,D,NIGHT,EARLY,POLICE,PARKING COMPLAINT,4,Phone,"WALKER, LATITIA","LEWIS, LESLIE",2026-03-13 21:38:49.000,2026-03-13 21:44:19.000,2026-03-13 21:39:10.000,21,19,2,2026-03-13 22:02:59.710,1429,1429,0,2026-03-13 21:40:08.000,79,77,2,2026-03-13 22:03:05.817,1450,1450,0,2026-03-13 22:03:05.817,6,6,0,2026-03-13 22:12:58.333,593,592,1,2026-03-13 22:15:49.423,2026-03-13 22:15:49.423,0,NULL,2026-03-13 22:15:49.803,2220,2220,0,NR-No Report
26-006302,2026-03-13 21:41:38.000,11,FRI,13,21,D,NIGHT,EARLY,FIRE,ELEVATOR,3,E-911,"WALKER, LATITIA",Automatic Dispatch,2026-03-13 21:41:38.000,2026-03-13 21:45:25.000,2026-03-13 21:42:00.000,22,22,0,2026-03-13 21:42:02.327,2,2,0,2026-03-13 21:42:51.000,73,73,0,2026-03-13 21:43:15.957,24,24,0,2026-03-13 21:43:15.957,73,73,0,2026-03-13 21:45:46.017,151,150,1,2026-03-13 21:53:31.123,2026-03-13 21:53:31.123,0,NULL,2026-03-13 21:53:31.203,713,713,0,UNDEFINED
26-006303,2026-03-13 21:41:39.000,11,FRI,13,21,D,NIGHT,EARLY,FIRE,INVESTIGATION,3,Phone,"WILLIAMS, DARNELL",Automatic Dispatch,2026-03-13 21:41:37.000,2026-03-13 21:51:42.000,2026-03-13 21:43:29.000,112,110,2,2026-03-13 21:43:31.777,2,2,0,2026-03-13 21:45:49.000,252,250,2,2026-03-13 21:46:10.680,114,114,0,2026-03-13 21:46:10.680,159,158,1,2026-03-13 21:49:55.010,225,224,1,2026-03-13 22:16:22.657,2026-03-13 22:16:22.657,0,NULL,2026-03-13 22:16:23.057,2085,2085,0,UNDEFINED
26-019489,2026-03-13 21:54:00.000,11,FRI,13,21,D,NIGHT,EARLY,POLICE,OFF DUTY DETAIL,8,OFFICER,"VILLANUEVA, RODNEY M",NULL,2026-03-13 21:54:00.000,2026-03-13 21:56:36.000,2026-03-13 21:54:00.000,0,1,-1,2026-03-13 21:54:00.000,0,0,0,2026-03-13 21:54:00.000,0,NULL,0,2026-03-13 21:54:00.000,0,0,0,2026-03-13 21:54:00.000,0,0,0,2026-03-13 21:54:00.000,0,0,0,2026-03-14 05:09:28.877,2026-03-14 05:09:28.877,0,NULL,2026-03-14 05:09:28.923,26128,26128,0,NR-No Report
26-019490,2026-03-13 21:55:08.000,11,FRI,13,21,D,NIGHT,EARLY,POLICE,WALK IN HQ LOBBY,3,Phone,"WALKER, LATITIA",NULL,2026-03-13 21:55:06.000,2026-03-13 22:00:23.000,2026-03-13 21:58:34.000,208,206,2,2026-03-13 22:05:58.167,444,444,0,2026-03-13 21:58:36.000,210,208,2,2026-03-13 22:06:00.760,652,652,0,2026-03-13 22:06:00.760,2,2,0,2026-03-13 23:22:35.450,4595,4594,1,2026-03-14 00:43:02.497,2026-03-14 00:43:02.497,0,NULL,2026-03-14 00:43:02.557,10076,10076,0,NR-No Report
26-019491,2026-03-13 22:08:53.000,11,FRI,13,22,D,NIGHT,MIDS,POLICE,ON VIEW,2,OFFICER,"LEWIS, LESLIE","LEWIS, LESLIE",2026-03-13 22:08:53.000,NULL,2026-03-13 22:09:05.000,12,12,0,2026-03-13 22:09:21.030,16,16,0,2026-03-13 22:10:56.000,123,123,0,2026-03-13 22:09:21.097,28,28,0,2026-03-13 22:09:21.097,0,0,0,2026-03-13 22:09:21.187,0,0,0,2026-03-13 22:20:55.000,2026-03-13 22:20:55.000,0,NULL,2026-03-13 22:20:55.087,722,721,1,NR-No Report
26-019492,2026-03-13 22:10:42.000,11,FRI,13,22,D,NIGHT,MIDS,POLICE,TELEPHONE COMPLAINT,4,Phone,"WALKER, LATITIA","LEWIS, LESLIE",2026-03-13 22:10:40.000,2026-03-13 22:14:18.000,2026-03-13 22:13:31.000,171,169,2,2026-03-14 00:07:25.037,6834,6834,0,2026-03-13 22:14:02.000,202,200,2,2026-03-14 00:08:05.487,7005,7005,0,2026-03-14 00:08:05.487,40,40,0,2026-03-14 00:23:45.947,940,940,0,NULL,2026-03-14 07:45:49.000,0,NULL,NULL,34509,34509,0,RE-Report
26-019493,2026-03-13 22:17:48.000,11,FRI,13,22,D,NIGHT,MIDS,POLICE,PROPERTY FOUND,4,Phone,"PRIESTLY, SHAVAUGHN","LEWIS, LESLIE",2026-03-13 22:17:46.000,2026-03-13 22:22:19.000,2026-03-13 22:18:32.000,46,44,2,2026-03-13 22:22:45.657,253,253,0,2026-03-13 22:19:18.000,92,90,2,2026-03-13 22:22:51.550,299,299,0,2026-03-13 22:22:51.550,6,5,1,2026-03-13 22:26:45.793,234,234,0,2026-03-13 22:29:22.967,2026-03-13 22:29:22.967,0,NULL,2026-03-13 22:29:23.023,696,696,0,NR-No Report
26-019494,2026-03-13 22:19:58.000,11,FRI,13,22,D,NIGHT,MIDS,POLICE,SUBJECT STOP,2,OFFICER,"LEWIS, LESLIE","LEWIS, LESLIE",2026-03-13 22:19:58.000,2026-03-13 22:20:25.707,2026-03-13 22:19:58.000,0,0,0,2026-03-13 22:19:58.000,0,0,0,2026-03-13 22:19:58.000,0,0,0,2026-03-13 22:20:08.973,0,0,0,2026-03-13 22:19:58.000,0,0,0,2026-03-13 22:19:58.000,0,0,0,2026-03-13 22:21:13.900,2026-03-13 22:36:28.517,0,NULL,2026-03-13 22:36:28.610,990,990,0,NR-No Report
26-019495,2026-03-13 22:21:15.000,11,FRI,13,22,D,NIGHT,MIDS,POLICE,TRAFFIC STOP,2,OFFICER,"GAINES, SASHAWNA M.",NULL,2026-03-13 22:21:15.000,2026-03-13 22:23:42.000,2026-03-13 22:21:15.000,0,1,-1,2026-03-13 22:21:15.000,0,0,0,2026-03-13 22:21:15.000,0,NULL,0,2026-03-13 22:21:15.000,0,0,0,2026-03-13 22:21:15.000,0,0,0,2026-03-13 22:21:15.000,0,0,0,2026-03-13 22:26:05.440,2026-03-13 22:26:05.440,0,NULL,2026-03-13 22:26:05.773,290,290,0,NR-No Report
26-019496,2026-03-13 22:32:35.000,11,FRI,13,22,D,NIGHT,MIDS,POLICE,WEAPON VIOL GUN IN PROG,2,E-911,"GRAVES, CHRISTINA","LEWIS, LESLIE",2026-03-13 22:32:34.000,2026-03-13 22:33:44.000,2026-03-13 22:33:22.000,48,47,1,2026-03-13 22:34:26.477,64,64,0,2026-03-13 22:44:59.000,745,744,1,2026-03-13 22:34:29.973,112,112,0,2026-03-13 22:34:29.973,3,3,0,2026-03-13 22:38:43.440,254,253,1,2026-03-13 22:47:48.313,2026-03-13 22:47:48.313,0,NULL,2026-03-13 22:47:48.597,914,914,0,NR-No Report
26-019498,2026-03-13 22:35:06.000,11,FRI,13,22,D,NIGHT,MIDS,POLICE,ASSIST CITIZEN DELAY,4,Phone,"WALKER, LATITIA","LEWIS, LESLIE",2026-03-13 22:35:04.000,2026-03-13 22:38:19.000,2026-03-13 22:37:24.000,140,138,2,2026-03-13 22:38:31.840,67,67,0,2026-03-13 22:37:30.000,146,144,2,2026-03-13 22:38:39.647,207,207,0,2026-03-13 22:38:39.647,8,7,1,2026-03-13 22:44:19.033,340,339,1,NULL,2026-03-14 07:45:36.000,0,NULL,NULL,33032,33032,0,NR-No Report
26-019497,2026-03-13 22:36:10.000,11,FRI,13,22,D,NIGHT,MIDS,POLICE,TRAFFIC STOP,2,OFFICER,"GAINES, SASHAWNA M.",NULL,2026-03-13 22:36:10.000,NULL,2026-03-13 22:36:10.000,0,1,-1,2026-03-13 22:36:10.000,0,0,0,2026-03-13 22:36:10.000,0,NULL,0,2026-03-13 22:36:10.000,0,0,0,2026-03-13 22:36:10.000,0,0,0,2026-03-13 22:36:10.000,0,0,0,2026-03-13 22:39:14.430,2026-03-13 22:45:52.047,0,NULL,2026-03-13 22:45:52.177,582,582,0,NR-No Report
26-006304,2026-03-13 22:41:40.880,11,FRI,13,22,D,NIGHT,MIDS,FIRE,MUTUAL MVC,1,C2C,CAD to CAD Service 1,CAD to CAD Service 1,2026-03-13 22:40:20.000,NULL,2026-03-13 22:41:41.523,81,0,81,2026-03-13 22:41:41.583,0,0,0,NULL,NULL,NULL,NULL,2026-03-13 22:42:24.727,81,97,-16,2026-03-13 22:42:24.727,43,27,16,2026-03-13 22:50:59.637,515,514,1,2026-03-13 22:51:26.557,2026-03-13 23:34:05.663,0,NULL,2026-03-13 23:34:05.710,3225,3225,0,CAD2CAD
26-019499,2026-03-13 22:42:29.000,11,FRI,13,22,D,NIGHT,MIDS,POLICE,TRESPASSING DELAY,4,Phone,"PRIESTLY, SHAVAUGHN","LEWIS, LESLIE",2026-03-13 22:42:27.000,2026-03-13 22:43:27.000,2026-03-13 22:43:07.000,40,38,2,2026-03-13 22:57:16.547,849,849,0,2026-03-13 23:01:22.000,1135,1133,2,2026-03-13 22:57:22.530,889,889,0,2026-03-13 22:57:22.530,6,5,1,2026-03-13 23:01:36.833,254,254,0,2026-03-13 23:23:34.803,2026-03-13 23:25:09.727,0,NULL,2026-03-13 23:25:09.830,2562,2562,0,NR-No Report
26-019501,2026-03-13 22:48:29.000,11,FRI,13,22,D,NIGHT,MIDS,POLICE,NOISE COMPLAINT DELAY,4,Phone,"WILLIAMS, DARNELL","LEWIS, LESLIE",2026-03-13 22:48:27.000,2026-03-13 22:50:19.000,2026-03-13 22:48:40.000,13,11,2,2026-03-13 22:50:29.010,109,109,0,2026-03-13 22:49:07.000,40,38,2,2026-03-13 22:50:36.527,122,122,0,2026-03-13 22:50:36.527,7,7,0,2026-03-13 22:53:26.167,170,169,1,2026-03-13 22:57:49.863,2026-03-13 22:57:49.943,0,NULL,2026-03-13 22:57:50.110,562,562,0,NR-No Report
26-019503,2026-03-13 22:53:04.000,11,FRI,13,22,D,NIGHT,MIDS,POLICE,MENTAL HEALTH CASE,2,Phone,"WALKER, LATITIA","LEWIS, LESLIE",2026-03-13 22:53:02.000,2026-03-13 22:58:08.000,2026-03-13 22:54:58.000,116,114,2,2026-03-13 23:57:27.230,3749,3749,0,2026-03-13 22:55:09.000,127,125,2,2026-03-13 23:59:46.897,3865,3865,0,2026-03-13 23:59:46.897,139,7,132,2026-03-14 00:38:47.500,2341,2340,1,2026-03-14 01:17:09.317,2026-03-14 02:21:51.483,0,NULL,2026-03-14 02:21:51.580,12529,12529,0,RE-Report
26-019504,2026-03-13 23:11:01.000,11,FRI,13,23,D,NIGHT,MIDS,POLICE,NOISE COMPLAINT DELAY,4,Phone,"WILLIAMS, DARNELL","LEWIS, LESLIE",2026-03-13 23:11:00.000,2026-03-13 23:11:29.000,2026-03-13 23:11:16.000,16,15,1,2026-03-13 23:11:40.740,24,24,0,2026-03-13 23:11:39.000,39,38,1,2026-03-13 23:11:51.613,40,40,0,2026-03-13 23:11:51.613,11,10,1,2026-03-13 23:15:08.953,197,197,0,2026-03-13 23:25:34.563,2026-03-13 23:26:42.630,0,NULL,2026-03-13 23:26:42.690,942,942,0,NR-No Report
26-006306,2026-03-13 23:13:47.000,11,FRI,13,23,D,NIGHT,MIDS,EMS,OVERDOSE ALS,2,E-911,"GRAVES, CHRISTINA",Automatic Dispatch,2026-03-13 23:13:46.000,2026-03-13 23:15:46.000,2026-03-13 23:14:50.000,64,63,1,2026-03-13 23:14:53.357,3,3,0,2026-03-13 23:18:02.000,256,255,1,2026-03-13 23:15:58.150,67,67,0,2026-03-13 23:15:58.150,65,64,1,2026-03-13 23:17:56.027,118,117,1,2026-03-13 23:20:20.040,2026-03-14 00:30:11.410,0,NULL,2026-03-14 00:30:11.603,4585,4585,0,UNDEFINED
26-019505,2026-03-13 23:14:51.000,11,FRI,13,23,D,NIGHT,MIDS,POLICE,ASSIST FIRE - PROMPT,3,NOT CAPTURED,"GRAVES, CHRISTINA","LEWIS, LESLIE",2026-03-13 23:14:51.000,2026-03-13 23:15:04.000,2026-03-13 23:14:51.000,0,NULL,0,2026-03-13 23:15:24.610,33,33,0,2026-03-13 23:14:51.000,0,0,0,2026-03-13 23:15:30.260,33,33,0,2026-03-13 23:15:30.260,6,5,1,2026-03-13 23:21:08.003,338,337,1,2026-03-13 23:16:12.537,2026-03-13 23:32:14.133,0,NULL,2026-03-13 23:32:14.200,1043,1043,0,NR-No Report
26-019506,2026-03-13 23:22:16.000,11,FRI,13,23,D,NIGHT,MIDS,POLICE,DOMESTIC VIOL NO INJ,2,Phone,"PRIESTLY, SHAVAUGHN","LEWIS, LESLIE",2026-03-13 23:22:14.000,2026-03-13 23:24:23.000,2026-03-13 23:22:46.000,32,30,2,2026-03-13 23:24:46.850,120,120,0,2026-03-13 23:25:10.000,176,174,2,2026-03-13 23:24:55.623,152,152,0,2026-03-13 23:24:55.623,9,8,1,2026-03-13 23:28:55.050,240,239,1,2026-03-13 23:57:04.603,2026-03-14 00:02:00.623,0,NULL,2026-03-14 00:02:00.707,2386,2386,0,NR-No Report
26-006307,2026-03-13 23:23:34.000,11,FRI,13,23,D,NIGHT,MIDS,FIRE,FIRE ALARM,3,E-911,"WILLIAMS, DARNELL",Automatic Dispatch,2026-03-13 23:23:33.000,2026-03-13 23:26:01.000,2026-03-13 23:24:11.000,38,37,1,2026-03-13 23:24:14.330,3,3,0,2026-03-13 23:24:35.000,62,61,1,2026-03-13 23:25:23.077,41,41,0,2026-03-13 23:25:23.077,69,68,1,2026-03-13 23:29:55.143,272,272,0,2026-03-13 23:53:09.557,2026-03-13 23:53:09.557,0,NULL,2026-03-13 23:53:09.767,1776,1776,0,UNDEFINED
26-019507,2026-03-13 23:24:35.000,11,FRI,13,23,D,NIGHT,MIDS,POLICE,DIP - DRUNK/INTOX PERSON,2,Phone,"WALKER, LATITIA",NULL,2026-03-13 23:24:33.000,2026-03-13 23:25:35.000,2026-03-13 23:24:56.000,23,21,2,2026-03-13 23:25:47.507,51,51,0,2026-03-13 23:26:47.000,134,132,2,2026-03-13 23:25:51.250,74,74,0,2026-03-13 23:25:51.250,4,3,1,2026-03-13 23:27:52.733,121,121,0,2026-03-13 23:26:37.143,2026-03-14 05:46:23.470,0,NULL,2026-03-14 05:46:23.557,22910,22910,0,RE-Report
26-019508,2026-03-13 23:24:47.000,11,FRI,13,23,D,NIGHT,MIDS,POLICE,DISORDERLY CONDUCT,2,E-911,"GRAVES, CHRISTINA","PRIESTLY, SHAVAUGHN",2026-03-13 23:24:46.000,2026-03-13 23:26:22.000,2026-03-13 23:25:39.000,53,52,1,2026-03-13 23:32:56.163,437,437,0,2026-03-13 23:28:54.000,248,247,1,2026-03-13 23:32:56.270,490,490,0,2026-03-13 23:32:56.270,0,0,0,2026-03-13 23:34:08.823,72,72,0,2026-03-13 23:52:55.260,2026-03-13 23:59:51.873,0,NULL,2026-03-13 23:59:52.030,2105,2105,0,NR-No Report
26-019510,2026-03-13 23:30:36.000,11,FRI,13,23,D,NIGHT,MIDS,POLICE,VEHICLE ACTIVATION/ONSTAR,2,E-911,"GRAVES, CHRISTINA","PRIESTLY, SHAVAUGHN",2026-03-13 23:30:36.000,2026-03-13 23:34:01.000,2026-03-13 23:33:09.000,153,153,0,2026-03-13 23:35:04.687,115,115,0,2026-03-13 23:35:51.000,315,315,0,2026-03-13 23:35:07.883,268,268,0,2026-03-13 23:35:07.883,3,3,0,2026-03-13 23:51:05.000,958,957,1,2026-03-13 23:36:09.280,2026-03-14 00:35:22.873,0,NULL,2026-03-14 00:35:22.933,3886,3886,0,NR-No Report
26-019509,2026-03-13 23:31:52.000,11,FRI,13,23,D,NIGHT,MIDS,POLICE,WARRANT SERVICE,3,Phone,"WILLIAMS, DARNELL","PRIESTLY, SHAVAUGHN",2026-03-13 23:31:50.000,2026-03-13 23:39:07.000,2026-03-13 23:32:08.000,18,16,2,2026-03-14 02:58:42.640,12394,12394,0,2026-03-13 23:33:40.000,110,108,2,NULL,12412,12412,0,NULL,NULL,-9999,NULL,NULL,NULL,-9999,NULL,NULL,2026-03-14 04:10:29.000,0,NULL,NULL,16719,16719,0,CN-Cancellation
26-006309,2026-03-13 23:31:58.000,11,FRI,13,23,D,NIGHT,MIDS,EMS,MEDICAL ALARM ALS 1,3,E-911,"WALKER, LATITIA",Automatic Dispatch,2026-03-13 23:31:56.000,2026-03-13 23:34:26.000,2026-03-13 23:32:48.000,52,50,2,2026-03-13 23:32:51.557,3,3,0,2026-03-13 23:35:04.000,188,186,2,2026-03-13 23:34:45.517,55,55,0,2026-03-13 23:34:45.517,114,113,1,2026-03-13 23:36:59.867,134,134,0,2026-03-13 23:58:40.880,2026-03-14 00:07:52.780,0,NULL,2026-03-14 00:07:52.913,2156,2156,0,UNDEFINED
26-006308,2026-03-13 23:32:21.650,11,FRI,13,23,D,NIGHT,MIDS,FIRE,MUTUAL MVC,1,C2C,CAD to CAD Service 1,CAD to CAD Service 1,2026-03-13 23:29:48.000,2026-03-13 23:33:28.000,2026-03-13 23:32:22.150,154,0,154,2026-03-13 23:32:22.227,0,0,0,NULL,NULL,NULL,NULL,2026-03-13 23:33:47.623,154,257,-103,2026-03-13 23:33:47.623,85,74,11,2026-03-13 23:40:03.367,376,375,1,2026-03-13 23:41:01.967,2026-03-14 00:08:44.707,0,NULL,2026-03-14 00:08:44.750,2336,2336,0,RAF-Reassign FD Call
26-006310,2026-03-13 23:33:51.917,11,FRI,13,23,D,NIGHT,MIDS,EMS,BLS EMERGENCY,3,NOT CAPTURED,"PRIESTLY, SHAVAUGHN",Automatic Dispatch,2026-03-13 23:33:51.917,2026-03-13 23:35:31.000,2026-03-13 23:33:51.917,0,0,0,2026-03-13 23:33:54.337,3,2,1,2026-03-13 23:33:51.917,0,NULL,0,2026-03-13 23:35:33.653,3,2,1,2026-03-13 23:35:33.653,99,99,0,2026-03-13 23:41:30.763,357,357,0,2026-03-13 23:57:22.247,2026-03-13 23:57:22.247,0,NULL,2026-03-13 23:57:22.400,1411,1410,1,UNDEFINED
26-006311,2026-03-13 23:36:05.923,11,FRI,13,23,D,NIGHT,MIDS,EMS,UNKNOWN MEDICAL ALS 1,1,Phone,"WILLIAMS, DARNELL",Automatic Dispatch,2026-03-13 23:36:05.923,2026-03-13 23:36:34.000,2026-03-13 23:36:05.923,0,1,-1,2026-03-13 23:36:08.650,3,2,1,2026-03-13 23:36:05.923,0,NULL,0,2026-03-13 23:38:06.927,3,2,1,2026-03-13 23:38:06.927,118,118,0,2026-03-13 23:43:19.113,313,312,1,2026-03-13 23:54:49.803,2026-03-13 23:56:30.970,0,NULL,2026-03-13 23:56:31.000,1225,1225,0,CAD2CAD
26-019514,2026-03-13 23:53:31.000,11,FRI,13,23,D,NIGHT,MIDS,POLICE,GLA DELAY,4,Phone,"PRIESTLY, SHAVAUGHN",NULL,2026-03-13 23:53:30.000,2026-03-17 09:00:51.367,2026-03-13 23:57:49.000,259,258,1,2026-03-16 14:05:48.050,223679,1518,222161,2026-03-14 00:08:02.000,872,871,1,2026-03-16 14:05:55.760,223938,-9999,233937,2026-03-16 14:05:55.760,7,7,0,2026-03-17 14:34:12.560,88097,-9999,98096,2026-03-16 17:28:27.777,2026-03-14 05:05:19.000,1,2026-03-16 13:40:29.227,2026-03-16 22:47:11.280,18709,-9999,28708,NR-No Report
26-019515,2026-03-14 00:04:31.000,11,SAT,14,0,D,NIGHT,MIDS,POLICE,DOMESTIC VIOL NO INJ,2,E-911,"MACK, BRIANA","LEWIS, LESLIE",2026-03-14 00:04:30.000,2026-03-14 00:15:08.000,2026-03-14 00:05:46.000,76,75,1,2026-03-14 01:26:16.770,4830,4830,0,2026-03-14 01:11:34.000,4024,4023,1,2026-03-14 01:26:23.853,4906,4906,0,2026-03-14 01:26:23.853,7,3,4,2026-03-14 01:51:52.907,1529,1529,0,2026-03-14 01:29:36.097,2026-03-14 01:56:24.180,0,NULL,2026-03-14 01:56:24.517,6714,6714,0,NR-No Report
26-019516,2026-03-14 00:13:07.000,11,SAT,14,0,D,NIGHT,MIDS,POLICE,LARCENY COMM IN PROG,2,E-911,"WALKER, LATITIA","LEWIS, LESLIE",2026-03-14 00:13:07.000,2026-03-14 00:13:56.000,2026-03-14 00:13:45.000,38,38,0,2026-03-14 00:14:28.233,43,43,0,2026-03-14 00:52:11.000,2344,2344,0,2026-03-14 00:14:44.470,81,81,0,2026-03-14 00:14:44.470,16,16,0,2026-03-14 00:21:38.240,414,413,1,2026-03-14 00:39:30.453,2026-03-14 04:19:56.683,0,NULL,2026-03-14 04:19:56.807,14809,14809,0,NR-No Report
26-019517,2026-03-14 00:22:34.000,11,SAT,14,0,D,NIGHT,MIDS,POLICE,DISORDERLY CONDUCT,2,Phone,"WILLIAMS, DARNELL","LEWIS, LESLIE",2026-03-14 00:22:34.000,2026-03-14 00:24:25.000,2026-03-14 00:22:49.000,15,15,0,2026-03-14 00:31:04.777,495,495,0,2026-03-14 00:23:58.000,84,84,0,2026-03-14 00:31:12.680,510,510,0,2026-03-14 00:31:12.680,8,2,6,2026-03-14 00:42:53.150,701,700,1,2026-03-14 00:53:55.310,2026-03-14 00:53:55.310,0,NULL,2026-03-14 00:53:55.420,1881,1881,0,NR-No Report
26-019518,2026-03-14 00:30:31.000,11,SAT,14,0,D,NIGHT,MIDS,POLICE,TROUBLE UNKNOWN EMS,2,E-911,"PRIESTLY, SHAVAUGHN","LEWIS, LESLIE",2026-03-14 00:30:31.000,2026-03-14 00:31:32.000,2026-03-14 00:31:08.000,37,37,0,2026-03-14 00:31:55.720,47,47,0,2026-03-14 00:33:21.000,170,170,0,2026-03-14 00:31:59.583,84,84,0,2026-03-14 00:31:59.583,4,3,1,2026-03-14 00:33:33.983,94,94,0,2026-03-14 00:41:25.573,2026-03-14 00:44:36.330,0,NULL,2026-03-14 00:44:36.443,845,845,0,NR-No Report
26-006312,2026-03-14 00:31:11.000,11,SAT,14,0,D,NIGHT,MIDS,EMS,UNKNOWN MEDICAL ALS 1,1,NOT CAPTURED,"PRIESTLY, SHAVAUGHN",Automatic Dispatch,2026-03-14 00:31:11.000,2026-03-14 00:31:58.000,2026-03-14 00:31:11.000,0,NULL,0,2026-03-14 00:31:14.040,3,3,0,2026-03-14 00:31:11.000,0,0,0,2026-03-14 00:33:02.470,3,3,0,2026-03-14 00:33:02.470,108,108,0,2026-03-14 00:37:38.790,276,276,0,2026-03-14 00:45:08.863,2026-03-14 01:13:30.497,0,NULL,2026-03-14 01:13:30.613,2539,2539,0,UNDEFINED
26-006313,2026-03-14 00:42:44.350,11,SAT,14,0,D,NIGHT,MIDS,EMS,BLS EMERGENCY,3,NOT CAPTURED,"LEWIS, LESLIE",Automatic Dispatch,2026-03-14 00:42:44.350,2026-03-14 00:42:57.000,2026-03-14 00:42:44.350,0,1,-1,2026-03-14 00:42:47.313,3,2,1,2026-03-14 00:42:44.350,0,NULL,0,2026-03-14 00:44:44.050,3,2,1,2026-03-14 00:44:44.050,117,116,1,2026-03-14 00:52:54.673,490,490,0,2026-03-14 01:55:10.430,2026-03-14 01:55:10.430,0,NULL,2026-03-14 01:55:10.527,4346,4346,0,UNDEFINED
26-019520,2026-03-14 00:52:45.000,11,SAT,14,0,D,NIGHT,MIDS,POLICE,ASSAULT MINOR INJ IN PROG,2,E-911,"WILLIAMS, DARNELL",NULL,2026-03-14 00:52:45.000,2026-03-14 00:54:28.000,2026-03-14 00:53:26.000,41,41,0,2026-03-14 00:54:32.113,66,66,0,2026-03-14 00:58:14.000,329,329,0,2026-03-14 00:54:40.937,107,107,0,2026-03-14 00:54:40.937,8,3,5,2026-03-14 00:57:55.840,195,194,1,2026-03-14 01:18:12.427,2026-03-14 02:50:58.583,0,NULL,2026-03-14 02:50:58.660,7093,7093,0,RE-Report
26-006314,2026-03-14 00:53:26.000,11,SAT,14,0,D,NIGHT,MIDS,EMS,HEART PROBLEMS ALS 1,1,E-911,"PRIESTLY, SHAVAUGHN",Automatic Dispatch,2026-03-14 00:53:26.000,2026-03-14 00:56:27.000,2026-03-14 00:54:14.000,48,48,0,2026-03-14 00:54:16.920,2,2,0,2026-03-14 00:56:20.000,174,174,0,2026-03-14 00:56:17.833,50,50,0,2026-03-14 00:56:17.833,121,120,1,2026-03-14 01:02:13.320,356,355,1,2026-03-14 01:24:12.507,2026-03-14 02:16:03.010,0,NULL,2026-03-14 02:16:03.270,4957,4957,0,UNDEFINED
26-019521,2026-03-14 01:04:19.000,11,SAT,14,1,D,NIGHT,MIDS,POLICE,FIGHT NO WEAPONS,2,E-911,"PRIESTLY, SHAVAUGHN",NULL,2026-03-14 01:04:19.000,2026-03-14 01:05:23.000,2026-03-14 01:04:49.000,30,30,0,2026-03-14 01:05:44.990,55,55,0,2026-03-14 01:04:49.000,30,NULL,30,2026-03-14 01:05:52.287,85,85,0,2026-03-14 01:05:52.287,8,7,1,2026-03-14 01:07:38.760,106,106,0,2026-03-14 01:20:53.200,2026-03-14 01:26:46.867,0,NULL,2026-03-14 01:26:46.953,1347,1347,0,NR-No Report
26-019522,2026-03-14 01:12:02.000,11,SAT,14,1,D,NIGHT,MIDS,POLICE,POLICE INFORMATION,4,Phone,"MACK, BRIANA",NULL,2026-03-14 01:12:00.000,2026-03-14 01:14:48.000,2026-03-14 01:14:42.000,162,160,2,2026-03-14 01:16:59.380,137,137,0,2026-03-14 01:59:33.000,2853,2851,2,2026-03-14 01:17:03.283,299,299,0,2026-03-14 01:17:03.283,4,3,1,2026-03-14 01:20:39.747,216,216,0,2026-03-14 01:26:05.073,2026-03-14 07:15:16.010,0,NULL,2026-03-14 07:15:16.057,21796,21796,0,NR-No Report
26-006315,2026-03-14 01:29:14.393,11,SAT,14,1,D,NIGHT,MIDS,FIRE,MVC ENTRAPMENT,1,NOT CAPTURED,CAD to CAD Service 1,CAD to CAD Service 1,2026-03-14 01:27:17.000,2026-03-14 01:30:18.000,2026-03-14 01:29:14.893,117,0,117,2026-03-14 01:29:15.050,1,0,1,NULL,NULL,NULL,NULL,2026-03-14 01:30:37.440,118,-9999,10117,2026-03-14 01:30:37.440,82,74,8,2026-03-14 01:34:30.800,233,233,0,2026-03-14 01:36:39.730,2026-03-14 01:59:11.540,0,NULL,2026-03-14 01:59:11.723,1914,1914,0,UNDEFINED
26-019523,2026-03-14 01:29:55.000,11,SAT,14,1,D,NIGHT,MIDS,POLICE,TRAFFIC COMPLAINT,4,OFFICER,"LEWIS, LESLIE",NULL,2026-03-14 01:29:55.000,2026-03-14 07:08:50.000,2026-03-14 01:29:55.000,0,0,0,2026-03-14 01:29:55.000,0,0,0,2026-03-14 01:29:55.000,0,0,0,2026-03-14 01:30:22.083,0,0,0,2026-03-14 01:29:55.000,0,0,0,2026-03-14 01:29:55.000,0,0,0,2026-03-14 02:39:01.820,2026-03-14 03:33:56.533,1,2026-03-14 06:37:05.133,2026-03-14 08:16:20.947,7441,24385,-16944,RE-Report
26-019528,2026-03-14 01:49:17.000,11,SAT,14,1,D,NIGHT,MIDS,POLICE,NOISE COMPLAINT DELAY,4,E-911,"MACK, BRIANA","LEWIS, LESLIE",2026-03-14 01:49:16.000,2026-03-14 03:16:37.000,2026-03-14 01:57:53.000,517,516,1,2026-03-14 04:50:40.450,10367,10367,0,2026-03-14 01:59:14.000,598,597,1,2026-03-14 04:50:43.523,10884,10884,0,2026-03-14 04:50:43.523,3,3,0,2026-03-14 04:59:55.760,552,552,0,2026-03-14 05:01:42.537,2026-03-14 05:01:42.537,0,NULL,2026-03-14 05:01:42.610,11546,11546,0,NR-No Report
26-019527,2026-03-14 01:53:33.000,11,SAT,14,1,D,NIGHT,MIDS,POLICE,MVC HIT/RUN NO INJURY,2,Phone,"WALKER, LATITIA",NULL,2026-03-14 01:53:31.000,2026-03-14 01:55:12.000,2026-03-14 01:55:01.000,90,88,2,2026-03-14 02:21:49.063,1608,1608,0,2026-03-14 01:56:48.000,197,195,2,2026-03-14 02:21:49.123,1698,1698,0,2026-03-14 02:21:49.123,0,0,0,2026-03-14 02:22:26.617,37,37,0,2026-03-14 04:03:13.030,2026-03-14 04:03:13.030,0,NULL,2026-03-14 04:03:13.130,7782,7782,0,RE-Report
26-006316,2026-03-14 01:55:01.000,11,SAT,14,1,D,NIGHT,MIDS,FIRE,MVC AUTO,2,E-911,"WALKER, LATITIA",Automatic Dispatch,2026-03-14 01:55:01.000,2026-03-14 01:55:13.000,2026-03-14 01:55:01.000,0,NULL,0,2026-03-14 01:55:04.167,3,3,0,2026-03-14 01:55:01.000,0,0,0,NULL,3,3,0,NULL,NULL,-9999,NULL,NULL,NULL,-9999,NULL,2026-03-14 01:56:37.993,2026-03-14 01:56:42.600,0,NULL,2026-03-14 01:56:42.913,101,101,0,UNDEFINED
26-019529,2026-03-14 02:01:44.000,11,SAT,14,2,D,NIGHT,LATE,POLICE,MENTAL HEALTH CASE,2,E-911,"WILLIAMS, DARNELL",NULL,2026-03-14 02:01:43.000,2026-03-14 02:20:23.000,2026-03-14 02:02:02.000,19,18,1,2026-03-14 02:21:23.047,1161,1161,0,2026-03-14 02:02:54.000,71,70,1,2026-03-14 02:21:23.123,1180,1180,0,2026-03-14 02:21:23.123,0,0,0,2026-03-14 05:17:36.747,10573,10573,0,2026-03-14 06:33:34.117,2026-03-18 23:32:46.000,0,NULL,NULL,423063,-9999,433062,CN-Cancellation
26-019530,2026-03-14 02:13:18.000,11,SAT,14,2,D,NIGHT,LATE,POLICE,OCCUPIED VEHICLE CHECK,2,OFFICER,"PRIESTLY, SHAVAUGHN","PRIESTLY, SHAVAUGHN",2026-03-14 02:13:18.000,NULL,2026-03-14 02:13:18.000,0,0,0,2026-03-14 02:13:18.000,0,0,0,2026-03-14 02:13:18.000,0,0,0,2026-03-14 02:13:26.030,0,0,0,2026-03-14 02:13:18.000,0,0,0,2026-03-14 02:13:18.000,0,0,0,2026-03-14 02:21:03.420,2026-03-14 02:24:39.473,0,NULL,2026-03-14 02:24:39.553,681,681,0,NR-No Report
26-019531,2026-03-14 02:22:34.000,11,SAT,14,2,D,NIGHT,LATE,POLICE,DISORDERLY CONDUCT,2,E-911,"WILLIAMS, DARNELL","PRIESTLY, SHAVAUGHN",2026-03-14 02:22:34.000,2026-03-14 02:23:27.000,2026-03-14 02:23:09.000,35,35,0,2026-03-14 02:25:47.900,158,158,0,2026-03-14 02:27:28.000,294,294,0,2026-03-14 02:25:50.817,193,193,0,2026-03-14 02:25:50.817,3,2,1,2026-03-14 02:26:51.550,61,60,1,2026-03-14 02:41:51.467,2026-03-14 02:41:53.227,0,NULL,2026-03-14 02:41:53.440,1159,1159,0,NR-No Report
26-019532,2026-03-14 02:25:34.000,11,SAT,14,2,D,NIGHT,LATE,POLICE,DWI - DRUNK/INTOX DRIVER,2,E-911,"MACK, BRIANA",NULL,2026-03-14 02:25:34.000,2026-03-14 02:27:34.000,2026-03-14 02:26:26.000,52,52,0,2026-03-14 02:42:38.370,972,972,0,2026-03-14 02:35:48.000,614,614,0,2026-03-14 02:42:38.553,1024,1024,0,2026-03-14 02:42:38.553,0,0,0,2026-03-14 02:44:05.443,87,86,1,2026-03-14 04:05:18.873,2026-03-14 10:04:07.493,0,NULL,2026-03-14 10:04:07.653,27513,27513,0,RE-Report
26-019534,2026-03-14 02:43:07.000,11,SAT,14,2,D,NIGHT,LATE,POLICE,ASSIST CITIZEN PROMPT,3,E-911,"MACK, BRIANA","LEWIS, LESLIE",2026-03-14 02:43:07.000,2026-03-14 03:04:18.000,2026-03-14 02:50:04.000,417,417,0,2026-03-14 04:43:26.320,6802,6802,0,2026-03-14 03:13:11.000,1804,1804,0,2026-03-14 04:43:39.037,7219,7219,0,2026-03-14 04:43:39.037,13,12,1,2026-03-14 04:53:07.527,568,568,0,2026-03-14 04:44:08.257,2026-03-14 05:02:05.990,0,NULL,2026-03-14 05:02:06.053,8338,8338,0,NR-No Report
26-019535,2026-03-14 02:53:04.000,11,SAT,14,2,D,NIGHT,LATE,POLICE,TROUBLE UNKNOWN EMS,2,E-911,"WILLIAMS, DARNELL","LEWIS, LESLIE",2026-03-14 02:53:04.000,2026-03-14 02:55:49.000,2026-03-14 02:53:41.000,37,37,0,2026-03-14 03:34:32.950,2451,2451,0,2026-03-14 02:58:18.000,314,314,0,2026-03-14 03:34:42.187,2488,2488,0,2026-03-14 03:34:42.187,10,9,1,2026-03-14 03:40:02.833,320,320,0,2026-03-14 04:02:14.400,2026-03-14 04:07:38.967,0,NULL,2026-03-14 04:07:39.050,4474,4474,0,NR-No Report
26-006317,2026-03-14 02:53:42.000,11,SAT,14,2,D,NIGHT,LATE,EMS,UNKNOWN MEDICAL ALS 1,1,NOT CAPTURED,"WILLIAMS, DARNELL",Automatic Dispatch,2026-03-14 02:53:42.000,2026-03-14 02:54:11.000,2026-03-14 02:53:42.000,0,NULL,0,2026-03-14 02:53:44.520,2,2,0,2026-03-14 02:53:42.000,0,0,0,2026-03-14 02:54:50.867,2,2,0,2026-03-14 02:54:50.867,66,66,0,NULL,NULL,-9999,NULL,2026-03-14 02:56:09.873,2026-03-14 02:56:58.053,0,NULL,2026-03-14 02:56:58.087,196,196,0,UNDEFINED
26-006318,2026-03-14 02:58:23.000,11,SAT,14,2,D,NIGHT,LATE,FIRE,ELEVATOR,3,Phone,"WILLIAMS, DARNELL",Automatic Dispatch,2026-03-14 02:58:21.000,2026-03-14 02:59:51.000,2026-03-14 02:58:59.000,38,36,2,2026-03-14 02:59:00.557,1,1,0,2026-03-14 03:06:11.000,470,468,2,2026-03-14 03:01:21.017,39,39,0,2026-03-14 03:01:21.017,141,140,1,2026-03-14 03:10:09.497,528,528,0,2026-03-14 03:36:41.373,2026-03-14 03:36:41.373,0,NULL,2026-03-14 03:36:41.643,2300,2300,0,UNDEFINED
26-019536,2026-03-14 03:00:38.340,11,SAT,14,3,D,NIGHT,LATE,POLICE,POLICE INFORMATION,4,Phone,"PRIESTLY, SHAVAUGHN",NULL,2026-03-14 03:00:38.340,2026-03-14 03:00:50.000,2026-03-14 03:00:38.340,0,1,-1,2026-03-14 03:01:03.503,25,25,0,2026-03-14 03:00:38.340,0,NULL,0,2026-03-14 03:01:12.997,25,25,0,2026-03-14 03:01:12.997,9,9,0,2026-03-14 03:04:19.623,187,186,1,2026-03-14 03:56:48.303,2026-03-14 05:32:26.060,0,NULL,2026-03-14 05:32:26.127,9108,9107,1,RE-Report
26-006319,2026-03-14 03:09:19.000,11,SAT,14,3,D,NIGHT,LATE,EMS,UNCONSCIOUS ALS 2,1,E-911,"MACK, BRIANA",Automatic Dispatch,2026-03-14 03:09:19.000,2026-03-14 03:10:31.000,2026-03-14 03:10:09.000,50,50,0,2026-03-14 03:10:13.503,4,4,0,2026-03-14 03:13:10.000,231,231,0,2026-03-14 03:11:50.467,54,54,0,2026-03-14 03:11:50.467,97,96,1,2026-03-14 03:17:04.953,314,314,0,2026-03-14 03:24:13.437,2026-03-14 04:08:24.233,0,NULL,2026-03-14 04:08:24.347,3545,3545,0,UNDEFINED
26-019537,2026-03-14 03:40:20.000,11,SAT,14,3,D,NIGHT,LATE,POLICE,DISORDERLY CONDUCT,2,E-911,"MACK, BRIANA","LEWIS, LESLIE",2026-03-14 03:40:20.000,2026-03-14 03:41:39.000,2026-03-14 03:41:27.000,67,67,0,2026-03-14 04:02:43.330,1276,1276,0,2026-03-14 03:43:44.000,204,204,0,2026-03-14 04:02:52.387,1343,1343,0,2026-03-14 04:02:52.387,9,9,0,2026-03-14 04:07:51.897,299,299,0,2026-03-14 04:15:14.437,2026-03-14 04:15:45.400,0,NULL,2026-03-14 04:15:45.470,2125,2125,0,NR-No Report
26-019538,2026-03-14 03:46:42.000,11,SAT,14,3,D,NIGHT,LATE,POLICE,PARKING COMPLAINT,4,Phone,"MACK, BRIANA",NULL,2026-03-14 03:46:40.000,2026-03-14 03:47:56.000,2026-03-14 03:46:57.000,17,15,2,2026-03-14 06:19:17.127,9140,9140,0,2026-03-14 03:47:48.000,68,66,2,2026-03-14 06:19:17.127,9157,9157,0,2026-03-14 06:19:17.127,0,0,0,2026-03-14 06:40:27.757,1270,1270,0,2026-03-14 06:41:26.870,2026-03-14 06:41:26.870,0,NULL,2026-03-14 06:41:27.200,10486,10486,0,NR-No Report
26-019540,2026-03-14 03:50:49.000,11,SAT,14,3,D,NIGHT,LATE,POLICE,ASSAULT NO INJURY IN PROG,2,OFFICER,"LEWIS, LESLIE",NULL,2026-03-14 03:50:49.000,NULL,2026-03-14 03:51:18.000,29,29,0,2026-03-14 05:46:31.183,6913,6913,0,2026-03-14 03:51:19.000,30,30,0,2026-03-14 05:46:31.183,6942,6942,0,2026-03-14 05:46:31.183,0,-9999,9999,NULL,NULL,-9999,NULL,2026-03-14 06:04:16.480,2026-03-14 06:04:16.480,0,NULL,2026-03-14 06:04:16.563,8007,8007,0,RE-Report
26-019542,2026-03-14 03:55:33.000,11,SAT,14,3,D,NIGHT,LATE,POLICE,ALARM RESIDENTIAL NIGHTIME,1,Phone,"MACK, BRIANA","LEWIS, LESLIE",2026-03-14 03:55:31.000,2026-03-14 03:56:20.000,2026-03-14 03:56:15.000,44,42,2,2026-03-14 03:56:54.170,39,39,0,2026-03-14 03:57:55.000,144,142,2,2026-03-14 03:56:56.867,83,83,0,2026-03-14 03:56:56.867,2,2,0,2026-03-14 04:06:12.837,556,555,1,2026-03-14 04:05:28.760,2026-03-14 04:18:37.610,0,NULL,2026-03-14 04:18:37.733,1386,1386,0,FALSE-False Alarm
26-019543,2026-03-14 04:35:05.000,11,SAT,14,4,D,NIGHT,LATE,POLICE,PROPERTY FOUND,4,OFFICER,"LEWIS, LESLIE",NULL,2026-03-14 04:35:03.000,2026-03-14 06:34:45.000,2026-03-14 04:35:18.000,15,13,2,2026-03-14 04:35:22.540,4,4,0,2026-03-14 04:43:50.000,527,525,2,2026-03-14 04:35:24.460,19,19,0,2026-03-14 04:35:24.460,2,1,1,2026-03-14 04:35:34.820,10,10,0,2026-03-14 07:08:18.450,2026-03-14 07:08:18.450,0,NULL,2026-03-14 07:08:18.590,9195,9195,0,NR-No Report
26-019544,2026-03-14 04:47:19.000,11,SAT,14,4,D,NIGHT,LATE,POLICE,MISSING PERSON IMMEDIATE,2,Phone,"PRIESTLY, SHAVAUGHN","LEWIS, LESLIE",2026-03-14 04:47:19.000,2026-03-14 04:49:54.000,2026-03-14 04:49:36.000,137,137,0,2026-03-14 04:59:01.800,565,565,0,2026-03-14 04:49:36.000,137,NULL,137,2026-03-14 04:59:09.900,702,702,0,2026-03-14 04:59:09.900,8,8,0,NULL,NULL,-9999,NULL,2026-03-14 05:02:04.247,2026-03-14 05:02:04.247,0,NULL,2026-03-14 05:02:04.297,885,885,0,NR-No Report
26-006320,2026-03-14 04:51:51.000,11,SAT,14,4,D,NIGHT,LATE,EMS,FALL BLS,3,E-911,"WILLIAMS, DARNELL",Automatic Dispatch,2026-03-14 04:51:51.000,2026-03-14 04:59:15.000,2026-03-14 04:52:44.000,53,53,0,2026-03-14 04:52:48.310,4,4,0,2026-03-14 04:55:57.000,246,246,0,2026-03-14 04:55:52.787,57,57,0,2026-03-14 04:55:52.787,184,184,0,2026-03-14 05:04:35.403,523,522,1,2026-03-14 05:39:12.217,2026-03-14 05:39:12.217,0,NULL,2026-03-14 05:39:12.347,2841,2841,0,UNDEFINED
26-019545,2026-03-14 04:58:10.000,11,SAT,14,4,D,NIGHT,LATE,POLICE,DISORDERLY CONDUCT,2,E-911,"WILLIAMS, DARNELL","LEWIS, LESLIE",2026-03-14 04:58:08.000,2026-03-14 05:00:20.000,2026-03-14 04:59:56.000,108,106,2,2026-03-14 05:01:12.990,76,76,0,2026-03-14 05:01:14.000,186,184,2,2026-03-14 05:01:45.870,184,184,0,2026-03-14 05:01:45.870,33,32,1,2026-03-14 05:03:07.373,82,81,1,2026-03-14 05:08:01.447,2026-03-14 05:08:19.110,0,NULL,2026-03-14 05:08:19.150,611,611,0,NR-No Report
26-019546,2026-03-14 05:21:04.000,11,SAT,14,5,D,NIGHT,LATE,POLICE,NOISE COMPLAINT DELAY,4,Phone,"WILLIAMS, DARNELL","SMITH, TERESA",2026-03-14 05:21:03.000,2026-03-14 05:22:31.000,2026-03-14 05:21:20.000,17,16,1,2026-03-14 06:31:59.667,4239,4239,0,2026-03-14 05:22:17.000,74,73,1,2026-03-14 06:32:04.540,4256,4256,0,2026-03-14 06:32:04.540,5,4,1,2026-03-14 06:39:55.630,471,471,0,2026-03-14 06:33:00.800,2026-03-14 07:08:31.797,0,NULL,2026-03-14 07:08:31.980,6448,6448,0,NR-No Report
26-006321,2026-03-14 05:25:39.000,11,SAT,14,5,D,NIGHT,LATE,FIRE,CO ALARM,2,E-911,"PRIESTLY, SHAVAUGHN",Automatic Dispatch,2026-03-14 05:25:38.000,2026-03-14 05:28:33.000,2026-03-14 05:25:57.000,19,18,1,2026-03-14 05:26:00.030,3,3,0,2026-03-14 05:28:08.000,150,149,1,2026-03-14 05:27:53.967,22,22,0,2026-03-14 05:27:53.967,113,113,0,2026-03-14 05:30:22.677,149,148,1,2026-03-14 05:42:51.300,2026-03-14 05:42:51.300,0,NULL,2026-03-14 05:42:51.577,1033,1033,0,UNDEFINED
26-019551,2026-03-14 06:01:21.000,11,SAT,14,6,B,DAY,EARLY,POLICE,GLA DELAY,4,Phone,"GRAVES, CHRISTINA","SMITH, TERESA",2026-03-14 06:01:19.000,2026-03-14 06:16:53.000,2026-03-14 06:03:04.000,105,103,2,2026-03-14 07:17:00.603,4436,4436,0,2026-03-14 06:35:30.000,2051,2049,2,2026-03-14 07:17:04.970,4541,4541,0,2026-03-14 07:17:04.970,4,4,0,NULL,NULL,-9999,NULL,2026-03-14 07:42:04.613,2026-03-14 07:42:04.613,0,NULL,2026-03-14 07:42:04.763,6045,6045,0,NR-No Report
26-019553,2026-03-14 06:50:54.000,11,SAT,14,6,B,DAY,EARLY,POLICE,DISORDERLY CONDUCT,2,Phone,"FLOURNOY, ERICKA","SMITH, TERESA",2026-03-14 06:50:52.000,2026-03-14 06:52:57.000,2026-03-14 06:52:25.000,93,91,2,2026-03-14 06:55:11.173,166,166,0,2026-03-14 07:23:57.000,1985,1983,2,2026-03-14 06:55:14.453,259,259,0,2026-03-14 06:55:14.453,3,3,0,2026-03-14 07:00:29.403,315,314,1,2026-03-14 08:02:37.490,2026-03-14 08:02:52.693,0,NULL,2026-03-14 08:02:52.710,4320,4320,0,NR-No Report
26-019555,2026-03-14 07:14:04.000,11,SAT,14,7,B,DAY,EARLY,POLICE,HAZARD,2,Phone,"BRYANT, THEO","SMITH, TERESA",2026-03-14 07:14:02.000,2026-03-14 07:17:24.000,2026-03-14 07:15:45.000,103,101,2,2026-03-14 07:17:35.243,110,110,0,2026-03-14 07:15:59.000,117,115,2,2026-03-14 07:17:41.700,213,213,0,2026-03-14 07:17:41.700,6,6,0,2026-03-14 07:31:36.583,835,834,1,2026-03-14 07:50:38.593,2026-03-14 07:50:38.593,0,NULL,2026-03-14 07:50:38.700,2196,2196,0,NR-No Report
26-019560,2026-03-14 08:10:26.000,11,SAT,14,8,B,DAY,EARLY,POLICE,ADMINISTRATIVE TASK,2,Phone,"MAIORIELLO, BERMARI","GRAVES, CHRISTINA",2026-03-14 08:10:24.000,2026-03-14 08:12:47.000,2026-03-14 08:12:39.000,135,133,2,2026-03-14 08:14:15.267,96,96,0,2026-03-14 08:14:24.000,240,238,2,2026-03-14 08:14:20.080,231,231,0,2026-03-14 08:14:20.080,5,4,1,2026-03-14 08:27:25.147,785,785,0,2026-03-14 08:59:50.023,2026-03-14 08:59:50.023,0,NULL,2026-03-14 08:59:50.147,2966,2966,0,NR-No Report
26-019561,2026-03-14 08:32:17.000,11,SAT,14,8,B,DAY,EARLY,POLICE,OFF DUTY DETAIL,8,OFFICER,"REYES, JUAN",NULL,2026-03-14 08:32:17.000,2026-03-14 08:35:39.000,2026-03-14 08:32:17.000,0,1,-1,2026-03-14 08:32:17.000,0,0,0,2026-03-14 08:32:17.000,0,NULL,0,2026-03-14 08:32:17.000,0,0,0,2026-03-14 08:32:17.000,0,0,0,2026-03-14 08:32:17.000,0,0,0,2026-03-14 12:55:12.613,2026-03-14 12:55:12.613,0,NULL,2026-03-14 12:55:12.667,15775,15775,0,NR-No Report
26-019562,2026-03-14 08:32:45.000,11,SAT,14,8,B,DAY,EARLY,POLICE,OFF DUTY DETAIL,8,OFFICER,"ESCOBAR, STEVEN R",NULL,2026-03-14 08:32:45.000,2026-03-14 08:35:37.000,2026-03-14 08:32:45.000,0,1,-1,2026-03-14 08:32:45.000,0,0,0,2026-03-14 08:32:45.000,0,NULL,0,2026-03-14 08:32:45.000,0,0,0,2026-03-14 08:32:45.000,0,0,0,2026-03-14 08:32:45.000,0,0,0,2026-03-14 12:25:33.473,2026-03-14 12:25:33.473,0,NULL,2026-03-14 12:25:33.497,13968,13968,0,NR-No Report
26-006324,2026-03-14 08:33:16.000,11,SAT,14,8,B,DAY,EARLY,EMS,UNKNOWN MEDICAL ALS 1,1,E-911,"SMITH, TERESA",Automatic Dispatch,2026-03-14 08:33:16.000,2026-03-14 08:34:44.000,2026-03-14 08:33:55.000,39,39,0,2026-03-14 08:33:58.293,3,3,0,2026-03-14 09:28:01.000,3285,3285,0,2026-03-14 08:34:43.147,42,42,0,2026-03-14 08:34:43.147,45,44,1,2026-03-14 08:40:01.697,318,318,0,2026-03-14 08:56:05.713,2026-03-14 09:42:22.290,0,NULL,2026-03-14 09:42:22.427,4146,4146,0,UNDEFINED
26-006325,2026-03-14 08:34:12.453,11,SAT,14,8,B,DAY,EARLY,EMS,MUTUAL BLS,1,C2C,CAD to CAD Service 1,CAD to CAD Service 1,2026-03-14 08:32:52.323,NULL,2026-03-14 08:34:14.267,82,0,82,2026-03-14 08:34:14.377,0,0,0,NULL,NULL,NULL,NULL,2026-03-14 08:34:52.090,82,-9999,10081,2026-03-14 08:34:52.090,38,37,1,NULL,NULL,-9999,NULL,2026-03-14 08:42:59.167,2026-03-14 08:42:59.150,0,NULL,2026-03-14 08:42:59.150,607,606,1,UNDEFINED
26-019563,2026-03-14 08:34:49.000,11,SAT,14,8,B,DAY,EARLY,POLICE,OFF DUTY DETAIL,8,OFFICER,"SUAREZ, ANGGELO J",NULL,2026-03-14 08:34:49.000,2026-03-14 08:35:31.000,2026-03-14 08:34:49.000,0,0,0,2026-03-14 08:34:49.000,0,0,0,2026-03-14 08:34:49.000,0,NULL,0,2026-03-14 08:34:49.000,0,0,0,2026-03-14 08:34:49.000,0,0,0,2026-03-14 08:34:49.000,0,0,0,2026-03-14 13:20:23.657,2026-03-14 13:20:23.657,0,NULL,2026-03-14 13:20:23.727,17134,17134,0,NR-No Report
26-006327,2026-03-14 09:04:41.000,11,SAT,14,9,B,DAY,EARLY,FIRE,PUBLIC SERVICE FIRE,4,Phone,"MAIORIELLO, BERMARI",Automatic Dispatch,2026-03-14 09:04:39.000,2026-03-14 09:07:04.000,2026-03-14 09:06:33.000,114,112,2,2026-03-14 09:06:35.977,2,2,0,2026-03-14 09:06:43.000,124,122,2,2026-03-14 09:07:49.040,116,116,0,2026-03-14 09:07:49.040,74,73,1,2026-03-14 09:10:43.393,174,174,0,2026-03-14 09:16:21.177,2026-03-14 09:16:21.177,0,NULL,2026-03-14 09:16:21.437,702,702,0,UNDEFINED
26-019566,2026-03-14 09:08:57.000,11,SAT,14,9,B,DAY,EARLY,POLICE,OFF DUTY DETAIL,8,OFFICER,"MORGANTE, ANTHONY",NULL,2026-03-14 09:08:57.000,2026-03-14 09:21:57.000,2026-03-14 09:08:57.000,0,1,-1,2026-03-14 09:08:57.000,0,0,0,2026-03-14 09:08:57.000,0,NULL,0,2026-03-14 09:08:57.000,0,0,0,2026-03-14 09:08:57.000,0,0,0,2026-03-14 09:08:57.000,0,0,0,2026-03-14 14:00:37.203,2026-03-14 14:00:41.163,0,NULL,2026-03-14 14:00:41.403,17504,17504,0,NR-No Report
26-019569,2026-03-14 09:27:32.000,11,SAT,14,9,B,DAY,EARLY,POLICE,HAZARD,2,Phone,"MAIORIELLO, BERMARI","GRAVES, CHRISTINA",2026-03-14 09:27:30.000,2026-03-14 09:30:13.000,2026-03-14 09:29:17.000,107,105,2,2026-03-14 09:31:01.797,104,104,0,2026-03-14 09:29:56.000,146,144,2,2026-03-14 09:31:07.147,211,211,0,2026-03-14 09:31:07.147,6,5,1,2026-03-14 09:35:15.803,248,248,0,2026-03-14 09:36:21.230,2026-03-14 09:36:21.230,0,NULL,2026-03-14 09:36:21.303,531,531,0,NR-No Report
26-006328,2026-03-14 09:42:47.000,11,SAT,14,9,B,DAY,EARLY,EMS,TROUBLE BREATHING ALS 1,1,E-911,"PEREZ, CARLOS",Automatic Dispatch,2026-03-14 09:42:47.000,2026-03-14 09:44:11.000,2026-03-14 09:43:33.000,46,46,0,2026-03-14 09:43:35.850,2,2,0,2026-03-14 09:46:21.000,214,214,0,2026-03-14 09:44:38.147,48,48,0,2026-03-14 09:44:38.147,63,62,1,2026-03-14 09:48:38.443,240,240,0,2026-03-14 09:59:09.803,2026-03-14 10:11:48.320,0,NULL,2026-03-14 10:11:48.477,1741,1741,0,UNDEFINED
26-019572,2026-03-14 09:46:31.000,11,SAT,14,9,B,DAY,EARLY,POLICE,ASSIST OUTSIDE AGENCY,2,Phone,"PEREZ, CARLOS",NULL,2026-03-14 09:46:28.000,2026-03-14 09:50:21.000,2026-03-14 09:50:17.000,229,226,3,2026-03-14 09:51:28.570,71,71,0,2026-03-14 09:55:29.000,541,538,3,2026-03-14 09:51:39.253,300,300,0,2026-03-14 09:51:39.253,11,10,1,2026-03-14 21:13:59.947,40940,40940,0,2026-03-14 22:12:17.307,2026-03-14 23:23:34.870,0,NULL,2026-03-14 23:23:34.963,49026,49026,0,NR-No Report
26-019571,2026-03-14 09:48:17.000,11,SAT,14,9,B,DAY,EARLY,POLICE,TRAFFIC STOP,2,OFFICER,"ANDERSON, ALEX D",NULL,2026-03-14 09:48:17.000,2026-03-14 09:48:29.000,2026-03-14 09:48:17.000,0,1,-1,2026-03-14 09:48:17.000,0,0,0,2026-03-14 09:48:17.000,0,NULL,0,2026-03-14 09:48:17.000,0,0,0,2026-03-14 09:48:17.000,0,0,0,2026-03-14 09:48:17.000,0,0,0,2026-03-14 09:57:00.807,2026-03-14 09:57:00.807,0,NULL,2026-03-14 09:57:00.883,523,523,0,NR-No Report
26-006329,2026-03-14 09:51:17.157,11,SAT,14,9,B,DAY,EARLY,FIRE,MUTUAL STRUCTURE FIRE,1,C2C,CAD to CAD Service 1,CAD to CAD Service 1,2026-03-14 09:49:21.000,2026-03-14 10:01:33.000,2026-03-14 09:51:17.827,116,0,116,2026-03-14 09:51:18.047,1,0,1,NULL,NULL,NULL,NULL,2026-03-14 09:51:29.490,117,127,-10,2026-03-14 09:51:29.490,11,0,11,2026-03-14 09:56:30.177,301,300,1,2026-03-14 09:54:08.137,2026-03-14 14:08:51.960,0,NULL,2026-03-14 14:08:52.260,15570,15570,0,UNDEFINED
26-019573,2026-03-14 09:52:39.000,11,SAT,14,9,B,DAY,EARLY,POLICE,TRAFFIC STOP,2,OFFICER,"MOSES, WILLIE M",NULL,2026-03-14 09:52:39.000,2026-03-14 09:52:48.000,2026-03-14 09:52:39.000,0,1,-1,2026-03-14 09:52:39.000,0,0,0,2026-03-14 09:52:39.000,0,NULL,0,2026-03-14 09:52:39.000,0,0,0,2026-03-14 09:52:39.000,0,0,0,2026-03-14 09:52:39.000,0,0,0,2026-03-14 10:18:15.887,2026-03-14 10:18:15.887,0,NULL,2026-03-14 10:18:16.027,1536,1536,0,CI-Citation
26-019574,2026-03-14 09:54:58.000,11,SAT,14,9,B,DAY,EARLY,POLICE,WALK IN HQ LOBBY,3,Phone,"MAIORIELLO, BERMARI",NULL,2026-03-14 09:54:56.000,2026-03-14 09:55:40.000,2026-03-14 09:55:35.000,39,37,2,2026-03-14 09:59:57.657,262,262,0,2026-03-14 09:57:16.000,140,138,2,2026-03-14 10:00:03.623,301,301,0,2026-03-14 10:00:03.623,6,5,1,NULL,NULL,-9999,NULL,2026-03-14 13:42:14.883,2026-03-14 13:42:14.883,0,NULL,2026-03-14 13:42:14.943,13638,13638,0,NR-No Report
26-019577,2026-03-14 09:57:08.000,11,SAT,14,9,B,DAY,EARLY,POLICE,MVC PROPERTY DAMAGE,2,E-911,"BRYANT, THEO",NULL,2026-03-14 09:57:08.000,2026-03-14 10:03:04.000,2026-03-14 10:01:29.000,261,261,0,2026-03-14 10:03:33.177,124,124,0,2026-03-14 10:02:11.000,303,303,0,2026-03-14 10:03:35.683,385,385,0,2026-03-14 10:03:35.683,2,2,0,2026-03-14 10:17:49.007,854,853,1,2026-03-14 11:47:08.613,2026-03-14 11:47:08.613,0,NULL,2026-03-14 11:47:08.697,6600,6600,0,NR-No Report
26-019575,2026-03-14 09:57:42.000,11,SAT,14,9,B,DAY,EARLY,POLICE,WALK IN HQ LOBBY,3,Phone,"PEREZ, CARLOS","FLOURNOY, ERICKA",2026-03-14 09:57:40.000,2026-03-14 10:03:54.000,2026-03-14 10:00:17.000,157,155,2,2026-03-14 10:48:33.683,2896,2896,0,2026-03-14 10:00:19.000,159,157,2,2026-03-14 10:51:06.637,3053,3053,0,2026-03-14 10:51:06.637,153,152,1,NULL,NULL,-9999,NULL,2026-03-14 11:08:01.530,2026-03-14 11:08:01.530,0,NULL,2026-03-14 11:08:01.967,4221,4221,0,NR-No Report
26-006330,2026-03-14 09:59:10.000,11,SAT,14,9,B,DAY,EARLY,EMS,UNKNOWN MEDICAL ALS 1,1,Radio,"SMITH, TERESA","COOPER, KAKILA",2026-03-14 09:59:10.000,2026-03-14 10:01:09.000,2026-03-14 10:00:30.000,80,80,0,2026-03-14 10:00:33.913,3,3,0,2026-03-14 10:14:39.000,929,929,0,2026-03-14 10:01:26.357,83,83,0,2026-03-14 10:01:26.357,53,52,1,2026-03-14 10:08:35.907,429,429,0,2026-03-14 10:37:06.217,2026-03-14 11:52:19.940,0,NULL,2026-03-14 11:52:20.083,6789,6789,0,UNDEFINED
26-019576,2026-03-14 10:01:14.000,11,SAT,14,10,B,DAY,MIDS,POLICE,DOMESTIC VIOL NO INJ,2,Phone,"FLOURNOY, ERICKA",NULL,2026-03-14 10:01:14.000,2026-03-14 10:01:24.000,2026-03-14 10:01:14.000,0,0,0,2026-03-14 10:01:14.000,0,0,0,2026-03-14 10:01:14.000,0,0,0,2026-03-14 11:46:48.143,0,0,0,2026-03-14 10:01:14.000,0,0,0,2026-03-14 10:01:14.000,0,0,0,NULL,2026-03-14 12:29:56.000,0,NULL,NULL,8922,8922,0,NR-No Report
26-006331,2026-03-14 10:04:44.357,11,SAT,14,10,B,DAY,MIDS,FIRE,MUTUAL AID,1,C2C,CAD to CAD Service 1,CAD to CAD Service 1,2026-03-14 10:02:10.000,NULL,2026-03-14 10:04:44.950,154,0,154,2026-03-14 10:04:45.027,1,0,1,NULL,NULL,NULL,NULL,2026-03-14 10:05:03.880,155,-9999,10154,2026-03-14 10:05:03.880,18,0,18,2026-03-14 10:08:48.010,225,224,1,2026-03-14 10:24:09.377,2026-03-14 10:34:35.887,0,NULL,2026-03-14 10:34:35.933,1945,1945,0,CAD2CAD
26-019580,2026-03-14 10:08:32.000,11,SAT,14,10,B,DAY,MIDS,POLICE,LARCENY COMM IN PROG,2,E-911,"PEREZ, CARLOS","SMITH, TERESA",2026-03-14 10:08:31.000,2026-03-14 14:21:50.000,2026-03-14 10:09:38.000,67,66,1,2026-03-14 10:30:49.663,1271,1271,0,2026-03-14 10:10:37.000,126,125,1,2026-03-14 10:31:25.590,1338,1338,0,2026-03-14 10:31:25.590,36,35,1,2026-03-14 10:54:47.170,1402,1401,1,2026-03-14 13:10:41.123,2026-03-14 13:10:41.123,1,2026-03-14 14:21:41.157,2026-03-14 15:35:21.370,10930,19610,-8680,RE-Report
26-019582,2026-03-14 10:12:22.000,11,SAT,14,10,B,DAY,MIDS,POLICE,POLICE INFORMATION,4,Phone,"MAIORIELLO, BERMARI","FLOURNOY, ERICKA",2026-03-14 10:12:21.000,2026-03-14 10:15:48.000,2026-03-14 10:13:30.000,69,68,1,2026-03-14 10:21:17.380,467,467,0,2026-03-14 10:17:56.000,335,334,1,2026-03-14 10:21:19.670,536,536,0,2026-03-14 10:21:19.670,2,2,0,2026-03-14 10:23:51.153,152,151,1,2026-03-14 10:37:18.343,2026-03-14 13:09:04.297,0,NULL,2026-03-14 13:09:04.380,10603,10603,0,RE-Report
26-019581,2026-03-14 10:13:16.000,11,SAT,14,10,B,DAY,MIDS,POLICE,OFF DUTY DETAIL,8,OFFICER,"VILLANUEVA, RODNEY M",NULL,2026-03-14 10:13:16.000,NULL,2026-03-14 10:13:16.000,0,0,0,2026-03-14 10:13:16.000,0,0,0,2026-03-14 10:13:16.000,0,NULL,0,2026-03-14 10:13:16.000,0,0,0,2026-03-14 10:13:16.000,0,0,0,2026-03-14 10:13:16.000,0,0,0,2026-03-14 18:31:04.420,2026-03-14 18:31:04.420,0,NULL,2026-03-14 18:31:07.543,29868,29868,0,NR-No Report
26-019585,2026-03-14 10:17:09.000,11,SAT,14,10,B,DAY,MIDS,POLICE,POLICE INFORMATION,4,OFFICER,"BRYANT, THEO","BRYANT, THEO",2026-03-14 10:17:07.000,2026-03-14 12:22:13.000,2026-03-14 10:17:29.000,22,20,2,2026-03-14 10:17:53.397,24,24,0,2026-03-14 10:17:55.000,48,46,2,2026-03-14 10:17:53.587,46,46,0,2026-03-14 10:17:53.587,0,0,0,2026-03-14 10:17:53.670,0,0,0,2026-03-14 14:02:04.233,2026-03-14 14:02:22.623,0,NULL,2026-03-14 14:02:22.667,13515,13515,0,NR-No Report
26-019586,2026-03-14 10:18:38.000,11,SAT,14,10,B,DAY,MIDS,POLICE,MENTAL HEALTH CASE,2,OFFICER,"FLOURNOY, ERICKA",NULL,2026-03-14 10:18:38.000,2026-03-14 10:19:10.033,2026-03-14 10:18:38.000,0,0,0,2026-03-14 10:18:38.000,0,0,0,2026-03-14 10:18:38.000,0,0,0,2026-03-14 10:18:59.067,0,0,0,2026-03-14 10:18:38.000,0,0,0,2026-03-14 10:18:38.000,0,0,0,2026-03-14 10:20:45.513,2026-03-19 22:52:58.207,0,NULL,2026-03-19 22:52:58.400,477260,45260,432000,RE-Report
26-019587,2026-03-14 10:19:25.000,11,SAT,14,10,B,DAY,MIDS,POLICE,PARKING COMPLAINT,4,Phone,"MAIORIELLO, BERMARI",NULL,2026-03-14 10:19:23.000,NULL,2026-03-14 10:19:58.000,35,33,2,2026-03-14 10:21:27.707,89,89,0,2026-03-14 10:21:14.000,111,109,2,2026-03-14 10:21:27.707,124,124,0,2026-03-14 10:21:27.707,0,-9999,9999,2026-03-14 10:44:51.933,1404,1404,0,2026-03-14 10:49:57.030,2026-03-14 10:49:57.030,0,NULL,2026-03-14 10:49:57.510,1834,1834,0,CI-Citation
26-006332,2026-03-14 10:33:48.000,11,SAT,14,10,B,DAY,MIDS,EMS,SEIZURE ALS 1,1,E-911,"BRYANT, THEO",Automatic Dispatch,2026-03-14 10:33:47.000,2026-03-14 10:35:32.000,2026-03-14 10:34:41.000,54,53,1,2026-03-14 10:34:44.230,3,3,0,2026-03-14 10:42:56.000,549,548,1,2026-03-14 10:35:12.423,57,57,0,2026-03-14 10:35:12.423,28,28,0,2026-03-14 10:40:32.093,320,319,1,2026-03-14 10:55:23.310,2026-03-14 12:28:15.657,0,NULL,2026-03-14 12:28:15.810,6868,6868,0,UNDEFINED
26-019590,2026-03-14 10:37:11.000,11,SAT,14,10,B,DAY,MIDS,POLICE,MENTAL HEALTH CASE,2,Phone,"PEREZ, CARLOS","FLOURNOY, ERICKA",2026-03-14 10:37:09.000,2026-03-14 10:39:40.000,2026-03-14 10:38:31.000,82,80,2,2026-03-14 10:41:08.873,157,157,0,2026-03-14 10:43:51.000,402,400,2,NULL,239,239,0,NULL,NULL,-9999,NULL,NULL,NULL,-9999,NULL,NULL,2026-03-14 10:49:03.000,0,NULL,NULL,714,714,0,DUPPD-Duplicate Police
26-019592,2026-03-14 10:42:04.000,11,SAT,14,10,B,DAY,MIDS,POLICE,WARRANT SERVICE,2,Phone,"MAIORIELLO, BERMARI",NULL,2026-03-14 10:42:03.000,2026-03-14 10:46:07.000,2026-03-14 10:44:25.000,142,141,1,2026-03-14 10:53:59.467,574,574,0,2026-03-14 10:45:53.000,230,229,1,2026-03-14 10:54:07.150,716,716,0,2026-03-14 10:54:07.150,8,7,1,2026-03-14 11:01:18.513,431,431,0,2026-03-14 13:42:51.740,2026-03-14 13:42:51.740,0,NULL,2026-03-14 13:42:51.870,10848,10848,0,RE-Report
26-006333,2026-03-14 10:45:44.070,11,SAT,14,10,B,DAY,MIDS,FIRE,HAZARD,3,NOT CAPTURED,"PEREZ, CARLOS",Automatic Dispatch,2026-03-14 10:45:44.070,2026-03-14 10:46:39.000,2026-03-14 10:45:44.070,0,0,0,2026-03-14 10:45:46.277,2,2,0,2026-03-14 10:45:44.070,0,NULL,0,2026-03-14 10:47:07.160,2,2,0,2026-03-14 10:47:07.160,81,80,1,2026-03-14 10:51:29.943,262,262,0,2026-03-14 11:00:03.127,2026-03-14 11:00:03.127,0,NULL,2026-03-14 11:00:03.437,859,859,0,UNDEFINED
26-019593,2026-03-14 10:53:53.000,11,SAT,14,10,B,DAY,MIDS,POLICE,OFF DUTY DETAIL,8,OFFICER,"HILL, PIERRE-MACLEVEL S",NULL,2026-03-14 10:53:53.000,NULL,2026-03-14 10:53:53.000,0,1,-1,2026-03-14 10:53:53.000,0,0,0,2026-03-14 10:53:53.000,0,NULL,0,2026-03-14 10:53:53.000,0,0,0,2026-03-14 10:53:53.000,0,0,0,2026-03-14 10:53:53.000,0,0,0,2026-03-14 16:57:42.443,2026-03-14 16:57:42.443,0,NULL,2026-03-14 16:57:42.517,21829,21829,0,NR-No Report
26-019594,2026-03-14 10:57:17.000,11,SAT,14,10,B,DAY,MIDS,POLICE,PARKING COMPLAINT,4,Phone,"MAIORIELLO, BERMARI",NULL,2026-03-14 10:57:15.000,2026-03-14 11:10:57.000,2026-03-14 10:58:59.000,104,102,2,2026-03-14 11:21:52.500,1373,1373,0,2026-03-14 10:59:40.000,145,143,2,2026-03-14 11:21:52.500,1477,1477,0,2026-03-14 11:21:52.500,0,0,0,2026-03-14 11:35:07.413,795,794,1,2026-03-14 11:36:19.753,2026-03-14 11:36:19.753,0,NULL,2026-03-14 11:36:20.667,2344,2344,0,NR-No Report
26-006335,2026-03-14 11:04:04.000,11,SAT,14,11,B,DAY,MIDS,FIRE,ELEVATOR,3,E-911,"PEREZ, CARLOS",Automatic Dispatch,2026-03-14 11:04:02.000,2026-03-14 11:05:10.000,2026-03-14 11:04:56.000,54,52,2,2026-03-14 11:04:57.597,1,1,0,2026-03-14 11:05:51.000,109,107,2,2026-03-14 11:05:45.413,55,55,0,2026-03-14 11:05:45.413,48,47,1,2026-03-14 11:13:20.667,455,455,0,2026-03-14 11:50:54.113,2026-03-14 11:50:54.113,0,NULL,2026-03-14 11:50:54.160,2812,2812,0,CAD2CAD
26-019595,2026-03-14 11:04:06.000,11,SAT,14,11,B,DAY,MIDS,POLICE,ALARM HOLDUP,1,Phone,"BRYANT, THEO","FLOURNOY, ERICKA",2026-03-14 11:04:04.000,2026-03-14 11:06:17.000,2026-03-14 11:06:03.000,119,117,2,2026-03-14 11:07:15.607,72,72,0,2026-03-14 11:08:05.000,241,239,2,2026-03-14 11:07:18.403,191,191,0,2026-03-14 11:07:18.403,3,2,1,2026-03-14 11:10:29.083,191,190,1,2026-03-14 11:19:15.720,2026-03-14 11:20:16.807,0,NULL,2026-03-14 11:20:17.273,972,972,0,FALSE-False Alarm
26-006334,2026-03-14 11:04:18.973,11,SAT,14,11,B,DAY,MIDS,EMS,MUTUAL CPR,1,C2C,CAD to CAD Service 1,CAD to CAD Service 1,2026-03-14 11:00:29.000,NULL,2026-03-14 11:04:19.770,230,0,230,2026-03-14 11:04:19.880,0,0,0,NULL,NULL,NULL,NULL,2026-03-14 11:04:21.503,230,-9999,10229,2026-03-14 11:04:21.503,2,0,2,2026-03-14 11:08:23.903,242,242,0,2026-03-14 11:09:49.853,2026-03-14 11:50:17.487,0,NULL,2026-03-14 11:50:17.533,2988,2988,0,CAD2CAD
26-019596,2026-03-14 11:11:40.000,11,SAT,14,11,B,DAY,MIDS,POLICE,WARRANT SERVICE,2,Phone,"MAIORIELLO, BERMARI","FLOURNOY, ERICKA",2026-03-14 11:11:39.000,2026-03-14 11:16:33.000,2026-03-14 11:13:59.000,140,139,1,2026-03-14 11:35:17.397,1278,1278,0,2026-03-14 11:15:42.000,243,242,1,2026-03-14 11:37:25.507,1418,1418,0,2026-03-14 11:37:25.507,128,128,0,2026-03-14 12:33:42.957,3377,3377,0,2026-03-14 14:19:59.890,2026-03-14 14:19:59.890,0,NULL,2026-03-14 14:19:59.977,11300,11300,0,RE-Report
26-019597,2026-03-14 11:17:39.000,11,SAT,14,11,B,DAY,MIDS,POLICE,ANIMAL COMPLAINT,4,Phone,"MAIORIELLO, BERMARI","FLOURNOY, ERICKA",2026-03-14 11:17:37.000,2026-03-14 11:26:55.000,2026-03-14 11:19:09.000,92,90,2,2026-03-14 11:31:56.283,767,767,0,2026-03-14 11:21:58.000,261,259,2,NULL,859,859,0,NULL,NULL,-9999,NULL,NULL,NULL,-9999,NULL,NULL,2026-03-14 11:33:11.000,0,NULL,NULL,934,934,0,ACOR-Animal Control Report
26-019599,2026-03-14 11:22:24.000,11,SAT,14,11,B,DAY,MIDS,POLICE,ALARM RESIDENTIAL,2,Phone,"PEREZ, CARLOS","FLOURNOY, ERICKA",2026-03-14 11:22:22.000,2026-03-14 11:23:35.000,2026-03-14 11:23:25.000,63,61,2,2026-03-14 11:24:12.900,47,47,0,2026-03-14 11:24:54.000,152,150,2,2026-03-14 11:24:46.700,110,110,0,2026-03-14 11:24:46.700,34,33,1,2026-03-14 11:24:46.700,0,0,0,NULL,2026-03-14 11:26:10.000,0,NULL,NULL,228,228,0,NR-No Report
26-019600,2026-03-14 11:25:19.000,11,SAT,14,11,B,DAY,MIDS,POLICE,DISABLED MOTORIST,2,E-911,"MAIORIELLO, BERMARI","FLOURNOY, ERICKA",2026-03-14 11:25:17.000,2026-03-14 11:26:47.000,2026-03-14 11:26:12.000,55,53,2,2026-03-14 11:27:48.700,96,96,0,2026-03-14 11:28:51.000,214,212,2,2026-03-14 11:27:53.753,151,151,0,2026-03-14 11:27:53.753,5,5,0,2026-03-14 11:37:52.117,599,598,1,2026-03-14 11:46:37.270,2026-03-14 11:46:37.270,0,NULL,2026-03-14 11:46:37.537,1280,1280,0,NR-No Report
26-019601,2026-03-14 11:26:35.000,11,SAT,14,11,B,DAY,MIDS,POLICE,PARKING COMPLAINT,3,Phone,"PEREZ, CARLOS",NULL,2026-03-14 11:26:34.000,2026-03-14 12:02:03.000,2026-03-14 11:27:42.000,68,67,1,2026-03-14 11:36:27.993,525,525,0,2026-03-14 11:27:46.000,72,71,1,2026-03-14 11:36:27.993,593,593,0,2026-03-14 11:36:27.993,0,0,0,2026-03-14 11:56:26.730,1199,1198,1,2026-03-14 12:35:06.637,2026-03-14 12:35:06.637,0,NULL,2026-03-14 12:35:06.937,4112,4112,0,CI-Citation
26-019602,2026-03-14 11:26:45.000,11,SAT,14,11,B,DAY,MIDS,POLICE,PARKING COMPLAINT,4,Phone,"MAIORIELLO, BERMARI",NULL,2026-03-14 11:26:43.000,NULL,2026-03-14 11:27:51.000,68,66,2,2026-03-14 12:46:56.773,4745,4745,0,2026-03-14 11:28:38.000,115,113,2,2026-03-14 12:46:56.773,4813,4813,0,2026-03-14 12:46:56.773,0,0,0,2026-03-14 12:58:55.457,719,718,1,2026-03-14 13:01:19.790,2026-03-14 13:01:19.790,0,NULL,2026-03-14 13:01:20.347,5676,5676,0,CI-Citation
26-006336,2026-03-14 11:28:43.000,11,SAT,14,11,B,DAY,MIDS,EMS,ALTERED LOC ALS 1,1,E-911,"PEREZ, CARLOS",Automatic Dispatch,2026-03-14 11:28:43.000,2026-03-14 11:30:19.000,2026-03-14 11:29:14.000,31,31,0,2026-03-14 11:29:17.423,3,3,0,2026-03-14 11:31:43.000,180,180,0,2026-03-14 11:29:32.173,34,34,0,2026-03-14 11:29:32.173,15,14,1,2026-03-14 11:31:07.490,95,95,0,2026-03-14 11:41:33.840,2026-03-14 12:23:47.837,0,NULL,2026-03-14 12:23:47.900,3304,3304,0,CAD2CAD
26-019603,2026-03-14 11:28:57.000,11,SAT,14,11,B,DAY,MIDS,POLICE,MVC HIT/RUN NO INJURY,2,Phone,"MAIORIELLO, BERMARI",NULL,2026-03-14 11:28:55.000,2026-03-14 11:32:22.033,2026-03-14 11:29:22.000,27,25,2,2026-03-14 11:32:21.920,179,179,0,2026-03-14 11:30:54.000,119,117,2,2026-03-14 11:32:29.093,206,206,0,2026-03-14 11:32:29.093,8,7,1,2026-03-14 11:34:38.317,129,129,0,2026-03-14 12:41:56.857,2026-03-14 12:41:56.857,0,NULL,2026-03-14 12:41:56.933,4381,4381,0,NR-No Report
26-006337,2026-03-14 11:37:51.000,11,SAT,14,11,B,DAY,MIDS,FIRE,OUTSIDE FIRE,3,E-911,"BRYANT, THEO",Automatic Dispatch,2026-03-14 11:37:51.000,2026-03-14 11:39:04.000,2026-03-14 11:38:23.000,32,32,0,2026-03-14 11:38:26.093,3,3,0,2026-03-14 11:40:38.000,167,167,0,2026-03-14 11:39:23.977,35,35,0,2026-03-14 11:39:23.977,57,57,0,2026-03-14 11:43:55.497,272,271,1,2026-03-14 12:21:36.760,2026-03-14 12:21:36.760,0,NULL,2026-03-14 12:21:36.973,2625,2625,0,UNDEFINED
26-006338,2026-03-14 11:44:57.000,11,SAT,14,11,B,DAY,MIDS,EMS,HEART PROBLEMS ALS 1,1,E-911,"SMITH, TERESA",Automatic Dispatch,2026-03-14 11:44:56.000,NULL,2026-03-14 11:45:29.000,33,32,1,2026-03-14 11:45:31.500,2,2,0,2026-03-14 11:46:32.000,96,95,1,2026-03-14 11:46:20.847,35,35,0,2026-03-14 11:46:20.847,49,49,0,2026-03-14 11:49:28.067,188,187,1,2026-03-14 12:09:18.987,2026-03-14 12:54:04.973,0,NULL,2026-03-14 12:54:05.067,4148,4148,0,UNDEFINED
26-019604,2026-03-14 11:50:41.000,11,SAT,14,11,B,DAY,MIDS,POLICE,WALK IN HQ LOBBY,3,Phone,"MAIORIELLO, BERMARI",NULL,2026-03-14 11:50:39.000,2026-03-14 12:01:01.000,2026-03-14 11:51:31.000,52,50,2,2026-03-14 11:54:14.963,163,163,0,2026-03-14 11:52:50.000,131,129,2,2026-03-14 11:54:14.963,215,215,0,2026-03-14 11:54:14.963,0,-9999,9999,2026-03-14 12:01:26.130,432,431,1,2026-03-14 12:28:52.817,2026-03-14 12:28:52.817,0,NULL,2026-03-14 12:28:52.943,2293,2293,0,RE-Report
26-019605,2026-03-14 11:52:43.000,11,SAT,14,11,B,DAY,MIDS,POLICE,PARKING COMPLAINT,4,Phone,"SMITH, TERESA",NULL,2026-03-14 11:52:42.000,NULL,2026-03-14 11:53:25.000,43,42,1,2026-03-14 13:58:48.013,7523,7523,0,2026-03-14 11:53:31.000,49,48,1,2026-03-14 13:58:48.013,7566,7566,0,2026-03-14 13:58:48.013,0,0,0,NULL,NULL,-9999,NULL,2026-03-14 13:59:15.853,2026-03-14 13:59:15.853,0,NULL,2026-03-14 13:59:16.593,7593,7593,0,NR-No Report
26-019606,2026-03-14 11:53:20.000,11,SAT,14,11,B,DAY,MIDS,POLICE,HAZARD,2,Radio,"FLOURNOY, ERICKA","FLOURNOY, ERICKA",2026-03-14 11:53:18.000,2026-03-14 11:57:43.000,2026-03-14 11:54:25.000,67,65,2,2026-03-14 11:54:55.023,30,30,0,2026-03-14 11:54:45.000,87,85,2,2026-03-14 11:55:00.690,97,97,0,2026-03-14 11:55:00.690,5,5,0,2026-03-14 12:01:45.173,405,404,1,2026-03-14 12:25:10.333,2026-03-14 12:25:10.333,0,NULL,2026-03-14 12:25:10.447,1912,1912,0,NR-No Report
26-019607,2026-03-14 11:57:40.000,11,SAT,14,11,B,DAY,MIDS,POLICE,OFF DUTY DETAIL,8,Phone,"PEREZ, CARLOS","PEREZ, CARLOS",2026-03-14 11:57:38.000,2026-03-14 12:10:57.000,2026-03-14 11:58:05.000,27,25,2,2026-03-14 11:58:35.650,30,30,0,2026-03-14 11:58:38.000,60,58,2,2026-03-14 11:58:35.773,57,57,0,2026-03-14 11:58:35.773,0,0,0,2026-03-14 11:58:35.827,0,0,0,2026-03-14 16:22:07.933,2026-03-14 16:22:07.933,0,NULL,2026-03-14 16:22:07.977,15869,15869,0,NR-No Report
26-006339,2026-03-14 12:01:13.000,11,SAT,14,12,B,DAY,MIDS,EMS,ABDOMINAL PAIN BLS,3,E-911,"PEREZ, CARLOS","COOPER, KAKILA",2026-03-14 12:01:13.000,2026-03-14 12:03:03.000,2026-03-14 12:02:16.000,63,63,0,2026-03-14 12:02:19.513,3,3,0,2026-03-14 12:04:50.000,217,217,0,2026-03-14 12:02:59.983,66,66,0,2026-03-14 12:02:59.983,40,40,0,2026-03-14 12:11:24.483,505,504,1,2026-03-14 12:48:19.067,2026-03-14 13:34:20.950,0,NULL,2026-03-14 13:34:21.077,5587,5587,0,UNDEFINED
26-019609,2026-03-14 12:03:34.000,11,SAT,14,12,B,DAY,MIDS,POLICE,FIGHT NO WEAPONS,2,E-911,"BRYANT, THEO",NULL,2026-03-14 12:03:34.000,2026-03-14 12:11:21.000,2026-03-14 12:04:18.000,44,44,0,2026-03-14 12:11:49.660,451,451,0,2026-03-14 12:08:30.000,296,296,0,2026-03-14 12:11:52.150,495,495,0,2026-03-14 12:11:52.150,3,2,1,2026-03-14 12:23:24.307,692,692,0,2026-03-14 15:11:07.583,2026-03-14 17:50:08.707,0,NULL,2026-03-14 17:50:08.767,20794,20794,0,RE-Report
26-019610,2026-03-14 12:04:27.000,11,SAT,14,12,B,DAY,MIDS,POLICE,PARKING COMPLAINT,4,Phone,"MAIORIELLO, BERMARI",NULL,2026-03-14 12:04:25.000,NULL,2026-03-14 12:05:19.000,54,52,2,2026-03-14 12:35:16.607,1797,1797,0,2026-03-14 12:05:39.000,74,72,2,2026-03-14 12:35:16.607,1851,1851,0,2026-03-14 12:35:16.607,0,-9999,9999,2026-03-14 12:41:00.690,344,344,0,2026-03-14 12:46:34.140,2026-03-14 12:46:34.140,0,NULL,2026-03-14 12:46:34.750,2529,2529,0,NR-No Report
26-019613,2026-03-14 12:15:17.000,11,SAT,14,12,B,DAY,MIDS,POLICE,PROPERTY FOUND,4,Phone,"MAIORIELLO, BERMARI",NULL,2026-03-14 12:15:15.000,2026-03-14 12:24:02.000,2026-03-14 12:16:43.000,88,86,2,2026-03-14 12:28:58.437,735,735,0,2026-03-14 12:17:44.000,149,147,2,2026-03-14 12:28:58.437,823,823,0,2026-03-14 12:28:58.437,0,-9999,9999,2026-03-14 12:54:07.810,1509,1509,0,2026-03-14 13:18:30.670,2026-03-14 13:18:30.670,0,NULL,2026-03-14 13:18:30.740,3795,3795,0,RE-Report
26-019615,2026-03-14 12:17:01.000,11,SAT,14,12,B,DAY,MIDS,POLICE,911 HANG UP,2,E-911,"ALLEN, TIANA","SMITH, TERESA",2026-03-14 12:17:01.000,2026-03-14 12:19:40.000,2026-03-14 12:17:32.000,31,31,0,2026-03-14 12:29:11.633,699,699,0,2026-03-14 12:42:14.000,1513,1513,0,2026-03-14 12:29:18.550,730,730,0,2026-03-14 12:29:18.550,7,3,4,2026-03-14 12:37:51.140,513,512,1,NULL,2026-03-14 12:55:00.000,0,NULL,NULL,2279,2279,0,NR-No Report
26-006340,2026-03-14 12:18:11.000,11,SAT,14,12,B,DAY,MIDS,FIRE,FIRE ALARM,3,Phone,"MAIORIELLO, BERMARI",Automatic Dispatch,2026-03-14 12:18:09.000,2026-03-14 12:20:04.000,2026-03-14 12:19:12.000,63,61,2,2026-03-14 12:19:14.750,2,2,0,2026-03-14 12:20:20.000,131,129,2,2026-03-14 12:20:43.210,65,65,0,2026-03-14 12:20:43.210,89,88,1,2026-03-14 12:22:37.633,114,114,0,2026-03-14 12:26:19.767,2026-03-14 12:26:19.767,0,NULL,2026-03-14 12:26:19.967,490,490,0,UNDEFINED
26-019617,2026-03-14 12:19:01.040,11,SAT,14,12,B,DAY,MIDS,POLICE,ASSIST FIRE - IMMEDIATE,2,E-911,"COOPER, KAKILA","SMITH, TERESA",2026-03-14 12:19:01.040,2026-03-14 12:24:48.000,2026-03-14 12:19:01.040,0,0,0,2026-03-14 12:25:59.017,418,417,1,2026-03-14 12:19:01.040,0,NULL,0,2026-03-14 12:26:45.953,418,417,1,2026-03-14 12:26:45.953,46,46,0,2026-03-14 12:33:09.357,384,383,1,2026-03-14 12:38:10.227,2026-03-14 12:39:53.157,0,NULL,2026-03-14 12:39:53.527,1252,1252,0,NR-No Report
26-019618,2026-03-14 12:21:25.000,11,SAT,14,12,B,DAY,MIDS,POLICE,ALARM COMMERCIAL,2,Phone,"FLOURNOY, ERICKA","SMITH, TERESA",2026-03-14 12:21:23.000,2026-03-14 12:26:41.000,2026-03-14 12:21:55.000,32,30,2,2026-03-14 12:27:14.627,319,319,0,2026-03-14 12:23:47.000,144,142,2,2026-03-14 12:27:18.173,351,351,0,2026-03-14 12:27:18.173,4,3,1,2026-03-14 12:28:49.397,91,91,0,2026-03-14 12:41:04.743,2026-03-14 12:41:04.743,0,NULL,2026-03-14 12:41:04.800,1181,1181,0,FALSE-False Alarm
26-019619,2026-03-14 12:22:36.000,11,SAT,14,12,B,DAY,MIDS,POLICE,DEST OF PROP VEH DELAY,4,Phone,"PEREZ, CARLOS","SMITH, TERESA",2026-03-14 12:22:34.000,2026-03-14 13:11:02.663,2026-03-14 12:26:47.000,253,251,2,2026-03-14 12:27:02.373,15,15,0,2026-03-14 12:27:03.000,269,267,2,2026-03-14 13:11:07.430,268,268,0,2026-03-14 13:11:07.430,2645,4,2641,2026-03-14 13:17:43.193,396,395,1,2026-03-14 14:48:00.477,2026-03-14 14:48:00.477,0,NULL,2026-03-14 14:48:00.573,8726,8726,0,RE-Report
26-019622,2026-03-14 12:36:14.000,11,SAT,14,12,B,DAY,MIDS,POLICE,TROUBLE UNKNOWN NO EMS,2,E-911,"FLOURNOY, ERICKA","SMITH, TERESA",2026-03-14 12:36:14.000,2026-03-14 12:43:31.000,2026-03-14 12:37:46.000,92,92,0,2026-03-14 12:52:25.970,879,879,0,2026-03-14 12:39:18.000,184,184,0,2026-03-14 12:52:29.517,971,971,0,2026-03-14 12:52:29.517,4,3,1,2026-03-14 13:07:59.300,930,929,1,2026-03-14 13:37:48.690,2026-03-14 13:41:43.357,0,NULL,2026-03-14 13:41:43.407,3929,3929,0,NR-No Report
26-019623,2026-03-14 12:37:07.000,11,SAT,14,12,B,DAY,MIDS,POLICE,MVC HIT/RUN INJURY,1,E-911,"BRYANT, THEO",NULL,2026-03-14 12:37:07.000,2026-03-14 12:41:22.000,2026-03-14 12:38:21.000,74,74,0,2026-03-14 12:41:46.617,205,205,0,2026-03-14 12:41:40.000,273,273,0,2026-03-14 12:41:48.580,279,279,0,2026-03-14 12:41:48.580,2,1,1,2026-03-14 12:44:39.923,171,171,0,2026-03-14 13:01:41.583,2026-03-14 20:08:29.273,0,NULL,2026-03-14 20:08:29.327,27082,27082,0,RE-Report
26-006341,2026-03-14 12:38:21.000,11,SAT,14,12,B,DAY,MIDS,FIRE,MVC AUTO,2,E-911,"BRYANT, THEO",Automatic Dispatch,2026-03-14 12:38:21.000,2026-03-14 12:39:24.000,2026-03-14 12:38:21.000,0,NULL,0,2026-03-14 12:38:24.120,3,3,0,2026-03-14 12:38:21.000,0,0,0,2026-03-14 12:39:15.103,3,3,0,2026-03-14 12:39:15.103,51,50,1,2026-03-14 12:43:21.153,246,246,0,2026-03-14 12:44:44.787,2026-03-14 13:40:33.593,0,NULL,2026-03-14 13:40:33.940,3732,3732,0,UNDEFINED
26-019625,2026-03-14 12:41:49.000,11,SAT,14,12,B,DAY,MIDS,POLICE,LARCENY COMM IN PROG,2,Phone,"BRYANT, THEO","SMITH, TERESA",2026-03-14 12:41:47.000,2026-03-14 12:50:52.000,2026-03-14 12:42:31.000,44,42,2,2026-03-14 13:47:35.623,3904,3904,0,2026-03-14 12:44:17.000,150,148,2,2026-03-14 13:47:53.320,3948,3948,0,2026-03-14 13:47:53.320,18,17,1,2026-03-14 14:04:14.713,981,981,0,2026-03-14 15:15:53.280,2026-03-14 15:15:53.280,0,NULL,2026-03-14 15:15:53.403,9246,9246,0,RE-Report
26-006342,2026-03-14 12:42:22.570,11,SAT,14,12,B,DAY,MIDS,EMS,MUTUAL ALS,1,C2C,CAD to CAD Service 1,CAD to CAD Service 1,2026-03-14 12:41:02.310,NULL,2026-03-14 12:42:23.197,81,0,81,2026-03-14 12:42:23.273,0,0,0,NULL,NULL,NULL,NULL,2026-03-14 12:43:13.490,81,-9999,10080,2026-03-14 12:43:13.490,50,50,0,2026-03-14 12:49:45.933,392,392,0,2026-03-14 14:10:17.243,2026-03-14 14:10:17.243,0,NULL,2026-03-14 14:10:17.350,5355,5354,1,UNDEFINED
26-019627,2026-03-14 12:44:42.000,11,SAT,14,12,B,DAY,MIDS,POLICE,MENTAL HEALTH CASE,2,E-911,"ALLEN, TIANA","SMITH, TERESA",2026-03-14 12:44:42.000,2026-03-14 12:53:24.000,2026-03-14 12:45:54.000,72,72,0,2026-03-14 13:05:10.070,1156,1156,0,2026-03-14 12:52:24.000,462,462,0,2026-03-14 13:05:14.510,1228,1228,0,2026-03-14 13:05:14.510,4,4,0,2026-03-14 13:14:00.590,526,526,0,2026-03-14 14:09:33.517,2026-03-14 14:09:33.517,0,NULL,2026-03-14 14:09:33.637,5091,5091,0,NR-No Report
26-019626,2026-03-14 12:44:43.000,11,SAT,14,12,B,DAY,MIDS,POLICE,ALARM COMMERCIAL,2,Text,"BRYANT, THEO","SMITH, TERESA",2026-03-14 12:44:41.000,2026-03-14 12:53:03.000,2026-03-14 12:45:45.000,64,62,2,2026-03-14 12:53:00.323,435,435,0,2026-03-14 12:46:51.000,130,128,2,2026-03-14 12:53:06.633,499,499,0,2026-03-14 12:53:06.633,6,6,0,2026-03-14 13:06:44.070,818,817,1,2026-03-14 13:19:43.270,2026-03-14 13:19:43.270,0,NULL,2026-03-14 13:19:43.330,2102,2102,0,FALSE-False Alarm
26-019629,2026-03-14 12:46:01.000,11,SAT,14,12,B,DAY,MIDS,POLICE,PROPERTY FOUND,4,Phone,"MAIORIELLO, BERMARI",NULL,2026-03-14 12:46:01.000,2026-03-14 13:07:36.000,2026-03-14 12:47:50.000,109,109,0,2026-03-14 13:09:19.160,1289,1289,0,2026-03-14 12:48:08.000,127,127,0,2026-03-14 13:09:19.160,1398,1398,0,2026-03-14 13:09:19.160,0,-9999,9999,2026-03-14 13:28:09.970,1130,1130,0,2026-03-14 15:47:49.910,2026-03-14 15:47:49.910,0,NULL,2026-03-14 15:47:50.153,10908,10908,0,RE-Report
26-019630,2026-03-14 12:48:20.000,11,SAT,14,12,B,DAY,MIDS,POLICE,PARKING COMPLAINT,3,Phone,"PEREZ, CARLOS",NULL,2026-03-14 12:48:19.000,2026-03-14 13:20:59.000,2026-03-14 12:50:08.000,109,108,1,2026-03-14 13:01:29.603,681,681,0,2026-03-14 12:50:22.000,123,122,1,2026-03-14 13:01:29.603,790,790,0,2026-03-14 13:01:29.603,0,0,0,2026-03-14 13:16:40.560,911,910,1,2026-03-14 13:44:06.270,2026-03-14 13:44:06.270,0,NULL,2026-03-14 13:44:06.863,3347,3347,0,CI-Citation
26-019633,2026-03-14 12:54:42.000,11,SAT,14,12,B,DAY,MIDS,POLICE,POLICE INFORMATION,4,Phone,"MAIORIELLO, BERMARI",NULL,2026-03-14 12:54:40.000,2026-03-14 13:03:46.000,2026-03-14 12:57:08.000,148,146,2,2026-03-14 14:05:04.383,4076,4076,0,2026-03-14 12:58:25.000,225,223,2,2026-03-14 14:05:28.990,4224,4224,0,2026-03-14 14:05:28.990,24,24,0,2026-03-14 14:29:45.780,1457,1456,1,2026-03-14 17:50:28.403,2026-03-14 17:50:28.403,0,NULL,2026-03-14 17:50:28.487,17748,17748,0,RE-Report
26-019632,2026-03-14 12:56:18.000,11,SAT,14,12,B,DAY,MIDS,POLICE,ON VIEW,2,Radio,"SMITH, TERESA","SMITH, TERESA",2026-03-14 12:56:18.000,2026-03-14 12:56:23.000,2026-03-14 12:56:18.000,0,0,0,2026-03-14 12:56:18.000,0,0,0,2026-03-14 12:56:18.000,0,0,0,2026-03-14 12:57:07.860,0,0,0,2026-03-14 12:56:18.000,0,0,0,2026-03-14 12:56:18.000,0,0,0,NULL,2026-03-14 13:03:28.000,0,NULL,NULL,430,430,0,NR-No Report
26-019636,2026-03-14 13:06:32.000,11,SAT,14,13,B,DAY,MIDS,POLICE,GLA RECOVERY DELAY,3,Phone,"FLOURNOY, ERICKA",NULL,2026-03-14 13:06:30.000,2026-03-14 13:08:50.000,2026-03-14 13:07:33.000,63,61,2,2026-03-14 14:39:49.587,5536,5536,0,2026-03-14 13:10:03.000,213,211,2,2026-03-14 14:39:59.577,5599,5599,0,2026-03-14 14:39:59.577,10,9,1,NULL,NULL,-9999,NULL,2026-03-14 18:54:33.300,2026-03-14 18:54:33.300,0,NULL,2026-03-14 18:54:33.390,20883,20883,0,RE-Report
26-019638,2026-03-14 13:06:50.000,11,SAT,14,13,B,DAY,MIDS,POLICE,WALK IN HQ LOBBY,3,Phone,"PEREZ, CARLOS","SMITH, TERESA",2026-03-14 13:06:48.000,2026-03-14 13:11:56.000,2026-03-14 13:09:38.000,170,168,2,2026-03-14 13:31:45.227,1327,1327,0,2026-03-14 13:09:56.000,188,186,2,2026-03-14 13:32:12.137,1497,1497,0,2026-03-14 13:32:12.137,27,26,1,NULL,NULL,-9999,NULL,NULL,2026-03-14 14:07:01.000,0,NULL,NULL,3613,3613,0,ACONR-Animal Control No Report
26-006343,2026-03-14 13:16:35.000,11,SAT,14,13,B,DAY,MIDS,EMS,TROUBLE BREATHING ALS 1,1,E-911,"ALLEN, TIANA",Automatic Dispatch,2026-03-14 13:16:35.000,2026-03-14 13:19:00.000,2026-03-14 13:17:28.000,53,53,0,2026-03-14 13:17:30.750,2,2,0,2026-03-14 13:19:35.000,180,180,0,2026-03-14 13:18:35.570,55,55,0,2026-03-14 13:18:35.570,65,64,1,2026-03-14 13:23:05.943,270,270,0,2026-03-14 13:52:25.460,2026-03-14 14:19:26.707,0,NULL,2026-03-14 14:19:26.823,3771,3771,0,UNDEFINED
26-019639,2026-03-14 13:19:49.000,11,SAT,14,13,B,DAY,MIDS,POLICE,STALKING DELAY,4,Phone,"MAIORIELLO, BERMARI","LEWIS, LESLIE",2026-03-14 13:19:47.000,2026-03-14 13:24:35.000,2026-03-14 13:22:05.000,138,136,2,2026-03-14 13:41:14.223,1149,1149,0,2026-03-14 13:26:08.000,381,379,2,2026-03-14 13:41:14.223,1287,1287,0,2026-03-14 13:41:14.223,0,-9999,9999,2026-03-14 14:46:16.637,3902,3902,0,2026-03-14 15:23:53.447,2026-03-14 15:23:53.447,0,NULL,2026-03-14 15:23:53.753,7446,7446,0,NR-No Report
26-019644,2026-03-14 13:47:12.000,11,SAT,14,13,B,DAY,MIDS,POLICE,MVC PROPERTY DAMAGE,2,Phone,"ALLEN, TIANA","ALLEN, TIANA",2026-03-14 13:47:11.000,2026-03-14 13:49:55.000,2026-03-14 13:48:37.000,86,85,1,2026-03-14 13:59:48.237,671,671,0,2026-03-14 13:50:09.000,178,177,1,2026-03-14 13:59:50.627,757,757,0,2026-03-14 13:59:50.627,2,2,0,2026-03-14 14:13:13.113,803,802,1,2026-03-14 14:00:57.110,2026-03-14 14:29:17.703,0,NULL,2026-03-14 14:29:17.777,2526,2526,0,NR-No Report
26-006344,2026-03-14 13:51:17.000,11,SAT,14,13,B,DAY,MIDS,EMS,FACILITY BLS,3,E-911,"BRYANT, THEO",Automatic Dispatch,2026-03-14 13:51:17.000,2026-03-14 13:54:12.000,2026-03-14 13:53:12.000,115,115,0,2026-03-14 13:53:14.777,2,2,0,2026-03-14 13:54:10.000,173,173,0,2026-03-14 13:54:05.597,117,117,0,2026-03-14 13:54:05.597,51,50,1,2026-03-14 13:58:47.927,282,282,0,2026-03-14 14:33:42.720,2026-03-14 14:42:12.890,0,NULL,2026-03-14 14:42:13.173,3055,3055,0,UNDEFINED
26-019645,2026-03-14 13:55:37.000,11,SAT,14,13,B,DAY,MIDS,POLICE,ANIMAL BARKING DOG,3,Phone,"PEREZ, CARLOS","ALLEN, TIANA",2026-03-14 13:55:35.000,2026-03-14 14:03:53.000,2026-03-14 13:56:23.000,48,46,2,2026-03-14 14:04:25.540,482,482,0,2026-03-14 13:56:24.000,49,47,2,NULL,530,530,0,NULL,NULL,-9999,NULL,NULL,NULL,-9999,NULL,NULL,2026-03-14 14:04:39.000,0,NULL,NULL,544,544,0,ACOR-Animal Control Report
26-019646,2026-03-14 14:02:15.000,11,SAT,14,14,B,DAY,LATE,POLICE,DOMESTIC VIOL DELAY,4,Phone,"MAIORIELLO, BERMARI","LEWIS, LESLIE",2026-03-14 14:02:13.000,2026-03-14 14:08:09.000,2026-03-14 14:02:44.000,31,29,2,2026-03-14 15:18:25.933,4541,4541,0,2026-03-14 14:06:51.000,278,276,2,2026-03-14 15:18:27.817,4572,4572,0,2026-03-14 15:18:27.817,2,1,1,2026-03-14 15:21:11.170,164,163,1,2026-03-14 15:44:26.370,2026-03-14 15:44:26.370,0,NULL,2026-03-14 15:44:26.463,6133,6133,0,NR-No Report
26-006345,2026-03-14 14:04:17.000,11,SAT,14,14,B,DAY,LATE,FIRE,HAZARD,3,Phone,"MAIORIELLO, BERMARI",Automatic Dispatch,2026-03-14 14:04:16.000,2026-03-14 14:07:05.000,2026-03-14 14:05:59.000,103,102,1,2026-03-14 14:06:02.467,3,3,0,2026-03-14 14:06:16.000,120,119,1,2026-03-14 14:06:53.217,106,106,0,2026-03-14 14:06:53.217,51,50,1,2026-03-14 14:11:14.290,261,261,0,2026-03-14 14:20:44.070,2026-03-14 14:20:44.070,0,NULL,2026-03-14 14:20:44.233,988,988,0,UNDEFINED
26-019648,2026-03-14 14:07:41.000,11,SAT,14,14,B,DAY,LATE,POLICE,DEST OF PROP VEH DELAY,4,Phone,"MAIORIELLO, BERMARI",NULL,2026-03-14 14:07:39.000,2026-03-14 14:12:13.000,2026-03-14 14:09:16.000,97,95,2,2026-03-14 14:40:24.563,1868,1868,0,2026-03-14 14:10:38.000,179,177,2,2026-03-14 14:40:27.813,1965,1965,0,2026-03-14 14:40:27.813,3,3,0,2026-03-14 14:40:27.813,0,0,0,2026-03-14 15:58:53.803,2026-03-14 15:58:53.803,0,NULL,2026-03-14 15:58:53.903,6674,6674,0,RE-Report
26-019649,2026-03-14 14:32:48.000,11,SAT,14,14,B,DAY,LATE,POLICE,PUBLIC SERVICE ONE OFFICER,4,E-911,"PERALTA, ANNETTE",NULL,2026-03-14 14:32:47.000,2026-03-14 14:40:05.000,2026-03-14 14:38:35.000,348,347,1,2026-03-14 14:53:16.900,881,881,0,2026-03-14 14:39:09.000,382,381,1,2026-03-14 14:53:16.900,1229,1229,0,2026-03-14 14:53:16.900,0,0,0,2026-03-14 14:53:21.157,5,4,1,2026-03-14 14:54:32.170,2026-03-14 14:54:32.170,0,NULL,2026-03-14 14:54:32.243,1305,1305,0,NR-No Report
26-019650,2026-03-14 14:39:40.000,11,SAT,14,14,B,DAY,LATE,POLICE,MVC PROPERTY DAMAGE,2,E-911,"PEREZ, CARLOS","LEWIS, LESLIE",2026-03-14 14:39:39.000,2026-03-14 14:42:17.000,2026-03-14 14:41:45.000,126,125,1,2026-03-14 14:42:43.340,58,58,0,2026-03-14 14:42:40.000,181,180,1,2026-03-14 14:42:45.740,184,184,0,2026-03-14 14:42:45.740,2,2,0,2026-03-14 14:50:23.617,458,457,1,2026-03-14 15:11:24.147,2026-03-14 15:11:24.147,0,NULL,2026-03-14 15:11:24.213,1905,1905,0,NR-No Report
26-019651,2026-03-14 14:42:15.000,11,SAT,14,14,B,DAY,LATE,POLICE,PARKING COMPLAINT,4,Phone,"PERALTA, ANNETTE",NULL,2026-03-14 14:42:13.000,2026-03-14 14:46:36.000,2026-03-14 14:44:32.000,139,137,2,2026-03-14 15:03:27.430,1135,1135,0,2026-03-14 14:44:38.000,145,143,2,2026-03-14 15:03:27.430,1274,1274,0,2026-03-14 15:03:27.430,0,-9999,9999,2026-03-14 15:16:57.520,810,810,0,2026-03-14 15:22:21.223,2026-03-14 15:22:21.223,0,NULL,2026-03-14 15:22:21.773,2408,2408,0,NR-No Report
26-006346,2026-03-14 14:42:55.000,11,SAT,14,14,B,DAY,LATE,EMS,TROUBLE BREATHING ALS 1,1,E-911,"PEREZ, CARLOS","MACK, BRIANA",2026-03-14 14:42:54.000,2026-03-14 14:46:19.000,2026-03-14 14:44:07.000,73,72,1,2026-03-14 14:44:10.817,3,3,0,2026-03-14 14:51:14.000,500,499,1,2026-03-14 14:45:31.793,76,76,0,2026-03-14 14:45:31.793,81,0,81,2026-03-14 14:50:41.137,310,309,1,2026-03-14 14:46:59.233,2026-03-14 15:11:41.107,0,NULL,2026-03-14 15:11:41.250,1727,1727,0,UNDEFINED
26-019652,2026-03-14 15:00:13.000,11,SAT,14,15,B,DAY,LATE,POLICE,ASSIST CITIZEN PROMPT,3,Phone,"PERALTA, ANNETTE","LEWIS, LESLIE",2026-03-14 15:00:11.000,2026-03-14 15:06:10.000,2026-03-14 15:03:29.000,198,196,2,2026-03-14 15:15:30.353,721,721,0,2026-03-14 15:03:44.000,213,211,2,2026-03-14 15:15:34.833,919,919,0,2026-03-14 15:15:34.833,4,4,0,2026-03-14 15:32:27.330,1013,1012,1,2026-03-14 15:46:57.950,2026-03-14 15:46:57.950,0,NULL,2026-03-14 15:46:58.007,2806,2806,0,NR-No Report
26-019653,2026-03-14 15:09:52.000,11,SAT,14,15,B,DAY,LATE,POLICE,WARRANT SERVICE,2,E-911,"BRYANT, THEO","LEWIS, LESLIE",2026-03-14 15:09:52.000,2026-03-14 15:11:25.000,2026-03-14 15:10:37.000,45,45,0,2026-03-14 15:11:32.860,55,55,0,2026-03-14 15:13:23.000,211,211,0,2026-03-14 15:11:36.087,100,100,0,2026-03-14 15:11:36.087,4,3,1,2026-03-14 15:17:34.837,358,358,0,2026-03-14 15:12:24.127,2026-03-14 17:35:03.103,0,NULL,2026-03-14 17:35:03.170,8711,8711,0,RE-Report
26-019656,2026-03-14 15:11:38.000,11,SAT,14,15,B,DAY,LATE,POLICE,DISORDERLY CONDUCT,2,Phone,"PEREZ, CARLOS","LEWIS, LESLIE",2026-03-14 15:11:37.000,2026-03-14 15:13:56.000,2026-03-14 15:13:06.000,89,88,1,2026-03-14 15:14:15.603,69,69,0,2026-03-14 15:13:07.000,90,89,1,2026-03-14 15:14:22.463,158,158,0,2026-03-14 15:14:22.463,7,6,1,2026-03-14 15:17:59.373,217,216,1,2026-03-14 15:15:08.480,2026-03-14 15:33:49.777,0,NULL,2026-03-14 15:33:49.810,1332,1332,0,NR-No Report
26-019657,2026-03-14 15:21:42.000,11,SAT,14,15,B,DAY,LATE,POLICE,MVC PROPERTY DAMAGE,2,E-911,"PERALTA, ANNETTE","LEWIS, LESLIE",2026-03-14 15:21:41.000,2026-03-14 15:26:13.000,2026-03-14 15:23:47.000,126,125,1,2026-03-14 15:26:18.720,151,151,0,2026-03-14 15:24:22.000,161,160,1,2026-03-14 15:26:21.363,277,277,0,2026-03-14 15:26:21.363,3,2,1,2026-03-14 15:27:01.667,40,40,0,2026-03-14 15:27:04.710,2026-03-14 15:38:51.367,0,NULL,2026-03-14 15:38:51.447,1030,1030,0,NR-No Report
26-019658,2026-03-14 15:24:49.000,11,SAT,14,15,B,DAY,LATE,POLICE,ANIMAL STRAY,2,Phone,"COOPER, KAKILA","LEWIS, LESLIE",2026-03-14 15:24:47.000,2026-03-14 15:29:09.000,2026-03-14 15:25:28.000,41,39,2,2026-03-14 15:29:34.690,246,246,0,2026-03-14 15:28:57.000,250,248,2,2026-03-14 15:29:37.867,287,287,0,2026-03-14 15:29:37.867,3,3,0,2026-03-14 15:29:42.107,5,4,1,2026-03-14 15:30:04.043,2026-03-14 15:30:04.043,0,NULL,2026-03-14 15:30:04.103,317,317,0,ACOR-Animal Control Report
26-019659,2026-03-14 15:28:18.000,11,SAT,14,15,B,DAY,LATE,POLICE,DOMESTIC VIOL NO INJ,2,E-911,"PERALTA, ANNETTE","LEWIS, LESLIE",2026-03-14 15:28:17.000,2026-03-14 15:31:30.000,2026-03-14 15:30:32.000,135,134,1,2026-03-14 15:31:47.650,75,75,0,2026-03-14 15:39:46.000,689,688,1,2026-03-14 15:31:53.137,210,210,0,2026-03-14 15:31:53.137,6,5,1,2026-03-14 15:36:53.460,300,300,0,2026-03-14 15:51:38.570,2026-03-14 16:17:58.943,0,NULL,2026-03-14 16:17:59.023,2981,2981,0,NR-No Report
26-006347,2026-03-14 15:33:00.993,11,SAT,14,15,B,DAY,LATE,EMS,MUTUAL ALS,1,C2C,CAD to CAD Service 1,CAD to CAD Service 1,2026-03-14 15:32:12.000,NULL,2026-03-14 15:33:01.493,49,0,49,2026-03-14 15:33:01.587,0,0,0,NULL,NULL,NULL,NULL,2026-03-14 15:33:55.720,49,-9999,10048,2026-03-14 15:33:55.720,54,46,8,NULL,NULL,-9999,NULL,2026-03-14 15:38:27.210,2026-03-14 15:38:28.537,0,NULL,2026-03-14 15:38:28.537,376,376,0,UNDEFINED
26-006348,2026-03-14 15:33:10.103,11,SAT,14,15,B,DAY,LATE,FIRE,MUTUAL MVC,1,C2C,CAD to CAD Service 1,CAD to CAD Service 1,2026-03-14 15:32:21.000,NULL,2026-03-14 15:33:10.977,49,0,49,2026-03-14 15:33:11.260,1,0,1,NULL,NULL,NULL,NULL,2026-03-14 15:34:16.180,50,58,-8,2026-03-14 15:34:16.180,65,64,1,2026-03-14 15:37:22.150,186,185,1,2026-03-14 15:34:42.870,2026-03-14 16:08:31.910,0,NULL,2026-03-14 16:08:32.123,2170,2170,0,UNDEFINED
26-006349,2026-03-14 15:34:56.000,11,SAT,14,15,B,DAY,LATE,EMS,FALL BLS,3,Phone,"FLOURNOY, ERICKA","MACK, BRIANA",2026-03-14 15:34:54.000,2026-03-14 15:37:47.000,2026-03-14 15:35:37.000,43,41,2,2026-03-14 15:35:39.603,2,2,0,2026-03-14 15:51:20.000,986,984,2,2026-03-14 15:36:30.753,45,45,0,2026-03-14 15:36:30.753,51,51,0,2026-03-14 15:40:49.097,259,258,1,2026-03-14 16:12:36.910,2026-03-14 16:55:55.187,0,NULL,2026-03-14 16:55:55.303,4861,4861,0,UNDEFINED
26-019660,2026-03-14 15:37:13.000,11,SAT,14,15,B,DAY,LATE,POLICE,TRESPASSING IN PROG,2,Phone,"COOPER, KAKILA","LEWIS, LESLIE",2026-03-14 15:37:11.000,2026-03-14 15:39:25.000,2026-03-14 15:37:37.000,26,24,2,2026-03-14 15:52:11.343,874,874,0,2026-03-14 15:40:11.000,180,178,2,2026-03-14 15:52:17.980,900,900,0,2026-03-14 15:52:17.980,6,6,0,2026-03-14 16:01:51.370,574,573,1,2026-03-14 16:25:27.490,2026-03-14 16:25:55.223,0,NULL,2026-03-14 16:25:55.410,2924,2924,0,NR-No Report
26-019661,2026-03-14 15:37:44.000,11,SAT,14,15,B,DAY,LATE,POLICE,ASSIST CITIZEN DELAY,4,Phone,"MAIORIELLO, BERMARI",NULL,2026-03-14 15:37:42.000,2026-03-14 15:38:26.000,2026-03-14 15:38:07.000,25,23,2,2026-03-14 17:04:00.477,5153,5153,0,2026-03-14 15:40:11.000,149,147,2,2026-03-14 17:04:10.323,5178,5178,0,2026-03-14 17:04:10.323,10,9,1,2026-03-14 17:11:27.303,437,436,1,2026-03-14 17:39:39.640,2026-03-14 17:42:25.483,0,NULL,2026-03-14 17:42:25.600,7483,7483,0,NR-No Report
26-019662,2026-03-14 15:40:17.000,11,SAT,14,15,B,DAY,LATE,POLICE,SUSPICIOUS EVENT,4,Phone,"MAIORIELLO, BERMARI","LEWIS, LESLIE",2026-03-14 15:40:15.000,2026-03-14 15:47:54.000,2026-03-14 15:41:16.000,61,59,2,2026-03-14 16:49:24.670,4088,4088,0,2026-03-14 15:42:05.000,110,108,2,2026-03-14 16:49:44.180,4149,4149,0,2026-03-14 16:49:44.180,20,19,1,2026-03-14 19:23:30.683,9226,9226,0,2026-03-14 19:14:47.790,2026-03-14 19:31:51.973,0,NULL,2026-03-14 19:31:52.057,13896,13896,0,NR-No Report
26-006351,2026-03-14 15:42:50.000,11,SAT,14,15,B,DAY,LATE,EMS,BACK PAIN BLS,3,E-911,"PERALTA, ANNETTE",Automatic Dispatch,2026-03-14 15:42:50.000,2026-03-14 15:44:12.000,2026-03-14 15:43:58.000,68,68,0,2026-03-14 15:44:00.880,2,2,0,2026-03-14 15:46:07.000,197,197,0,2026-03-14 15:45:25.470,70,70,0,2026-03-14 15:45:25.470,85,84,1,NULL,NULL,-9999,NULL,2026-03-14 16:59:24.710,2026-03-14 16:59:24.710,0,NULL,2026-03-14 16:59:24.787,4594,4594,0,UNDEFINED
26-019663,2026-03-14 15:47:01.000,11,SAT,14,15,B,DAY,LATE,POLICE,ASSIST OUTSIDE AGENCY,2,VCIN,"BRYANT, THEO","LEWIS, LESLIE",2026-03-14 15:46:59.000,2026-03-14 15:50:55.000,2026-03-14 15:50:33.000,214,212,2,2026-03-14 17:10:25.603,4792,4792,0,2026-03-14 15:51:25.000,266,264,2,2026-03-14 17:10:28.557,5006,5006,0,2026-03-14 17:10:28.557,3,2,1,2026-03-14 18:12:40.683,3732,3732,0,2026-03-14 17:11:00.293,2026-03-14 18:54:44.833,0,NULL,2026-03-14 18:54:44.890,11265,11265,0,NR-No Report
26-019664,2026-03-14 15:51:36.000,11,SAT,14,15,B,DAY,LATE,POLICE,OFF DUTY DETAIL,8,OFFICER,"ESCOBAR, STEVEN R",NULL,2026-03-14 15:51:36.000,2026-03-14 18:50:04.000,2026-03-14 15:51:36.000,0,1,-1,2026-03-14 15:51:36.000,0,0,0,2026-03-14 15:51:36.000,0,NULL,0,2026-03-14 15:51:36.000,0,0,0,2026-03-14 15:51:36.000,0,0,0,2026-03-14 15:51:36.000,0,0,0,2026-03-14 19:54:07.200,2026-03-15 00:12:04.653,0,NULL,2026-03-15 00:12:04.683,30028,30028,0,NR-No Report
26-019665,2026-03-14 15:54:52.000,11,SAT,14,15,B,DAY,LATE,POLICE,ANIMAL STRAY,2,Phone,"MAIORIELLO, BERMARI","LEWIS, LESLIE",2026-03-14 15:54:51.000,2026-03-14 15:56:23.000,2026-03-14 15:55:22.000,31,30,1,2026-03-14 15:56:57.250,95,95,0,2026-03-14 15:58:09.000,198,197,1,2026-03-14 15:57:01.187,126,126,0,2026-03-14 15:57:01.187,4,3,1,2026-03-14 15:57:01.187,0,0,0,2026-03-14 16:42:03.000,2026-03-14 16:42:03.000,0,NULL,2026-03-14 16:42:03.047,2832,2832,0,ACOR-Animal Control Report
26-019666,2026-03-14 15:57:15.000,11,SAT,14,15,B,DAY,LATE,POLICE,TRAFFIC STOP,2,OFFICER,"JOHNSON, TIAZ J.",NULL,2026-03-14 15:57:15.000,2026-03-14 15:57:22.000,2026-03-14 15:57:15.000,0,2,-2,2026-03-14 15:57:15.000,0,0,0,2026-03-14 15:57:15.000,0,NULL,0,2026-03-14 15:57:15.000,0,0,0,2026-03-14 15:57:15.000,0,0,0,2026-03-14 15:57:15.000,0,0,0,2026-03-14 16:02:38.920,2026-03-14 16:02:38.920,0,NULL,2026-03-14 16:02:39.253,323,323,0,NR-No Report
26-019668,2026-03-14 16:04:51.000,11,SAT,14,16,B,DAY,LATE,POLICE,DISORDERLY CONDUCT,2,Phone,"PERALTA, ANNETTE","LEWIS, LESLIE",2026-03-14 16:04:50.000,2026-03-14 16:08:39.000,2026-03-14 16:07:15.000,145,144,1,2026-03-14 16:08:50.910,95,95,0,2026-03-14 16:07:30.000,160,159,1,2026-03-14 16:09:01.680,240,240,0,2026-03-14 16:09:01.680,11,6,5,2026-03-14 16:10:48.347,107,106,1,2026-03-14 16:13:46.740,2026-03-14 16:15:46.563,0,NULL,2026-03-14 16:15:46.677,656,656,0,NR-No Report
26-019667,2026-03-14 16:06:08.000,11,SAT,14,16,B,DAY,LATE,POLICE,SUSPICIOUS EVENT,2,OFFICER,"LEWIS, LESLIE","LEWIS, LESLIE",2026-03-14 16:06:08.000,2026-03-14 16:13:01.000,2026-03-14 16:06:44.000,36,36,0,2026-03-14 16:06:49.633,5,5,0,2026-03-14 16:08:36.000,148,148,0,2026-03-14 16:06:51.177,41,41,0,2026-03-14 16:06:51.177,2,1,1,2026-03-14 16:11:08.350,257,257,0,2026-03-14 16:41:34.340,2026-03-14 17:10:01.217,0,NULL,2026-03-14 17:10:01.313,3833,3833,0,NR-No Report
26-019669,2026-03-14 16:06:17.000,11,SAT,14,16,B,DAY,LATE,POLICE,PARKING COMPLAINT,4,Phone,"MAIORIELLO, BERMARI",NULL,2026-03-14 16:06:16.000,NULL,2026-03-14 16:07:42.000,86,85,1,2026-03-14 16:08:16.953,34,34,0,2026-03-14 16:08:15.000,119,118,1,2026-03-14 16:08:16.953,120,120,0,2026-03-14 16:08:16.953,0,-9999,9999,2026-03-14 16:13:08.020,292,291,1,2026-03-14 16:25:29.927,2026-03-14 16:25:29.927,0,NULL,2026-03-14 16:25:30.340,1153,1153,0,NR-No Report
26-019670,2026-03-14 16:08:18.000,11,SAT,14,16,B,DAY,LATE,POLICE,TRAFFIC STOP,2,OFFICER,"JOHNSON, TIAZ J.",NULL,2026-03-14 16:08:18.000,NULL,2026-03-14 16:08:18.000,0,2,-2,2026-03-14 16:08:18.000,0,0,0,2026-03-14 16:08:18.000,0,NULL,0,2026-03-14 16:08:18.000,0,0,0,2026-03-14 16:08:18.000,0,0,0,2026-03-14 16:08:18.000,0,0,0,2026-03-14 16:28:05.980,2026-03-14 16:28:05.980,0,NULL,2026-03-14 16:28:06.067,1187,1187,0,CI-Citation
26-019672,2026-03-14 16:24:34.000,11,SAT,14,16,B,DAY,LATE,POLICE,DOMESTIC VIOL NO INJ,2,E-911,"COOPER, KAKILA",NULL,2026-03-14 16:24:33.000,2026-03-14 16:27:45.000,2026-03-14 16:25:19.000,46,45,1,2026-03-14 16:28:22.117,183,183,0,2026-03-14 16:28:08.000,215,214,1,2026-03-14 16:28:24.263,229,229,0,2026-03-14 16:28:24.263,2,2,0,2026-03-14 16:33:05.533,281,281,0,2026-03-14 17:44:12.663,2026-03-14 18:53:47.580,0,NULL,2026-03-14 18:53:47.617,8954,8954,0,NR-No Report
26-019674,2026-03-14 16:28:20.000,11,SAT,14,16,B,DAY,LATE,POLICE,TROUBLE UNKNOWN EMS,2,E-911,"PEREZ, CARLOS","FLOURNOY, ERICKA",2026-03-14 16:28:20.000,2026-03-14 16:30:01.000,2026-03-14 16:29:44.000,84,84,0,2026-03-14 16:30:43.987,59,59,0,2026-03-14 16:40:30.000,730,730,0,2026-03-14 16:30:49.687,143,143,0,2026-03-14 16:30:49.687,6,5,1,2026-03-14 16:37:36.703,407,407,0,2026-03-14 16:46:29.530,2026-03-14 16:49:14.707,0,NULL,2026-03-14 16:49:14.780,1254,1254,0,NR-No Report
26-019673,2026-03-14 16:28:49.000,11,SAT,14,16,B,DAY,LATE,POLICE,DISORDERLY CONDUCT,2,E-911,"BRYANT, THEO","FLOURNOY, ERICKA",2026-03-14 16:28:48.000,2026-03-14 16:30:08.000,2026-03-14 16:29:38.000,50,49,1,2026-03-14 16:31:25.937,107,107,0,2026-03-14 16:31:07.000,139,138,1,2026-03-14 16:31:28.477,157,157,0,2026-03-14 16:31:28.477,3,2,1,2026-03-14 16:34:27.593,179,179,0,2026-03-14 16:46:31.350,2026-03-14 16:46:34.150,0,NULL,2026-03-14 16:46:34.220,1066,1066,0,NR-No Report
26-006352,2026-03-14 16:29:45.000,11,SAT,14,16,B,DAY,LATE,EMS,UNKNOWN MEDICAL ALS 1,1,NOT CAPTURED,"PEREZ, CARLOS",Automatic Dispatch,2026-03-14 16:29:45.000,2026-03-14 16:30:49.000,2026-03-14 16:29:45.000,0,NULL,0,2026-03-14 16:29:48.423,3,3,0,2026-03-14 16:29:45.000,0,0,0,2026-03-14 16:30:38.393,3,2,1,2026-03-14 16:30:38.393,50,49,1,2026-03-14 16:33:36.343,178,177,1,2026-03-14 16:41:55.490,2026-03-14 16:42:21.733,0,NULL,2026-03-14 16:42:21.873,756,755,1,UNDEFINED
26-019675,2026-03-14 16:36:48.000,11,SAT,14,16,B,DAY,LATE,POLICE,ANIMAL COMPLAINT,4,E-911,"BRYANT, THEO","LEWIS, LESLIE",2026-03-14 16:36:48.000,2026-03-14 16:41:23.000,2026-03-14 16:40:45.000,237,237,0,2026-03-14 16:42:15.303,90,90,0,2026-03-14 16:40:49.000,241,241,0,2026-03-14 16:42:17.983,327,327,0,2026-03-14 16:42:17.983,2,2,0,2026-03-14 17:08:21.543,1564,1563,1,2026-03-14 17:08:58.737,2026-03-14 17:08:58.737,0,NULL,2026-03-14 17:08:58.790,1930,1930,0,ACOR-Animal Control Report
26-019678,2026-03-14 16:51:36.000,11,SAT,14,16,B,DAY,LATE,POLICE,MVC HIT/RUN NO INJURY,2,E-911,"COOPER, KAKILA","LEWIS, LESLIE",2026-03-14 16:51:36.000,2026-03-14 16:53:11.000,2026-03-14 16:52:40.000,64,64,0,2026-03-14 17:31:06.450,2306,2306,0,2026-03-14 16:54:46.000,190,190,0,2026-03-14 17:31:11.533,2370,2370,0,2026-03-14 17:31:11.533,5,5,0,2026-03-14 17:46:54.680,943,943,0,2026-03-14 18:25:01.917,2026-03-14 18:25:01.917,0,NULL,2026-03-14 18:25:02.010,5605,5605,0,NR-No Report
26-019679,2026-03-14 16:58:57.000,11,SAT,14,16,B,DAY,LATE,POLICE,ANIMAL SICK-INJURED,2,Phone,"PEREZ, CARLOS","LEWIS, LESLIE",2026-03-14 16:58:55.000,2026-03-14 17:00:26.000,2026-03-14 17:00:00.000,65,63,2,2026-03-14 17:00:39.393,39,39,0,2026-03-14 17:00:01.000,66,64,2,2026-03-14 17:01:55.977,104,104,0,2026-03-14 17:01:55.977,76,2,74,2026-03-14 17:01:55.977,0,0,0,2026-03-14 17:02:01.730,2026-03-14 17:02:01.730,0,NULL,2026-03-14 17:02:01.807,186,186,0,ACOR-Animal Control Report
26-019681,2026-03-14 17:04:32.000,11,SAT,14,17,B,DAY,LATE,POLICE,OFF DUTY DETAIL,8,OFFICER,"BROWN, BRIDGET C",NULL,2026-03-14 17:04:32.000,2026-03-14 18:50:14.000,2026-03-14 17:04:32.000,0,1,-1,2026-03-14 17:04:32.000,0,0,0,2026-03-14 17:04:32.000,0,NULL,0,2026-03-14 17:04:32.000,0,0,0,2026-03-14 17:04:32.000,0,0,0,2026-03-14 17:04:32.000,0,0,0,2026-03-14 19:47:02.880,2026-03-14 20:00:10.987,0,NULL,2026-03-14 20:00:11.057,10538,10538,0,NR-No Report
26-019684,2026-03-14 17:21:41.000,11,SAT,14,17,B,DAY,LATE,POLICE,MISSING PERSON IMMEDIATE,2,E-911,"PEREZ, CARLOS",NULL,2026-03-14 17:21:41.000,2026-03-14 17:36:05.000,2026-03-14 17:35:59.000,858,858,0,2026-03-14 17:36:19.970,20,20,0,2026-03-14 17:39:32.000,1071,1071,0,2026-03-14 17:36:21.920,878,878,0,2026-03-14 17:36:21.920,2,1,1,2026-03-14 18:19:51.957,2610,2610,0,2026-03-14 22:14:53.617,2026-03-14 22:14:53.610,0,NULL,2026-03-14 22:14:53.610,17592,17592,0,NR-No Report
26-019683,2026-03-14 17:23:15.000,11,SAT,14,17,B,DAY,LATE,POLICE,DISORDERLY CONDUCT,2,OFFICER,"LEWIS, LESLIE","LEWIS, LESLIE",2026-03-14 17:23:12.000,2026-03-14 17:23:59.000,2026-03-14 17:23:56.000,44,41,3,2026-03-14 17:24:06.377,10,10,0,2026-03-14 17:23:56.000,44,NULL,44,2026-03-14 17:24:12.997,54,54,0,2026-03-14 17:24:12.997,6,3,3,NULL,NULL,-9999,NULL,2026-03-14 17:25:00.667,2026-03-14 17:25:04.733,0,NULL,2026-03-14 17:25:04.753,112,112,0,NR-No Report
26-006354,2026-03-14 17:33:06.807,11,SAT,14,17,B,DAY,LATE,EMS,MUTUAL ALS,1,C2C,CAD to CAD Service 1,CAD to CAD Service 1,2026-03-14 17:32:20.000,2026-03-14 17:35:31.000,2026-03-14 17:33:07.340,47,0,47,2026-03-14 17:33:07.403,0,0,0,NULL,NULL,NULL,NULL,2026-03-14 17:34:13.500,47,-9999,10046,2026-03-14 17:34:13.500,66,66,0,2026-03-14 17:39:33.227,320,319,1,2026-03-14 17:57:17.873,2026-03-14 18:16:59.627,0,NULL,2026-03-14 18:16:59.753,2679,2679,0,UNDEFINED
26-019685,2026-03-14 17:37:56.000,11,SAT,14,17,B,DAY,LATE,POLICE,OFF DUTY DETAIL,8,OFFICER,"LEWIS, LESLIE","LEWIS, LESLIE",2026-03-14 17:37:54.000,2026-03-14 22:27:26.000,2026-03-14 17:38:07.000,13,11,2,2026-03-14 17:38:59.900,52,52,0,2026-03-14 17:38:51.000,57,55,2,2026-03-14 17:39:03.390,65,65,0,2026-03-14 17:39:03.390,4,3,1,2026-03-14 17:39:03.390,0,0,0,2026-03-14 22:27:35.357,2026-03-14 22:27:35.357,0,NULL,2026-03-14 22:27:35.407,17381,17381,0,NR-No Report
26-019687,2026-03-14 17:40:03.000,11,SAT,14,17,B,DAY,LATE,POLICE,DOMESTIC VIOL NO INJ,2,E-911,"PEREZ, CARLOS",NULL,2026-03-14 17:40:02.000,2026-03-14 17:41:04.000,2026-03-14 17:40:50.000,48,47,1,2026-03-14 17:41:42.497,52,52,0,2026-03-14 17:45:58.000,356,355,1,2026-03-14 17:41:47.403,100,100,0,2026-03-14 17:41:47.403,5,4,1,2026-03-14 17:49:40.823,473,473,0,2026-03-14 17:42:18.960,2026-03-14 18:03:12.887,0,NULL,2026-03-14 18:03:12.947,1390,1390,0,NR-No Report
26-006355,2026-03-14 17:42:42.000,11,SAT,14,17,B,DAY,LATE,EMS,UNCONSCIOUS ALS 2,1,E-911,"BRYANT, THEO",Automatic Dispatch,2026-03-14 17:42:40.000,2026-03-14 17:44:46.000,2026-03-14 17:44:18.000,98,96,2,2026-03-14 17:44:21.913,3,3,0,2026-03-14 17:46:21.000,221,219,2,2026-03-14 17:45:19.440,101,101,0,2026-03-14 17:45:19.440,58,57,1,2026-03-14 17:47:48.870,149,149,0,2026-03-14 17:50:29.740,2026-03-14 18:16:20.943,0,NULL,2026-03-14 18:16:21.237,2020,2020,0,UNDEFINED
26-019688,2026-03-14 17:45:39.157,11,SAT,14,17,B,DAY,LATE,POLICE,ASSIST FIRE - IMMEDIATE,2,NOT CAPTURED,"BRYANT, THEO","LEWIS, LESLIE",2026-03-14 17:45:39.157,2026-03-14 17:49:03.000,2026-03-14 17:45:39.157,0,0,0,2026-03-14 17:50:20.947,281,281,0,2026-03-14 17:45:39.157,0,NULL,0,2026-03-14 17:50:26.563,281,281,0,2026-03-14 17:50:26.563,6,5,1,2026-03-14 17:58:42.443,496,495,1,2026-03-14 17:51:39.040,2026-03-14 18:26:22.333,0,NULL,2026-03-14 18:26:22.333,2443,2443,0,NR-No Report
26-019689,2026-03-14 17:52:15.000,11,SAT,14,17,B,DAY,LATE,POLICE,OFF DUTY DETAIL,8,OFFICER,"PAULINO, GUSTAVO A",NULL,2026-03-14 17:52:15.000,NULL,2026-03-14 17:52:15.000,0,1,-1,2026-03-14 17:52:15.000,0,0,0,2026-03-14 17:52:15.000,0,NULL,0,2026-03-14 17:52:15.000,0,0,0,2026-03-14 17:52:15.000,0,0,0,2026-03-14 17:52:15.000,0,0,0,2026-03-14 18:01:41.427,2026-03-14 18:01:41.427,0,NULL,2026-03-14 18:01:41.513,566,566,0,NR-No Report
26-006356,2026-03-14 17:55:14.000,11,SAT,14,17,B,DAY,LATE,EMS,TROUBLE BREATHING ALS 1,1,E-911,"PEREZ, CARLOS",Automatic Dispatch,2026-03-14 17:55:14.000,2026-03-14 17:56:58.000,2026-03-14 17:56:30.000,76,76,0,2026-03-14 17:56:33.430,3,3,0,2026-03-14 17:58:06.000,172,172,0,2026-03-14 17:57:36.547,79,79,0,2026-03-14 17:57:36.547,63,63,0,2026-03-14 18:02:56.853,320,320,0,2026-03-14 18:15:47.540,2026-03-14 19:10:06.017,0,NULL,2026-03-14 19:10:06.130,4492,4492,0,UNDEFINED
26-019690,2026-03-14 18:02:12.000,11,SAT,14,18,B,DAY,EARLY,POLICE,OFF DUTY DETAIL,8,OFFICER,"PAULINO, GUSTAVO A",NULL,2026-03-14 18:02:12.000,2026-03-14 18:50:28.000,2026-03-14 18:02:12.000,0,1,-1,2026-03-14 18:02:12.000,0,0,0,2026-03-14 18:02:12.000,0,NULL,0,2026-03-14 18:02:12.000,0,0,0,2026-03-14 18:02:12.000,0,0,0,2026-03-14 18:02:12.000,0,0,0,2026-03-14 22:12:33.003,2026-03-14 22:12:33.003,0,NULL,2026-03-14 22:12:33.140,15021,15021,0,NR-No Report
26-006357,2026-03-14 18:02:39.423,11,SAT,14,18,B,DAY,EARLY,FIRE,MUTUAL PUBLIC SERVICE,1,C2C,CAD to CAD Service 1,CAD to CAD Service 1,2026-03-14 18:00:41.000,2026-03-14 18:09:38.000,2026-03-14 18:02:40.003,119,0,119,2026-03-14 18:02:40.097,0,0,0,NULL,NULL,NULL,NULL,2026-03-14 18:03:12.560,119,486,-367,2026-03-14 18:03:12.560,32,32,0,2026-03-14 18:10:58.750,466,466,0,2026-03-14 18:21:30.367,2026-03-14 18:31:12.390,0,NULL,2026-03-14 18:31:12.423,1831,1831,0,UNDEFINED
26-019693,2026-03-14 18:08:32.000,11,SAT,14,18,B,DAY,EARLY,POLICE,SUICIDE IN PROG NO INJ,1,Phone,"LEWIS, LESLIE","GRAVES, CHRISTINA",2026-03-14 18:08:30.000,2026-03-14 18:12:03.000,2026-03-14 18:12:00.000,210,208,2,2026-03-14 18:12:29.397,29,29,0,2026-03-14 18:24:19.000,949,947,2,2026-03-14 18:12:33.933,239,239,0,2026-03-14 18:12:33.933,4,4,0,2026-03-14 18:14:54.250,141,140,1,2026-03-14 18:14:42.400,2026-03-14 19:21:23.317,0,NULL,2026-03-14 19:21:23.383,4373,4373,0,NR-No Report
26-019694,2026-03-14 18:10:25.000,11,SAT,14,18,B,DAY,EARLY,POLICE,WALK IN HQ LOBBY,3,Phone,"WILLIAMS, DARNELL","GRAVES, CHRISTINA",2026-03-14 18:10:23.000,NULL,2026-03-14 18:13:33.000,190,188,2,2026-03-14 18:18:22.000,289,288,1,2026-03-14 18:32:54.000,1351,1349,2,2026-03-14 18:19:58.580,479,478,1,2026-03-14 18:19:58.580,96,0,96,2026-03-14 18:31:19.240,681,680,1,2026-03-14 19:07:20.167,2026-03-14 19:07:20.167,1,2026-03-14 19:11:38.593,2026-03-14 19:19:03.433,3417,4120,-703,NR-No Report
26-019695,2026-03-14 18:14:21.000,11,SAT,14,18,B,DAY,EARLY,POLICE,ASSIST CITIZEN DELAY,4,Phone,"PICKERAL, LAUREN","GRAVES, CHRISTINA",2026-03-14 18:14:18.000,2026-03-14 18:17:10.000,2026-03-14 18:15:27.000,69,66,3,2026-03-14 19:00:13.897,2686,2686,0,2026-03-14 18:17:05.000,167,164,3,2026-03-14 19:00:19.260,2755,2755,0,2026-03-14 19:00:19.260,6,5,1,2026-03-14 19:10:14.750,595,595,0,2026-03-14 19:14:03.040,2026-03-14 19:14:03.040,0,NULL,2026-03-14 19:14:03.047,3585,3585,0,NR-No Report
26-006358,2026-03-14 18:30:18.107,11,SAT,14,18,B,DAY,EARLY,EMS,BLS EMERGENCY,3,NOT CAPTURED,"GRAVES, CHRISTINA",Automatic Dispatch,2026-03-14 18:30:18.107,2026-03-14 18:31:18.000,2026-03-14 18:30:18.107,0,1,-1,2026-03-14 18:30:20.973,2,2,0,2026-03-14 18:30:18.107,0,NULL,0,2026-03-14 18:31:01.377,2,2,0,2026-03-14 18:31:01.377,41,40,1,2026-03-14 18:33:25.267,144,143,1,2026-03-14 19:11:43.807,2026-03-14 19:11:43.807,0,NULL,2026-03-14 19:11:43.900,2485,2485,0,UNDEFINED
26-006359,2026-03-14 18:34:57.000,11,SAT,14,18,B,DAY,EARLY,EMS,TROUBLE BREATHING ALS 1,1,E-911,"PICKERAL, LAUREN",Automatic Dispatch,2026-03-14 18:34:57.000,2026-03-14 18:36:08.000,2026-03-14 18:35:40.000,43,43,0,2026-03-14 18:35:42.947,2,2,0,2026-03-14 18:37:36.000,159,159,0,2026-03-14 18:36:31.033,45,45,0,2026-03-14 18:36:31.033,49,48,1,2026-03-14 18:43:18.287,407,407,0,2026-03-14 18:58:35.487,2026-03-14 20:05:17.133,0,NULL,2026-03-14 20:05:17.190,5420,5420,0,UNDEFINED
26-019697,2026-03-14 18:37:45.000,11,SAT,14,18,B,DAY,EARLY,POLICE,DISORDERLY CONDUCT,2,Phone,"PICKERAL, LAUREN","GRAVES, CHRISTINA",2026-03-14 18:37:44.000,2026-03-14 18:39:25.000,2026-03-14 18:37:56.000,12,11,1,2026-03-14 18:39:40.637,104,104,0,2026-03-14 18:39:26.000,102,101,1,2026-03-14 18:39:42.787,116,116,0,2026-03-14 18:39:42.787,2,2,0,2026-03-14 18:46:28.917,406,406,0,2026-03-14 18:53:20.603,2026-03-14 18:54:25.337,0,NULL,2026-03-14 18:54:25.403,1001,1001,0,NR-No Report
26-019702,2026-03-14 18:49:34.000,11,SAT,14,18,B,DAY,EARLY,POLICE,OFF DUTY DETAIL,8,OFFICER,"REEVE, DANIEL",NULL,2026-03-14 18:49:34.000,2026-03-14 18:50:42.000,2026-03-14 18:49:34.000,0,1,-1,2026-03-14 18:49:34.000,0,0,0,2026-03-14 18:49:34.000,0,NULL,0,2026-03-14 18:49:34.000,0,0,0,2026-03-14 18:49:34.000,0,0,0,2026-03-14 18:49:34.000,0,0,0,2026-03-15 00:02:52.353,2026-03-15 01:09:48.017,0,NULL,2026-03-15 01:09:48.367,22814,22814,0,NR-No Report
26-019703,2026-03-14 18:49:55.000,11,SAT,14,18,B,DAY,EARLY,POLICE,DISORDERLY CONDUCT,2,E-911,"LEWIS, LESLIE","GRAVES, CHRISTINA",2026-03-14 18:49:54.000,2026-03-14 18:50:55.000,2026-03-14 18:50:45.000,51,50,1,2026-03-14 18:59:27.557,522,522,0,2026-03-14 18:51:16.000,82,81,1,2026-03-14 18:59:31.907,573,573,0,2026-03-14 18:59:31.907,4,4,0,2026-03-14 18:59:31.907,0,0,0,2026-03-14 19:06:32.993,2026-03-14 19:06:32.993,0,NULL,2026-03-14 19:06:33.097,998,998,0,NR-No Report
26-006360,2026-03-14 18:50:04.223,11,SAT,14,18,B,DAY,EARLY,EMS,MUTUAL BLS,1,C2C,CAD to CAD Service 1,CAD to CAD Service 1,2026-03-14 18:49:32.000,2026-03-14 18:50:20.000,2026-03-14 18:50:04.927,32,0,32,2026-03-14 18:50:04.987,0,0,0,NULL,NULL,NULL,NULL,2026-03-14 18:50:58.413,32,49,-17,2026-03-14 18:50:58.413,54,37,17,NULL,NULL,-9999,NULL,2026-03-14 18:52:50.897,2026-03-14 18:53:28.900,0,NULL,2026-03-14 18:53:28.927,236,236,0,UNDEFINED
26-006362,2026-03-14 18:51:08.000,11,SAT,14,18,B,DAY,EARLY,FIRE,GAS LEAK - OUTSIDE,2,E-911,"PICKERAL, LAUREN",Automatic Dispatch,2026-03-14 18:51:08.000,2026-03-14 18:52:14.000,2026-03-14 18:52:08.000,60,60,0,2026-03-14 18:52:10.493,2,2,0,2026-03-14 18:52:10.000,62,62,0,2026-03-14 18:53:20.883,62,62,0,2026-03-14 18:53:20.883,70,70,0,2026-03-14 18:57:15.713,235,234,1,2026-03-14 19:15:46.987,2026-03-14 19:51:42.387,0,NULL,2026-03-14 19:51:42.557,3634,3634,0,UNDEFINED
26-019704,2026-03-14 18:51:23.000,11,SAT,14,18,B,DAY,EARLY,POLICE,ASSAULT MINOR INJ IN PROG,2,E-911,"LEWIS, LESLIE","GRAVES, CHRISTINA",2026-03-14 18:51:22.000,2026-03-14 18:52:10.000,2026-03-14 18:51:59.000,37,36,1,2026-03-14 18:52:18.520,19,19,0,2026-03-14 18:54:11.000,169,168,1,2026-03-14 18:52:22.207,56,56,0,2026-03-14 18:52:22.207,4,3,1,2026-03-14 18:56:57.330,275,275,0,2026-03-14 18:54:36.047,2026-03-14 20:28:44.877,0,NULL,2026-03-14 20:28:45.013,5842,5842,0,RE-Report
26-006361,2026-03-14 18:51:59.000,11,SAT,14,18,B,DAY,EARLY,EMS,ASSAULT ALS 1,3,NOT CAPTURED,"LEWIS, LESLIE",Automatic Dispatch,2026-03-14 18:51:59.000,2026-03-14 18:52:06.000,2026-03-14 18:51:59.000,0,NULL,0,2026-03-14 18:52:02.133,3,3,0,2026-03-14 18:51:59.000,0,0,0,2026-03-14 18:52:54.297,3,3,0,2026-03-14 18:52:54.297,52,52,0,2026-03-14 18:58:02.547,308,308,0,2026-03-14 19:01:23.560,2026-03-14 19:08:07.133,0,NULL,2026-03-14 19:08:07.363,968,968,0,UNDEFINED
26-006363,2026-03-14 18:55:16.000,11,SAT,14,18,B,DAY,EARLY,EMS,BACK PAIN BLS,3,E-911,"PICKERAL, LAUREN",Automatic Dispatch,2026-03-14 18:55:16.000,2026-03-14 18:57:00.000,2026-03-14 18:56:45.000,89,89,0,2026-03-14 18:56:47.907,2,2,0,2026-03-14 19:01:22.000,366,366,0,2026-03-14 18:57:38.220,91,91,0,2026-03-14 18:57:38.220,51,50,1,2026-03-14 19:03:02.580,324,324,0,2026-03-14 19:14:30.583,2026-03-14 20:25:45.513,0,NULL,2026-03-14 20:25:45.700,5429,5429,0,CAD2CAD
26-006364,2026-03-14 19:04:54.000,11,SAT,14,19,D,NIGHT,EARLY,EMS,BLS EMERGENCY,3,E-911,"WILLIAMS, DARNELL",Automatic Dispatch,2026-03-14 19:04:51.000,2026-03-14 19:05:40.000,2026-03-14 19:05:12.000,21,18,3,2026-03-14 19:05:14.840,2,2,0,2026-03-14 19:06:05.000,74,71,3,2026-03-14 19:06:41.157,23,23,0,2026-03-14 19:06:41.157,87,86,1,2026-03-14 19:13:37.477,416,416,0,2026-03-14 19:47:19.080,2026-03-14 19:47:19.080,0,NULL,2026-03-14 19:47:19.173,2548,2548,0,UNDEFINED
26-019709,2026-03-14 19:16:31.000,11,SAT,14,19,D,NIGHT,EARLY,POLICE,FIGHT NO WEAPONS,1,Phone,"LEWIS, LESLIE","GRAVES, CHRISTINA",2026-03-14 19:16:29.000,2026-03-14 19:18:08.000,2026-03-14 19:18:03.000,94,92,2,2026-03-14 19:18:40.633,37,37,0,2026-03-14 19:21:16.000,287,285,2,2026-03-14 19:18:43.897,131,131,0,2026-03-14 19:18:43.897,3,3,0,2026-03-14 19:22:21.330,218,217,1,2026-03-14 19:19:43.460,2026-03-14 19:27:25.610,0,NULL,2026-03-14 19:27:25.643,656,656,0,NR-No Report
26-019710,2026-03-14 19:17:57.000,11,SAT,14,19,D,NIGHT,EARLY,POLICE,DOMESTIC VIOL NO INJ,1,E-911,"WILLIAMS, DARNELL","GRAVES, CHRISTINA",2026-03-14 19:17:57.000,2026-03-14 19:19:04.000,2026-03-14 19:18:34.000,37,37,0,2026-03-14 19:20:30.737,116,116,0,2026-03-14 19:24:02.000,365,365,0,2026-03-14 19:20:33.967,153,153,0,2026-03-14 19:20:33.967,3,3,0,2026-03-14 19:23:57.357,204,203,1,2026-03-14 19:45:30.067,2026-03-14 20:09:59.373,0,NULL,2026-03-14 20:09:59.387,3122,3122,0,NR-No Report
26-019713,2026-03-14 19:28:24.000,11,SAT,14,19,D,NIGHT,EARLY,POLICE,TRAFFIC STOP,2,OFFICER,"JOHNSON, TIAZ J.",NULL,2026-03-14 19:28:24.000,2026-03-14 19:28:35.000,2026-03-14 19:28:24.000,0,1,-1,2026-03-14 19:28:24.000,0,0,0,2026-03-14 19:28:24.000,0,NULL,0,2026-03-14 19:28:24.000,0,0,0,2026-03-14 19:28:24.000,0,0,0,2026-03-14 19:28:24.000,0,0,0,2026-03-14 19:55:00.313,2026-03-14 19:55:00.313,0,NULL,2026-03-14 19:55:00.570,1596,1596,0,CI-Citation
26-019714,2026-03-14 19:30:20.000,11,SAT,14,19,D,NIGHT,EARLY,POLICE,DOMESTIC VIOL NO INJ,2,Phone,"WILLIAMS, DARNELL",NULL,2026-03-14 19:30:17.000,2026-03-14 19:31:28.000,2026-03-14 19:30:53.000,36,33,3,2026-03-14 19:33:23.287,150,150,0,2026-03-14 19:34:10.000,233,230,3,2026-03-14 19:33:28.050,186,186,0,2026-03-14 19:33:28.050,5,4,1,2026-03-14 19:34:18.403,50,50,0,2026-03-14 20:10:53.243,2026-03-14 21:52:23.310,0,NULL,2026-03-14 21:52:23.367,8526,8526,0,RE-Report
26-019715,2026-03-14 19:40:30.000,11,SAT,14,19,D,NIGHT,EARLY,POLICE,TRNSPORT PRISONER MENTAL CASE,4,Radio,"GRAVES, CHRISTINA","GRAVES, CHRISTINA",2026-03-14 19:40:29.000,2026-03-14 20:26:20.000,2026-03-14 19:40:52.000,23,22,1,2026-03-14 19:41:09.273,17,17,0,2026-03-14 19:41:11.000,42,41,1,2026-03-14 19:41:09.337,40,40,0,2026-03-14 19:41:09.337,0,0,0,2026-03-14 20:06:46.823,1537,1537,0,2026-03-14 20:56:54.333,2026-03-14 20:56:54.333,0,NULL,2026-03-14 20:56:54.393,4585,4585,0,NR-No Report
26-006365,2026-03-14 19:40:46.000,11,SAT,14,19,D,NIGHT,EARLY,FIRE,GAS LEAK - OUTSIDE,2,E-911,"PICKERAL, LAUREN","MACK, BRIANA",2026-03-14 19:40:45.000,2026-03-14 19:42:17.000,2026-03-14 19:41:58.000,73,72,1,2026-03-14 19:42:00.720,2,2,0,2026-03-14 19:43:16.000,151,150,1,2026-03-14 19:43:07.730,75,75,0,2026-03-14 19:43:07.730,67,67,0,2026-03-14 19:46:54.450,227,226,1,2026-03-14 19:50:52.630,2026-03-14 20:56:55.900,0,NULL,2026-03-14 20:56:56.203,4570,4570,0,UNDEFINED
26-006366,2026-03-14 19:55:39.000,11,SAT,14,19,D,NIGHT,EARLY,FIRE,GAS LEAK - OUTSIDE,2,Phone,"WILLIAMS, DARNELL","MACK, BRIANA",2026-03-14 19:55:38.000,2026-03-14 19:55:57.000,2026-03-14 19:55:52.000,14,13,1,2026-03-14 19:55:54.223,2,2,0,2026-03-14 19:57:37.000,119,118,1,2026-03-14 19:56:06.243,16,16,0,2026-03-14 19:56:06.243,12,12,0,2026-03-14 19:59:34.557,208,208,0,2026-03-14 19:59:42.807,2026-03-14 20:17:12.400,0,NULL,2026-03-14 20:17:12.657,1294,1294,0,UNDEFINED
26-019717,2026-03-14 19:56:26.000,11,SAT,14,19,D,NIGHT,EARLY,POLICE,PARKING COMPLAINT,4,Phone,"PICKERAL, LAUREN",NULL,2026-03-14 19:56:24.000,2026-03-14 19:57:19.000,2026-03-14 19:57:02.000,38,36,2,2026-03-14 20:03:38.873,396,396,0,2026-03-14 19:57:06.000,42,40,2,2026-03-14 20:03:38.873,434,434,0,2026-03-14 20:03:38.873,0,0,0,2026-03-14 20:03:42.380,4,3,1,2026-03-14 20:50:18.987,2026-03-14 20:50:18.987,0,NULL,2026-03-14 20:50:20.070,3234,3234,0,CI-Citation
26-019718,2026-03-14 19:59:51.000,11,SAT,14,19,D,NIGHT,EARLY,POLICE,PUBLIC SERVICE MULTI OFFICER,4,E-911,"PRIESTLY, SHAVAUGHN","GRAVES, CHRISTINA",2026-03-14 19:59:51.000,2026-03-14 20:08:46.000,2026-03-14 20:00:49.000,58,58,0,2026-03-14 20:11:07.953,618,618,0,2026-03-14 20:39:47.000,2396,2396,0,2026-03-14 20:11:08.067,676,676,0,2026-03-14 20:11:08.067,1,0,1,2026-03-14 20:16:03.860,295,295,0,2026-03-14 20:41:55.890,2026-03-14 21:02:36.880,0,NULL,2026-03-14 21:02:36.940,3765,3765,0,NR-No Report
26-019719,2026-03-14 20:02:03.000,11,SAT,14,20,D,NIGHT,EARLY,POLICE,TRAFFIC STOP,2,OFFICER,"GRAVES, CHRISTINA","GRAVES, CHRISTINA",2026-03-14 20:02:03.000,2026-03-14 20:02:10.000,2026-03-14 20:02:03.000,0,0,0,2026-03-14 20:02:03.000,0,0,0,2026-03-14 20:02:03.000,0,0,0,2026-03-14 20:02:16.387,0,0,0,2026-03-14 20:02:03.000,0,0,0,2026-03-14 20:02:03.000,0,0,0,2026-03-14 20:06:11.790,2026-03-14 20:13:50.913,0,NULL,2026-03-14 20:13:50.917,707,707,0,NR-No Report
26-019720,2026-03-14 20:10:56.000,11,SAT,14,20,D,NIGHT,EARLY,POLICE,DWI - DRUNK/INTOX DRIVER,2,E-911,"WILLIAMS, DARNELL","PRIESTLY, SHAVAUGHN",2026-03-14 20:10:56.000,2026-03-14 20:11:23.000,2026-03-14 20:11:18.000,22,22,0,2026-03-14 20:11:56.677,38,38,0,2026-03-14 20:16:28.000,332,332,0,2026-03-14 20:11:59.223,60,60,0,2026-03-14 20:11:59.223,3,2,1,2026-03-14 20:19:18.873,439,439,0,2026-03-14 20:18:12.903,2026-03-14 23:45:23.787,0,NULL,2026-03-14 23:45:23.887,12867,12867,0,RE-Report
26-006367,2026-03-14 20:16:01.780,11,SAT,14,20,D,NIGHT,EARLY,FIRE,MUTUAL GAS LEAK,1,C2C,CAD to CAD Service 1,CAD to CAD Service 1,2026-03-14 20:13:42.000,NULL,2026-03-14 20:16:03.530,141,0,141,2026-03-14 20:16:03.873,0,0,0,NULL,NULL,NULL,NULL,2026-03-14 20:16:30.893,141,444,-303,2026-03-14 20:16:30.893,27,18,9,2026-03-14 20:19:34.057,184,183,1,2026-03-14 20:21:07.637,2026-03-14 20:39:50.817,0,NULL,2026-03-14 20:39:51.103,1568,1568,0,UNDEFINED
26-006368,2026-03-14 20:18:41.000,11,SAT,14,20,D,NIGHT,EARLY,FIRE,GAS LEAK - INSIDE,1,E-911,"WILLIAMS, DARNELL",Automatic Dispatch,2026-03-14 20:18:40.000,2026-03-14 20:21:59.000,2026-03-14 20:19:24.000,44,43,1,2026-03-14 20:19:27.327,3,3,0,2026-03-14 20:21:16.000,156,155,1,2026-03-14 20:20:19.693,47,47,0,2026-03-14 20:20:19.693,52,52,0,2026-03-14 20:23:31.303,192,191,1,2026-03-14 20:26:48.190,2026-03-14 20:33:50.433,0,NULL,2026-03-14 20:33:50.647,910,910,0,UNDEFINED
26-019723,2026-03-14 20:19:58.000,11,SAT,14,20,D,NIGHT,EARLY,POLICE,ANIMAL COMPLAINT,4,Phone,"LEWIS, LESLIE","LEWIS, LESLIE",2026-03-14 20:19:56.000,NULL,2026-03-14 20:23:41.000,225,223,2,2026-03-14 20:24:48.280,67,67,0,2026-03-14 20:24:27.000,271,269,2,2026-03-14 20:24:48.350,292,292,0,2026-03-14 20:24:48.350,0,0,0,2026-03-14 20:24:48.430,0,0,0,2026-03-14 20:24:55.847,2026-03-14 20:24:55.847,0,NULL,2026-03-14 20:24:55.880,299,299,0,ACOR-Animal Control Report
26-019725,2026-03-14 20:26:55.000,11,SAT,14,20,D,NIGHT,EARLY,POLICE,TROUBLE UNKNOWN EMS,2,E-911,"WILLIAMS, DARNELL","GRAVES, CHRISTINA",2026-03-14 20:26:54.000,2026-03-14 20:29:16.000,2026-03-14 20:27:45.000,51,50,1,2026-03-14 20:32:45.043,300,300,0,2026-03-14 20:33:53.000,419,418,1,2026-03-14 20:33:16.693,351,351,0,2026-03-14 20:33:16.693,31,31,0,2026-03-14 20:40:15.103,419,418,1,2026-03-14 21:53:15.293,2026-03-14 21:53:15.293,0,NULL,2026-03-14 21:53:15.343,5181,5181,0,NR-No Report
26-006369,2026-03-14 20:27:45.000,11,SAT,14,20,D,NIGHT,EARLY,EMS,UNKNOWN MEDICAL ALS 1,1,NOT CAPTURED,"WILLIAMS, DARNELL",Automatic Dispatch,2026-03-14 20:27:45.000,2026-03-14 20:27:50.000,2026-03-14 20:27:45.000,0,NULL,0,2026-03-14 20:27:48.030,3,3,0,2026-03-14 20:27:45.000,0,0,0,2026-03-14 20:28:51.173,3,3,0,2026-03-14 20:28:51.173,63,63,0,2026-03-14 20:33:38.557,287,287,0,2026-03-14 21:14:50.897,2026-03-14 21:39:01.527,0,NULL,2026-03-14 21:39:01.813,4276,4276,0,UNDEFINED
26-019728,2026-03-14 20:52:57.000,11,SAT,14,20,D,NIGHT,EARLY,POLICE,DOMESTIC VIOL NO INJ,2,Phone,"PICKERAL, LAUREN","GRAVES, CHRISTINA",2026-03-14 20:52:56.000,2026-03-14 20:54:00.000,2026-03-14 20:53:27.000,31,30,1,2026-03-14 20:54:31.940,64,64,0,2026-03-14 20:56:26.000,210,209,1,2026-03-14 20:54:37.487,95,95,0,2026-03-14 20:54:37.487,6,5,1,2026-03-14 20:59:46.613,309,309,0,2026-03-14 21:28:47.630,2026-03-14 22:21:13.527,0,NULL,2026-03-14 22:21:13.617,5297,5297,0,RE-Report
26-006370,2026-03-14 20:56:18.000,11,SAT,14,20,D,NIGHT,EARLY,EMS,SEIZURE ALS 1,1,Phone,"LEWIS, LESLIE",Automatic Dispatch,2026-03-14 20:56:18.000,2026-03-14 20:57:04.000,2026-03-14 20:56:38.000,20,20,0,2026-03-14 20:56:41.733,3,3,0,2026-03-14 20:58:06.000,108,108,0,2026-03-14 20:57:30.167,23,23,0,2026-03-14 20:57:30.167,49,48,1,2026-03-14 20:59:38.220,128,128,0,2026-03-14 21:22:57.850,2026-03-14 21:23:52.053,0,NULL,2026-03-14 21:23:52.217,1654,1654,0,UNDEFINED
26-019729,2026-03-14 21:03:36.000,11,SAT,14,21,D,NIGHT,EARLY,POLICE,TRAFFIC STOP,2,OFFICER,"RAHIM, AHMAD",NULL,2026-03-14 21:03:36.000,2026-03-14 21:03:48.000,2026-03-14 21:03:36.000,0,1,-1,2026-03-14 21:03:36.000,0,0,0,2026-03-14 21:03:36.000,0,NULL,0,2026-03-14 21:03:36.000,0,0,0,2026-03-14 21:03:36.000,0,0,0,2026-03-14 21:03:36.000,0,0,0,2026-03-14 21:26:51.093,2026-03-14 21:26:51.093,0,NULL,2026-03-14 21:26:51.177,1395,1395,0,NR-No Report
26-019731,2026-03-14 21:14:07.000,11,SAT,14,21,D,NIGHT,EARLY,POLICE,MVC PROPERTY DAMAGE,2,E-911,"LEWIS, LESLIE","GRAVES, CHRISTINA",2026-03-14 21:14:06.000,2026-03-14 21:17:45.000,2026-03-14 21:17:41.000,215,214,1,2026-03-14 21:28:23.137,642,642,0,2026-03-14 21:23:52.000,586,585,1,2026-03-14 21:28:42.783,857,857,0,2026-03-14 21:28:42.783,19,19,0,2026-03-14 21:33:44.877,302,302,0,2026-03-14 21:29:29.567,2026-03-14 21:47:27.807,0,NULL,2026-03-14 21:47:27.957,2001,2001,0,NR-No Report
26-006371,2026-03-14 21:24:08.000,11,SAT,14,21,D,NIGHT,EARLY,FIRE,ELEVATOR,3,Phone,"LEWIS, LESLIE",Automatic Dispatch,2026-03-14 21:24:07.000,2026-03-14 21:25:49.000,2026-03-14 21:24:24.000,17,16,1,2026-03-14 21:24:25.747,1,1,0,2026-03-14 21:25:30.000,83,82,1,2026-03-14 21:25:21.633,18,18,0,2026-03-14 21:25:21.633,56,55,1,NULL,NULL,-9999,NULL,2026-03-14 21:43:36.767,2026-03-14 21:43:36.767,0,NULL,2026-03-14 21:43:37.010,1169,1169,0,UNDEFINED
26-006372,2026-03-14 21:29:59.743,11,SAT,14,21,D,NIGHT,EARLY,EMS,MUTUAL CPR,1,C2C,CAD to CAD Service 1,CAD to CAD Service 1,2026-03-14 21:26:01.000,2026-03-14 22:13:29.000,2026-03-14 21:30:00.337,239,0,239,2026-03-14 21:30:00.417,0,0,0,NULL,NULL,NULL,NULL,2026-03-14 21:30:04.590,239,-9999,10238,2026-03-14 21:30:04.590,4,0,4,2026-03-14 21:30:59.630,55,55,0,2026-03-14 22:03:25.397,2026-03-14 22:23:10.480,0,NULL,2026-03-14 22:23:10.573,3429,3429,0,UNDEFINED
26-006373,2026-03-14 21:30:59.000,11,SAT,14,21,D,NIGHT,EARLY,EMS,UNCONSCIOUS ALS 2,1,E-911,"WILLIAMS, DARNELL",Automatic Dispatch,2026-03-14 21:30:58.000,2026-03-14 21:32:53.000,2026-03-14 21:31:24.000,26,25,1,2026-03-14 21:31:28.010,4,4,0,2026-03-14 21:33:13.000,135,134,1,2026-03-14 21:31:32.833,30,30,0,2026-03-14 21:31:32.833,4,4,0,2026-03-14 21:36:16.227,284,283,1,2026-03-14 21:40:19.100,2026-03-14 22:13:14.660,0,NULL,2026-03-14 22:13:14.783,2536,2536,0,UNDEFINED
26-019735,2026-03-14 21:40:53.000,11,SAT,14,21,D,NIGHT,EARLY,POLICE,DIP - DRUNK/INTOX PERSON,2,Phone,"LEWIS, LESLIE","GRAVES, CHRISTINA",2026-03-14 21:40:51.000,2026-03-14 21:43:44.000,2026-03-14 21:43:12.000,141,139,2,2026-03-14 21:53:56.823,644,644,0,2026-03-14 21:44:39.000,228,226,2,2026-03-14 21:53:56.960,785,785,0,2026-03-14 21:53:56.960,0,0,0,2026-03-14 21:55:38.743,102,101,1,2026-03-14 22:02:07.230,2026-03-14 22:02:07.230,0,NULL,2026-03-14 22:02:07.333,1276,1276,0,NR-No Report
26-006374,2026-03-14 21:41:05.000,11,SAT,14,21,D,NIGHT,EARLY,EMS,TROUBLE BREATHING ALS 1,1,E-911,"PICKERAL, LAUREN","MACK, BRIANA",2026-03-14 21:41:05.000,2026-03-14 21:43:39.000,2026-03-14 21:42:12.000,67,67,0,2026-03-14 21:42:15.063,3,3,0,2026-03-14 21:44:36.000,211,211,0,2026-03-14 21:43:33.987,70,70,0,2026-03-14 21:43:33.987,78,78,0,2026-03-14 21:44:59.623,86,85,1,2026-03-14 21:44:24.920,2026-03-14 22:44:20.787,0,NULL,2026-03-14 22:44:20.850,3795,3795,0,UNDEFINED
26-019737,2026-03-14 21:46:41.000,11,SAT,14,21,D,NIGHT,EARLY,POLICE,DOMESTIC VIOL NO INJ,2,Phone,"WILLIAMS, DARNELL","GRAVES, CHRISTINA",2026-03-14 21:46:40.000,2026-03-14 21:47:41.000,2026-03-14 21:46:58.000,18,17,1,2026-03-14 21:48:14.237,76,76,0,2026-03-14 21:54:21.000,461,460,1,2026-03-14 21:48:29.787,94,94,0,2026-03-14 21:48:29.787,15,15,0,NULL,NULL,-9999,NULL,2026-03-14 21:54:45.187,2026-03-14 21:54:45.187,0,NULL,2026-03-14 21:54:45.247,485,485,0,NR-No Report
26-019738,2026-03-14 21:48:28.000,11,SAT,14,21,D,NIGHT,EARLY,POLICE,DISORDERLY CONDUCT,2,E-911,"PICKERAL, LAUREN",NULL,2026-03-14 21:48:27.000,2026-03-14 21:49:31.000,2026-03-14 21:48:57.000,30,29,1,2026-03-14 22:05:07.077,970,970,0,2026-03-14 21:50:00.000,93,92,1,2026-03-14 22:05:17.147,1000,1000,0,2026-03-14 22:05:17.147,10,10,0,2026-03-14 22:11:47.647,390,390,0,2026-03-14 22:16:18.340,2026-03-14 22:55:45.997,0,NULL,2026-03-14 22:55:46.123,4038,4038,0,NR-No Report
26-006375,2026-03-14 21:48:39.600,11,SAT,14,21,D,NIGHT,EARLY,FIRE,MUTUAL FIRE ALARM,1,C2C,CAD to CAD Service 1,CAD to CAD Service 1,2026-03-14 21:48:39.600,NULL,2026-03-14 21:48:40.147,1,0,1,2026-03-14 21:48:40.240,0,0,0,NULL,NULL,NULL,NULL,2026-03-14 21:49:29.367,1,-9999,10000,2026-03-14 21:49:29.367,49,49,0,2026-03-14 21:55:02.423,333,333,0,2026-03-14 22:13:15.327,2026-03-14 22:19:07.837,0,NULL,2026-03-14 22:19:08.123,1828,-9999,11827,UNDEFINED
26-019740,2026-03-14 21:54:26.000,11,SAT,14,21,D,NIGHT,EARLY,POLICE,ALARM COMMERCIAL,2,Phone,"WILLIAMS, DARNELL","GRAVES, CHRISTINA",2026-03-14 21:54:24.000,2026-03-14 21:55:04.000,2026-03-14 21:54:47.000,23,21,2,2026-03-14 21:55:43.600,56,56,0,2026-03-14 21:56:07.000,103,101,2,2026-03-14 21:55:45.890,79,79,0,2026-03-14 21:55:45.890,2,2,0,2026-03-14 22:03:52.580,487,486,1,2026-03-14 22:12:54.213,2026-03-14 22:13:08.153,0,NULL,2026-03-14 22:13:08.253,1124,1124,0,NR-No Report
26-019743,2026-03-14 21:55:06.000,11,SAT,14,21,D,NIGHT,EARLY,POLICE,DISORDERLY CONDUCT,2,E-911,"PRIESTLY, SHAVAUGHN","LEWIS, LESLIE",2026-03-14 21:55:06.000,2026-03-14 22:01:44.000,2026-03-14 22:01:35.000,389,389,0,2026-03-14 22:02:31.267,56,56,0,2026-03-14 22:09:00.000,834,834,0,2026-03-14 22:02:44.410,445,445,0,2026-03-14 22:02:44.410,13,13,0,2026-03-14 22:11:15.783,511,511,0,2026-03-14 22:14:53.680,2026-03-14 22:15:07.313,0,NULL,2026-03-14 22:15:07.313,1201,1201,0,NR-No Report
26-019741,2026-03-14 21:57:34.000,11,SAT,14,21,D,NIGHT,EARLY,POLICE,911 HANG UP,2,E-911,"GRAVES, CHRISTINA",NULL,2026-03-14 21:57:34.000,2026-03-14 21:59:45.000,2026-03-14 21:59:11.000,97,97,0,2026-03-14 22:04:11.790,300,300,0,2026-03-14 21:59:22.000,108,108,0,2026-03-14 22:04:17.823,397,397,0,2026-03-14 22:04:17.823,6,6,0,2026-03-14 22:17:38.653,801,800,1,2026-03-14 22:20:07.710,2026-03-14 22:23:15.200,0,NULL,2026-03-14 22:23:15.650,1541,1541,0,NR-No Report
26-019742,2026-03-14 22:01:07.000,11,SAT,14,22,D,NIGHT,MIDS,POLICE,OFF DUTY DETAIL,8,OFFICER,"FELIX, BRUCE",NULL,2026-03-14 22:01:07.000,NULL,2026-03-14 22:01:07.000,0,1,-1,2026-03-14 22:01:07.000,0,0,0,2026-03-14 22:01:07.000,0,NULL,0,2026-03-14 22:01:07.000,0,0,0,2026-03-14 22:01:07.000,0,0,0,2026-03-14 22:01:07.000,0,0,0,2026-03-15 04:42:07.303,2026-03-15 04:42:07.303,0,NULL,2026-03-15 04:42:07.377,24060,24060,0,NR-No Report
26-019744,2026-03-14 22:12:00.000,11,SAT,14,22,D,NIGHT,MIDS,POLICE,DISORDERLY CONDUCT,3,Phone,"GRAVES, CHRISTINA","LEWIS, LESLIE",2026-03-14 22:11:58.000,2026-03-14 22:12:34.000,2026-03-14 22:12:30.000,32,30,2,2026-03-14 22:13:32.150,62,62,0,2026-03-14 22:12:53.000,55,53,2,2026-03-14 22:13:58.883,94,94,0,2026-03-14 22:13:58.883,26,4,22,2026-03-14 22:16:22.643,144,143,1,2026-03-14 22:22:22.140,2026-03-14 22:27:29.703,0,NULL,2026-03-14 22:27:29.987,931,931,0,NR-No Report
26-019745,2026-03-14 22:12:47.000,11,SAT,14,22,D,NIGHT,MIDS,POLICE,ASSIST CITIZEN PROMPT,3,OFFICER,"LEWIS, LESLIE","LEWIS, LESLIE",2026-03-14 22:12:45.000,NULL,2026-03-14 22:13:01.000,16,14,2,2026-03-14 22:13:04.367,3,3,0,2026-03-14 22:13:01.000,16,NULL,16,2026-03-14 22:13:13.540,19,19,0,2026-03-14 22:13:13.540,9,9,0,2026-03-14 22:13:13.540,0,0,0,2026-03-14 22:16:59.923,2026-03-14 22:16:59.923,0,NULL,2026-03-14 22:16:59.977,254,254,0,NR-No Report
26-019746,2026-03-14 22:16:59.000,11,SAT,14,22,D,NIGHT,MIDS,POLICE,VEHICLE ACTIVATION/ONSTAR,2,E-911,"GRAVES, CHRISTINA","LEWIS, LESLIE",2026-03-14 22:16:59.000,2026-03-14 22:18:45.000,2026-03-14 22:18:23.000,84,84,0,2026-03-14 22:18:34.497,11,11,0,2026-03-14 22:18:23.000,84,NULL,84,2026-03-14 22:18:38.753,95,95,0,2026-03-14 22:18:38.753,4,4,0,NULL,NULL,-9999,NULL,2026-03-14 22:23:26.270,2026-03-14 22:23:39.553,0,NULL,2026-03-14 22:23:39.610,400,400,0,NR-No Report
26-019747,2026-03-14 22:18:05.000,11,SAT,14,22,D,NIGHT,MIDS,POLICE,WARRANT SERVICE,2,OFFICER,"LEWIS, LESLIE","LEWIS, LESLIE",2026-03-14 22:18:05.000,2026-03-14 22:19:10.670,2026-03-14 22:18:46.000,41,41,0,2026-03-14 22:19:10.183,24,24,0,2026-03-14 22:21:40.000,215,215,0,2026-03-14 22:19:14.927,65,65,0,2026-03-14 22:19:14.927,4,4,0,2026-03-14 22:19:15.843,1,0,1,2026-03-14 22:33:29.293,2026-03-14 22:34:29.603,0,NULL,2026-03-14 22:34:29.720,984,984,0,NR-No Report
26-019749,2026-03-14 22:28:21.000,11,SAT,14,22,D,NIGHT,MIDS,POLICE,DISORDERLY CONDUCT,2,E-911,"GRAVES, CHRISTINA","LEWIS, LESLIE",2026-03-14 22:28:21.000,2026-03-14 22:29:11.000,2026-03-14 22:29:05.000,44,44,0,2026-03-14 22:29:17.727,12,12,0,2026-03-14 22:30:55.000,154,154,0,2026-03-14 22:29:20.350,56,56,0,2026-03-14 22:29:20.350,3,2,1,2026-03-14 22:33:17.303,237,236,1,2026-03-14 22:44:44.410,2026-03-14 22:45:28.930,0,NULL,2026-03-14 22:45:29.257,1027,1027,0,NR-No Report
26-006376,2026-03-14 22:30:12.317,11,SAT,14,22,D,NIGHT,MIDS,EMS,MUTUAL BLS,1,C2C,CAD to CAD Service 1,CAD to CAD Service 1,2026-03-14 22:29:37.000,NULL,2026-03-14 22:30:13.207,36,0,36,2026-03-14 22:30:13.270,0,0,0,NULL,NULL,NULL,NULL,2026-03-14 22:30:38.013,36,-9999,10035,2026-03-14 22:30:38.013,25,18,7,2026-03-14 22:37:28.767,410,410,0,2026-03-14 22:46:26.693,2026-03-14 22:55:06.430,0,NULL,2026-03-14 22:55:06.900,1529,1529,0,UNDEFINED
26-019750,2026-03-14 22:30:38.000,11,SAT,14,22,D,NIGHT,MIDS,POLICE,DIP - DRUNK/INTOX PERSON,2,Phone,"PRIESTLY, SHAVAUGHN","LEWIS, LESLIE",2026-03-14 22:30:36.000,2026-03-14 22:32:05.000,2026-03-14 22:31:47.000,71,69,2,2026-03-14 22:32:10.703,23,23,0,2026-03-14 22:35:16.000,280,278,2,2026-03-14 22:32:14.070,94,94,0,2026-03-14 22:32:14.070,4,3,1,2026-03-14 22:32:49.737,35,35,0,2026-03-14 23:46:25.870,2026-03-15 02:05:09.710,0,NULL,2026-03-15 02:05:09.923,12873,12873,0,RE-Report
26-019751,2026-03-14 22:34:59.000,11,SAT,14,22,D,NIGHT,MIDS,POLICE,WARRANT SERVICE,2,OFFICER,"LEWIS, LESLIE",NULL,2026-03-14 22:34:57.000,NULL,2026-03-14 22:36:25.000,88,86,2,2026-03-14 22:36:36.150,11,11,0,2026-03-14 22:36:25.000,88,NULL,88,2026-03-14 22:36:36.150,99,99,0,2026-03-14 22:36:36.150,0,-9999,9999,2026-03-14 22:37:06.297,30,30,0,2026-03-14 22:42:59.770,2026-03-14 22:44:56.470,0,NULL,2026-03-14 22:44:56.533,599,599,0,NR-No Report
26-019752,2026-03-14 22:37:37.000,11,SAT,14,22,D,NIGHT,MIDS,POLICE,SUBJECT STOP,2,OFFICER,"LEWIS, LESLIE","LEWIS, LESLIE",2026-03-14 22:37:37.000,2026-03-14 22:39:12.000,2026-03-14 22:37:37.000,0,0,0,2026-03-14 22:37:37.000,0,0,0,2026-03-14 22:37:37.000,0,0,0,2026-03-14 22:37:49.980,0,0,0,2026-03-14 22:37:37.000,0,0,0,2026-03-14 22:37:37.000,0,0,0,2026-03-14 22:45:21.683,2026-03-14 22:48:09.507,0,NULL,2026-03-14 22:48:09.900,632,632,0,NR-No Report
26-019753,2026-03-14 22:45:07.000,11,SAT,14,22,D,NIGHT,MIDS,POLICE,POLICE INFORMATION,4,OFFICER,"LEWIS, LESLIE",NULL,2026-03-14 22:45:07.000,2026-03-14 22:45:13.000,2026-03-14 22:45:07.000,0,0,0,2026-03-14 22:45:07.000,0,0,0,2026-03-14 22:45:07.000,0,0,0,2026-03-14 22:45:31.683,0,0,0,2026-03-14 22:45:07.000,0,0,0,2026-03-14 22:45:07.000,0,0,0,2026-03-14 23:20:22.577,2026-03-14 23:56:14.033,0,NULL,2026-03-14 23:56:14.080,4267,4267,0,NR-No Report
26-019754,2026-03-14 22:47:07.000,11,SAT,14,22,D,NIGHT,MIDS,POLICE,SUBJECT STOP,2,OFFICER,"LEWIS, LESLIE","LEWIS, LESLIE",2026-03-14 22:47:07.000,2026-03-14 22:47:16.727,2026-03-14 22:47:07.000,0,0,0,2026-03-14 22:47:07.000,0,0,0,2026-03-14 22:47:07.000,0,0,0,2026-03-14 22:47:18.377,0,0,0,2026-03-14 22:47:07.000,0,0,0,2026-03-14 22:47:07.000,0,0,0,2026-03-14 23:04:26.603,2026-03-14 23:04:52.740,0,NULL,2026-03-14 23:04:54.023,1065,1065,0,NR-No Report
26-019755,2026-03-14 22:59:02.000,11,SAT,14,22,D,NIGHT,MIDS,POLICE,DOMESTIC VIOL NO INJ,2,E-911,"PRIESTLY, SHAVAUGHN","LEWIS, LESLIE",2026-03-14 22:59:02.000,2026-03-14 23:00:05.000,2026-03-14 22:59:56.000,54,54,0,2026-03-14 23:00:35.110,39,39,0,2026-03-14 23:12:44.000,822,822,0,2026-03-14 23:00:38.730,93,93,0,2026-03-14 23:00:38.730,3,3,0,2026-03-14 23:04:21.143,223,222,1,2026-03-15 00:12:03.020,2026-03-15 05:34:06.563,0,NULL,2026-03-15 05:34:06.607,23704,23704,0,RE-Report
26-019756,2026-03-14 23:01:47.000,11,SAT,14,23,D,NIGHT,MIDS,POLICE,TROUBLE UNKNOWN NO EMS,2,E-911,"WILLIAMS, DARNELL","LEWIS, LESLIE",2026-03-14 23:01:46.000,2026-03-14 23:05:23.000,2026-03-14 23:03:03.000,77,76,1,2026-03-14 23:05:44.957,161,161,0,2026-03-14 23:04:35.000,169,168,1,2026-03-14 23:05:48.617,238,238,0,2026-03-14 23:05:48.617,4,3,1,2026-03-14 23:11:32.853,344,344,0,2026-03-14 23:22:20.163,2026-03-14 23:22:38.310,0,NULL,2026-03-14 23:22:38.457,1252,1252,0,NR-No Report
26-006377,2026-03-14 23:07:07.573,11,SAT,14,23,D,NIGHT,MIDS,EMS,MUTUAL ALS,1,C2C,CAD to CAD Service 1,CAD to CAD Service 1,2026-03-14 23:06:09.000,NULL,2026-03-14 23:07:08.180,59,0,59,2026-03-14 23:07:08.243,0,0,0,NULL,NULL,NULL,NULL,2026-03-14 23:08:29.190,59,76,-17,2026-03-14 23:08:29.190,81,80,1,2026-03-14 23:11:47.167,198,197,1,2026-03-14 23:15:59.637,2026-03-14 23:21:22.310,0,NULL,2026-03-14 23:21:22.347,913,913,0,UNDEFINED
26-019757,2026-03-14 23:08:19.000,11,SAT,14,23,D,NIGHT,MIDS,POLICE,DWI - DRUNK/INTOX DRIVER,2,OFFICER,"LEWIS, LESLIE",NULL,2026-03-14 23:08:19.000,2026-03-14 23:08:51.807,2026-03-14 23:08:19.000,0,0,0,2026-03-14 23:08:19.000,0,0,0,2026-03-14 23:08:19.000,0,0,0,2026-03-14 23:09:11.350,0,0,0,2026-03-14 23:08:19.000,0,0,0,2026-03-14 23:08:19.000,0,0,0,2026-03-14 23:27:04.763,2026-03-15 02:21:47.203,0,NULL,2026-03-15 02:21:47.273,11608,11608,0,RE-Report
26-019758,2026-03-14 23:09:39.000,11,SAT,14,23,D,NIGHT,MIDS,POLICE,OCCUPIED VEHICLE CHECK,2,OFFICER,"LEWIS, LESLIE","LEWIS, LESLIE",2026-03-14 23:09:39.000,2026-03-14 23:24:36.000,2026-03-14 23:10:00.000,21,21,0,2026-03-14 23:10:08.283,8,8,0,2026-03-14 23:13:38.000,239,239,0,2026-03-14 23:11:11.003,29,29,0,2026-03-14 23:11:11.003,63,2,61,2026-03-14 23:11:25.747,14,14,0,2026-03-14 23:23:23.977,2026-03-14 23:24:47.947,0,NULL,2026-03-14 23:24:47.977,908,908,0,NR-No Report
26-019759,2026-03-14 23:10:55.000,11,SAT,14,23,D,NIGHT,MIDS,POLICE,SUBJECT STOP,2,OFFICER,"LEWIS, LESLIE","LEWIS, LESLIE",2026-03-14 23:10:55.000,2026-03-14 23:11:34.000,2026-03-14 23:10:55.000,0,0,0,2026-03-14 23:10:55.000,0,0,0,2026-03-14 23:10:55.000,0,0,0,2026-03-14 23:11:08.063,0,0,0,2026-03-14 23:10:55.000,0,0,0,2026-03-14 23:10:55.000,0,0,0,2026-03-14 23:12:27.247,2026-03-14 23:12:36.030,0,NULL,2026-03-14 23:12:36.813,101,101,0,NR-No Report
26-019760,2026-03-14 23:15:52.000,11,SAT,14,23,D,NIGHT,MIDS,POLICE,TROUBLE UNKNOWN EMS,2,E-911,"WILLIAMS, DARNELL","LEWIS, LESLIE",2026-03-14 23:15:52.000,2026-03-14 23:16:28.000,2026-03-14 23:16:16.000,24,24,0,2026-03-14 23:16:36.263,20,20,0,2026-03-14 23:23:52.000,480,480,0,2026-03-14 23:16:43.420,44,44,0,2026-03-14 23:16:43.420,7,7,0,2026-03-14 23:20:26.290,223,222,1,2026-03-14 23:33:34.223,2026-03-14 23:45:00.447,0,NULL,2026-03-14 23:45:00.510,1748,1748,0,NR-No Report
26-006378,2026-03-14 23:16:17.000,11,SAT,14,23,D,NIGHT,MIDS,EMS,UNKNOWN MEDICAL ALS 1,1,NOT CAPTURED,"WILLIAMS, DARNELL",Automatic Dispatch,2026-03-14 23:16:17.000,2026-03-14 23:16:51.000,2026-03-14 23:16:17.000,0,NULL,0,2026-03-14 23:16:19.763,2,2,0,2026-03-14 23:16:17.000,0,0,0,2026-03-14 23:18:04.793,2,2,0,2026-03-14 23:18:04.793,105,105,0,2026-03-14 23:21:58.600,234,233,1,2026-03-14 23:26:07.067,2026-03-14 23:26:19.197,0,NULL,2026-03-14 23:26:19.420,602,602,0,UNDEFINED
26-019761,2026-03-14 23:19:56.000,11,SAT,14,23,D,NIGHT,MIDS,POLICE,VEHICLE ACTIVATION/ONSTAR,2,Phone,"PICKERAL, LAUREN","LEWIS, LESLIE",2026-03-14 23:19:55.000,2026-03-14 23:20:23.000,2026-03-14 23:20:16.000,21,20,1,2026-03-14 23:21:22.480,66,66,0,2026-03-14 23:25:36.000,341,340,1,2026-03-14 23:21:26.130,87,87,0,2026-03-14 23:21:26.130,4,3,1,2026-03-14 23:26:50.813,324,324,0,2026-03-14 23:38:07.783,2026-03-14 23:38:07.783,0,NULL,2026-03-14 23:38:08.113,1092,1092,0,NR-No Report
26-019762,2026-03-14 23:20:36.000,11,SAT,14,23,D,NIGHT,MIDS,POLICE,TRAFFIC STOP,2,OFFICER,"GILPIN, CHRISTOPHER G",NULL,2026-03-14 23:20:36.000,NULL,2026-03-14 23:20:36.000,0,1,-1,2026-03-14 23:20:36.000,0,0,0,2026-03-14 23:20:36.000,0,NULL,0,2026-03-14 23:20:36.000,0,0,0,2026-03-14 23:20:36.000,0,0,0,2026-03-14 23:20:36.000,0,0,0,2026-03-14 23:25:48.500,2026-03-14 23:26:52.387,0,NULL,2026-03-14 23:26:52.453,376,376,0,NR-No Report
26-006379,2026-03-14 23:22:29.000,11,SAT,14,23,D,NIGHT,MIDS,EMS,TROUBLE BREATHING ALS 1,1,E-911,"PRIESTLY, SHAVAUGHN",Automatic Dispatch,2026-03-14 23:22:29.000,2026-03-14 23:23:27.000,2026-03-14 23:23:17.000,48,48,0,2026-03-14 23:23:21.283,4,4,0,2026-03-14 23:25:50.000,201,201,0,2026-03-14 23:24:34.663,52,52,0,2026-03-14 23:24:34.663,73,73,0,2026-03-14 23:30:36.647,362,361,1,2026-03-14 23:41:54.460,2026-03-15 01:32:07.910,0,NULL,2026-03-15 01:32:08.050,7778,7778,0,UNDEFINED
26-019763,2026-03-14 23:23:56.000,11,SAT,14,23,D,NIGHT,MIDS,POLICE,TRAFFIC STOP,2,OFFICER,"LEWIS, LESLIE","LEWIS, LESLIE",2026-03-14 23:23:56.000,2026-03-14 23:24:00.000,2026-03-14 23:23:56.000,0,0,0,2026-03-14 23:23:56.000,0,0,0,2026-03-14 23:23:56.000,0,0,0,2026-03-14 23:24:12.723,0,0,0,2026-03-14 23:23:56.000,0,0,0,2026-03-14 23:23:56.000,0,0,0,2026-03-14 23:24:26.447,2026-03-14 23:49:22.287,0,NULL,2026-03-14 23:49:22.350,1526,1526,0,NR-No Report
26-019764,2026-03-14 23:23:57.000,11,SAT,14,23,D,NIGHT,MIDS,POLICE,NOISE COMPLAINT DELAY,4,Phone,"WILLIAMS, DARNELL","PRIESTLY, SHAVAUGHN",2026-03-14 23:23:54.000,2026-03-14 23:24:28.000,2026-03-14 23:24:07.000,13,10,3,2026-03-14 23:40:23.287,976,976,0,2026-03-14 23:24:35.000,41,38,3,2026-03-14 23:40:27.003,989,989,0,2026-03-14 23:40:27.003,4,3,1,NULL,NULL,-9999,NULL,2026-03-14 23:40:47.967,2026-03-14 23:41:17.373,0,NULL,2026-03-14 23:41:17.463,1043,1043,0,NR-No Report
26-019765,2026-03-14 23:27:39.000,11,SAT,14,23,D,NIGHT,MIDS,POLICE,ASSIST OUTSIDE AGENCY,2,OFFICER,"LEWIS, LESLIE","LEWIS, LESLIE",2026-03-14 23:27:39.000,2026-03-14 23:27:59.000,2026-03-14 23:27:39.000,0,0,0,2026-03-14 23:27:39.000,0,0,0,2026-03-14 23:27:39.000,0,0,0,2026-03-14 23:31:19.787,0,0,0,2026-03-14 23:27:39.000,0,0,0,2026-03-14 23:27:39.000,0,0,0,2026-03-14 23:36:03.580,2026-03-14 23:45:16.537,0,NULL,2026-03-14 23:45:16.637,1057,1057,0,NR-No Report
26-006380,2026-03-14 23:28:10.000,11,SAT,14,23,D,NIGHT,MIDS,FIRE,CO ALARM,2,E-911,"GRAVES, CHRISTINA","MACK, BRIANA",2026-03-14 23:28:09.000,2026-03-14 23:29:10.000,2026-03-14 23:28:46.000,37,36,1,2026-03-14 23:28:49.113,3,3,0,2026-03-14 23:43:00.000,891,890,1,2026-03-14 23:30:42.247,40,40,0,2026-03-14 23:30:42.247,113,113,0,2026-03-14 23:34:17.597,215,215,0,2026-03-14 23:53:16.913,2026-03-15 00:25:54.777,0,NULL,2026-03-15 00:25:54.870,3465,3465,0,UNDEFINED
26-006381,2026-03-14 23:49:35.000,11,SAT,14,23,D,NIGHT,MIDS,EMS,BLS EMERGENCY,3,E-911,"GRAVES, CHRISTINA",Automatic Dispatch,2026-03-14 23:49:35.000,2026-03-14 23:52:49.000,2026-03-14 23:51:51.000,136,136,0,2026-03-14 23:51:53.420,2,2,0,2026-03-14 23:55:20.000,345,345,0,2026-03-14 23:53:39.117,138,138,0,2026-03-14 23:53:39.117,106,105,1,2026-03-14 23:57:06.147,207,207,0,2026-03-15 00:42:32.767,2026-03-15 00:55:56.980,0,NULL,2026-03-15 00:55:57.247,3981,3981,0,UNDEFINED
